[INFO] [2024-11-10 07:08:53,471] [DBTune-oltpbench_wikipedia_smac_ground_truth] Start new DBTune task
[INFO] [2024-11-10 07:08:54,098] [BO_Optimizer] === [BO auto selection] === acq_type: ei.
[INFO] [2024-11-10 07:08:54,104] [autotune] max_join_size with value of is larger than max, adjusted
[INFO] [2024-11-10 07:08:54,104] [autotune] [step 1] generate knobs: {'autocommit': 'ON', 'automatic_sp_privileges': 'ON', 'back_log': 900, 'binlog_cache_size': 32768, 'binlog_direct_non_transactional_updates': 'OFF', 'binlog_error_action': 'ABORT_SERVER', 'binlog_format': 'ROW', 'binlog_group_commit_sync_delay': 0, 'binlog_group_commit_sync_no_delay_count': 0, 'binlog_order_commits': 'ON', 'binlog_row_image': 'full', 'binlog_rows_query_log_events': 'OFF', 'binlog_stmt_cache_size': 32768, 'bulk_insert_buffer_size': 8388608, 'check_proxy_users': 'OFF', 'completion_type': 'NO_CHAIN', 'concurrent_insert': 'AUTO', 'connect_timeout': 10, 'default_week_format': 0, 'delay_key_write': 'ON', 'div_precision_increment': 4, 'end_markers_in_json': 'OFF', 'eq_range_index_dive_limit': 200, 'expire_logs_days': 0, 'explicit_defaults_for_timestamp': 'OFF', 'flush': 'OFF', 'flush_time': 0, 'ft_min_word_len': 4, 'ft_query_expansion_limit': 20, 'general_log': 'OFF', 'group_concat_max_len': 1000, 'host_cache_size': 0, 'innodb_adaptive_flushing': 'ON', 'innodb_adaptive_flushing_lwm': 10, 'innodb_adaptive_hash_index_parts': 8, 'innodb_adaptive_max_sleep_delay': 150000, 'innodb_api_bk_commit_interval': 5, 'innodb_api_disable_rowlock': 'OFF', 'innodb_api_enable_binlog': 'OFF', 'innodb_api_enable_mdl': 'OFF', 'innodb_autoextend_increment': 64, 'innodb_buffer_pool_size': 20615843020, 'innodb_change_buffer_max_size': 25, 'innodb_change_buffering': 'all', 'innodb_cmp_per_index_enabled': 'OFF', 'innodb_commit_concurrency': 0, 'innodb_compression_failure_threshold_pct': 5, 'innodb_compression_level': 6, 'innodb_compression_pad_pct_max': 50, 'innodb_concurrency_tickets': 5000, 'innodb_deadlock_detect': 'ON', 'innodb_default_row_format': 'DYNAMIC', 'innodb_disable_sort_file_cache': 'OFF', 'innodb_doublewrite': 'ON', 'innodb_file_per_table': 'ON', 'innodb_fill_factor': 100, 'innodb_flush_log_at_timeout': 1, 'innodb_flush_log_at_trx_commit': '1', 'innodb_flush_neighbors': '1', 'innodb_flush_sync': 'ON', 'innodb_flushing_avg_loops': 30, 'innodb_ft_cache_size': 8000000, 'innodb_ft_enable_diag_print': 'OFF', 'innodb_ft_enable_stopword': 'ON', 'innodb_ft_max_token_size': 84, 'innodb_ft_min_token_size': 3, 'innodb_ft_num_word_optimize': 2000, 'innodb_ft_result_cache_limit': 2000000000, 'innodb_ft_sort_pll_degree': 2, 'innodb_ft_total_cache_size': 640000000, 'innodb_io_capacity': 200, 'innodb_io_capacity_max': 400, 'innodb_log_buffer_size': 16777216, 'innodb_log_compressed_pages': 'ON', 'innodb_log_file_size': 50331648, 'innodb_log_files_in_group': 2, 'innodb_log_write_ahead_size': 8192, 'innodb_lru_scan_depth': 1024, 'innodb_max_dirty_pages_pct': 75, 'innodb_max_dirty_pages_pct_lwm': 0, 'innodb_max_purge_lag': 0, 'innodb_max_purge_lag_delay': 0, 'innodb_max_undo_log_size': 1073741000, 'innodb_old_blocks_time': 1000, 'innodb_online_alter_log_max_size': 134217000, 'innodb_open_files': 2000, 'innodb_optimize_fulltext_only': 'OFF', 'innodb_page_cleaners': 4, 'innodb_print_all_deadlocks': 'OFF', 'innodb_purge_batch_size': 300, 'innodb_purge_rseg_truncate_frequency': 128, 'innodb_purge_threads': 4, 'innodb_random_read_ahead': 'OFF', 'innodb_read_ahead_threshold': 56, 'innodb_read_io_threads': 4, 'innodb_replication_delay': 0, 'innodb_rollback_on_timeout': 'OFF', 'innodb_rollback_segments': 128, 'innodb_sort_buffer_size': 1048576, 'innodb_spin_wait_delay': 6, 'innodb_stats_auto_recalc': 'ON', 'innodb_stats_include_delete_marked': 'OFF', 'innodb_stats_method': 'nulls_equal', 'innodb_stats_on_metadata': 'OFF', 'innodb_stats_persistent': 'ON', 'innodb_stats_transient_sample_pages': 8, 'innodb_strict_mode': 'ON', 'innodb_sync_array_size': 1, 'innodb_sync_spin_loops': 30, 'innodb_table_locks': 'ON', 'innodb_thread_concurrency': 0, 'innodb_thread_sleep_delay': 10000, 'innodb_undo_log_truncate': 'OFF', 'innodb_use_native_aio': 'ON', 'innodb_write_io_threads': 4, 'join_buffer_size': 262144, 'keep_files_on_create': 'OFF', 'key_buffer_size': 8388608, 'key_cache_age_threshold': 300, 'key_cache_block_size': 1024, 'key_cache_division_limit': 100, 'local_infile': 'ON', 'log_bin_trust_function_creators': 'OFF', 'log_bin_use_v1_row_events': 'OFF', 'log_builtin_as_identified_by_password': 'OFF', 'log_output': 'FILE', 'log_queries_not_using_indexes': 'OFF', 'log_slave_updates': 'OFF', 'log_slow_admin_statements': 'OFF', 'log_statements_unsafe_for_binlog': 'ON', 'log_syslog_include_pid': 'ON', 'log_timestamps': 'UTC', 'long_query_time': 10, 'low_priority_updates': 'OFF', 'lower_case_table_names': 0, 'master_verify_checksum': 'OFF', 'max_allowed_packet': 4194304, 'max_binlog_cache_size': 18446744073709500000, 'max_binlog_size': 1073741824, 'max_binlog_stmt_cache_size': 18446744073709500000, 'max_connections': 1000, 'max_delayed_threads': 20, 'max_digest_length': 1024, 'max_error_count': 64, 'max_heap_table_size': 16777216, 'max_join_size': 18446744073709551615, 'max_length_for_sort_data': 1024, 'max_points_in_geometry': 65536, 'max_prepared_stmt_count': 16382, 'max_seeks_for_key': 18446744073709500000, 'max_sort_length': 1024, 'max_user_connections': 0, 'max_write_lock_count': 18446744073709500000, 'multi_range_count': 256, 'mysql_native_password_proxy_users': 'OFF', 'net_buffer_length': 16384, 'net_read_timeout': 30, 'net_write_timeout': 60, 'ngram_token_size': 2, 'offline_mode': 'OFF', 'old_alter_table': 'OFF', 'old_passwords': '0', 'open_files_limit': 50000, 'optimizer_prune_level': 1, 'optimizer_search_depth': 62, 'preload_buffer_size': 32768, 'query_alloc_block_size': 8192, 'query_cache_limit': 1048576, 'query_cache_min_res_unit': 4096, 'query_cache_size': 1048576, 'query_cache_wlock_invalidate': 'OFF', 'query_prealloc_size': 8192, 'range_alloc_block_size': 4096, 'read_buffer_size': 131072, 'read_rnd_buffer_size': 262144, 'require_secure_transport': 'OFF', 'session_track_gtids': 'OFF', 'session_track_schema': 'ON', 'session_track_state_change': 'OFF', 'session_track_transaction_info': 'OFF', 'show_compatibility_56': 'OFF', 'skip_external_locking': 'ON', 'skip_name_resolve': 'OFF', 'skip_networking': 'OFF', 'slow_query_log': 'OFF', 'sort_buffer_size': 262144, 'stored_program_cache': 256, 'sync_binlog': 1, 'sync_frm': 'ON', 'table_definition_cache': 1400, 'table_open_cache': 2000, 'table_open_cache_instances': 16, 'thread_cache_size': 0, 'tmp_table_size': 16777216, 'transaction_alloc_block_size': 8192, 'transaction_prealloc_size': 4096, 'updatable_views_with_limit': 'YES'}

[INFO] [2024-11-10 07:09:54,199] [autotune] Force close!
[INFO] [2024-11-10 07:09:54,287] [autotune] mysql is shut down
[INFO] [2024-11-10 07:09:54,291] [autotune] generated config file done
[INFO] [2024-11-10 07:09:54,324] [autotune] wait for connection
[INFO] [2024-11-10 07:10:25,386] [autotune] 2002: Can't connect to local MySQL server through socket '/var/run/mysqld/mysqld.sock' (2 No such file or directory)
[INFO] [2024-11-10 07:10:26,389] [autotune] 2002: Can't connect to local MySQL server through socket '/var/run/mysqld/mysqld.sock' (2 No such file or directory)
[INFO] [2024-11-10 07:10:27,391] [autotune] 2002: Can't connect to local MySQL server through socket '/var/run/mysqld/mysqld.sock' (2 No such file or directory)
[INFO] [2024-11-10 07:10:28,394] [autotune] 2002: Can't connect to local MySQL server through socket '/var/run/mysqld/mysqld.sock' (2 No such file or directory)
[INFO] [2024-11-10 07:10:29,396] [autotune] 2002: Can't connect to local MySQL server through socket '/var/run/mysqld/mysqld.sock' (2 No such file or directory)
[INFO] [2024-11-10 07:10:30,399] [autotune] 2002: Can't connect to local MySQL server through socket '/var/run/mysqld/mysqld.sock' (2 No such file or directory)
[INFO] [2024-11-10 07:10:31,401] [autotune] 2002: Can't connect to local MySQL server through socket '/var/run/mysqld/mysqld.sock' (2 No such file or directory)
[INFO] [2024-11-10 07:10:32,403] [autotune] 2002: Can't connect to local MySQL server through socket '/var/run/mysqld/mysqld.sock' (2 No such file or directory)
[INFO] [2024-11-10 07:10:33,406] [autotune] 2002: Can't connect to local MySQL server through socket '/var/run/mysqld/mysqld.sock' (2 No such file or directory)
[INFO] [2024-11-10 07:10:34,408] [autotune] 2002: Can't connect to local MySQL server through socket '/var/run/mysqld/mysqld.sock' (2 No such file or directory)
[INFO] [2024-11-10 07:10:35,411] [autotune] 2002: Can't connect to local MySQL server through socket '/var/run/mysqld/mysqld.sock' (2 No such file or directory)
[INFO] [2024-11-10 07:10:36,413] [autotune] 2002: Can't connect to local MySQL server through socket '/var/run/mysqld/mysqld.sock' (2 No such file or directory)
[INFO] [2024-11-10 07:10:37,415] [autotune] 2002: Can't connect to local MySQL server through socket '/var/run/mysqld/mysqld.sock' (2 No such file or directory)
[INFO] [2024-11-10 07:10:38,417] [autotune] 2002: Can't connect to local MySQL server through socket '/var/run/mysqld/mysqld.sock' (2 No such file or directory)
[INFO] [2024-11-10 07:10:39,420] [autotune] 2002: Can't connect to local MySQL server through socket '/var/run/mysqld/mysqld.sock' (2 No such file or directory)
[INFO] [2024-11-10 07:10:40,422] [autotune] 2002: Can't connect to local MySQL server through socket '/var/run/mysqld/mysqld.sock' (2 No such file or directory)
[INFO] [2024-11-10 07:10:41,424] [autotune] 2002: Can't connect to local MySQL server through socket '/var/run/mysqld/mysqld.sock' (2 No such file or directory)
[INFO] [2024-11-10 07:10:42,427] [autotune] 2002: Can't connect to local MySQL server through socket '/var/run/mysqld/mysqld.sock' (2 No such file or directory)
[INFO] [2024-11-10 07:10:43,429] [autotune] 2002: Can't connect to local MySQL server through socket '/var/run/mysqld/mysqld.sock' (2 No such file or directory)
[INFO] [2024-11-10 07:10:44,432] [autotune] 2002: Can't connect to local MySQL server through socket '/var/run/mysqld/mysqld.sock' (2 No such file or directory)
[INFO] [2024-11-10 07:10:45,434] [autotune] 2002: Can't connect to local MySQL server through socket '/var/run/mysqld/mysqld.sock' (2 No such file or directory)
[INFO] [2024-11-10 07:10:46,436] [autotune] 2002: Can't connect to local MySQL server through socket '/var/run/mysqld/mysqld.sock' (2 No such file or directory)
[INFO] [2024-11-10 07:10:47,438] [autotune] 2002: Can't connect to local MySQL server through socket '/var/run/mysqld/mysqld.sock' (2 No such file or directory)
[INFO] [2024-11-10 07:10:48,441] [autotune] 2002: Can't connect to local MySQL server through socket '/var/run/mysqld/mysqld.sock' (2 No such file or directory)
[INFO] [2024-11-10 07:10:49,443] [autotune] 2002: Can't connect to local MySQL server through socket '/var/run/mysqld/mysqld.sock' (2 No such file or directory)
[INFO] [2024-11-10 07:10:50,445] [autotune] 2002: Can't connect to local MySQL server through socket '/var/run/mysqld/mysqld.sock' (2 No such file or directory)
[INFO] [2024-11-10 07:10:51,447] [autotune] 2002: Can't connect to local MySQL server through socket '/var/run/mysqld/mysqld.sock' (2 No such file or directory)
[INFO] [2024-11-10 07:10:52,450] [autotune] 2002: Can't connect to local MySQL server through socket '/var/run/mysqld/mysqld.sock' (2 No such file or directory)
[INFO] [2024-11-10 07:10:53,452] [autotune] 2002: Can't connect to local MySQL server through socket '/var/run/mysqld/mysqld.sock' (2 No such file or directory)
[INFO] [2024-11-10 07:10:54,454] [autotune] 2002: Can't connect to local MySQL server through socket '/var/run/mysqld/mysqld.sock' (2 No such file or directory)
[INFO] [2024-11-10 07:10:55,457] [autotune] 2002: Can't connect to local MySQL server through socket '/var/run/mysqld/mysqld.sock' (2 No such file or directory)
[INFO] [2024-11-10 07:10:56,459] [autotune] 2002: Can't connect to local MySQL server through socket '/var/run/mysqld/mysqld.sock' (2 No such file or directory)
[INFO] [2024-11-10 07:10:57,462] [autotune] 2002: Can't connect to local MySQL server through socket '/var/run/mysqld/mysqld.sock' (2 No such file or directory)
[INFO] [2024-11-10 07:10:58,464] [autotune] 2002: Can't connect to local MySQL server through socket '/var/run/mysqld/mysqld.sock' (2 No such file or directory)
[INFO] [2024-11-10 07:10:59,467] [autotune] 2002: Can't connect to local MySQL server through socket '/var/run/mysqld/mysqld.sock' (2 No such file or directory)
[INFO] [2024-11-10 07:11:00,469] [autotune] 2002: Can't connect to local MySQL server through socket '/var/run/mysqld/mysqld.sock' (2 No such file or directory)
[INFO] [2024-11-10 07:11:01,471] [autotune] 2002: Can't connect to local MySQL server through socket '/var/run/mysqld/mysqld.sock' (2 No such file or directory)
[INFO] [2024-11-10 07:11:02,473] [autotune] 2002: Can't connect to local MySQL server through socket '/var/run/mysqld/mysqld.sock' (2 No such file or directory)
[INFO] [2024-11-10 07:11:03,476] [autotune] 2002: Can't connect to local MySQL server through socket '/var/run/mysqld/mysqld.sock' (2 No such file or directory)
[INFO] [2024-11-10 07:11:04,479] [autotune] 2002: Can't connect to local MySQL server through socket '/var/run/mysqld/mysqld.sock' (2 No such file or directory)
[INFO] [2024-11-10 07:11:05,481] [autotune] 2002: Can't connect to local MySQL server through socket '/var/run/mysqld/mysqld.sock' (2 No such file or directory)
[INFO] [2024-11-10 07:11:06,484] [autotune] 2002: Can't connect to local MySQL server through socket '/var/run/mysqld/mysqld.sock' (2 No such file or directory)
[INFO] [2024-11-10 07:11:07,486] [autotune] 2002: Can't connect to local MySQL server through socket '/var/run/mysqld/mysqld.sock' (2 No such file or directory)
[INFO] [2024-11-10 07:11:08,488] [autotune] 2002: Can't connect to local MySQL server through socket '/var/run/mysqld/mysqld.sock' (2 No such file or directory)
[INFO] [2024-11-10 07:11:09,491] [autotune] 2002: Can't connect to local MySQL server through socket '/var/run/mysqld/mysqld.sock' (2 No such file or directory)
[INFO] [2024-11-10 07:11:10,493] [autotune] 2002: Can't connect to local MySQL server through socket '/var/run/mysqld/mysqld.sock' (2 No such file or directory)
[INFO] [2024-11-10 07:11:11,495] [autotune] 2002: Can't connect to local MySQL server through socket '/var/run/mysqld/mysqld.sock' (2 No such file or directory)
[INFO] [2024-11-10 07:11:12,497] [autotune] 2002: Can't connect to local MySQL server through socket '/var/run/mysqld/mysqld.sock' (2 No such file or directory)
[INFO] [2024-11-10 07:11:13,499] [autotune] 2002: Can't connect to local MySQL server through socket '/var/run/mysqld/mysqld.sock' (2 No such file or directory)
[INFO] [2024-11-10 07:11:14,502] [autotune] 2002: Can't connect to local MySQL server through socket '/var/run/mysqld/mysqld.sock' (2 No such file or directory)
[INFO] [2024-11-10 07:11:15,504] [autotune] 2002: Can't connect to local MySQL server through socket '/var/run/mysqld/mysqld.sock' (2 No such file or directory)
[INFO] [2024-11-10 07:11:16,506] [autotune] 2002: Can't connect to local MySQL server through socket '/var/run/mysqld/mysqld.sock' (2 No such file or directory)
[INFO] [2024-11-10 07:11:17,508] [autotune] 2002: Can't connect to local MySQL server through socket '/var/run/mysqld/mysqld.sock' (2 No such file or directory)
[INFO] [2024-11-10 07:11:18,511] [autotune] 2002: Can't connect to local MySQL server through socket '/var/run/mysqld/mysqld.sock' (2 No such file or directory)
[INFO] [2024-11-10 07:11:19,513] [autotune] 2002: Can't connect to local MySQL server through socket '/var/run/mysqld/mysqld.sock' (2 No such file or directory)
[INFO] [2024-11-10 07:11:20,515] [autotune] 2002: Can't connect to local MySQL server through socket '/var/run/mysqld/mysqld.sock' (2 No such file or directory)
[INFO] [2024-11-10 07:11:21,518] [autotune] 2002: Can't connect to local MySQL server through socket '/var/run/mysqld/mysqld.sock' (2 No such file or directory)
[INFO] [2024-11-10 07:11:22,520] [autotune] 2002: Can't connect to local MySQL server through socket '/var/run/mysqld/mysqld.sock' (2 No such file or directory)
[INFO] [2024-11-10 07:11:23,523] [autotune] 2002: Can't connect to local MySQL server through socket '/var/run/mysqld/mysqld.sock' (2 No such file or directory)
[INFO] [2024-11-10 07:11:24,525] [autotune] 2002: Can't connect to local MySQL server through socket '/var/run/mysqld/mysqld.sock' (2 No such file or directory)
[INFO] [2024-11-10 07:11:25,528] [autotune] 2002: Can't connect to local MySQL server through socket '/var/run/mysqld/mysqld.sock' (2 No such file or directory)
[INFO] [2024-11-10 07:11:26,530] [autotune] 2002: Can't connect to local MySQL server through socket '/var/run/mysqld/mysqld.sock' (2 No such file or directory)
[INFO] [2024-11-10 07:11:27,532] [autotune] 2002: Can't connect to local MySQL server through socket '/var/run/mysqld/mysqld.sock' (2 No such file or directory)
[INFO] [2024-11-10 07:11:28,535] [autotune] 2002: Can't connect to local MySQL server through socket '/var/run/mysqld/mysqld.sock' (2 No such file or directory)
[INFO] [2024-11-10 07:11:29,537] [autotune] 2002: Can't connect to local MySQL server through socket '/var/run/mysqld/mysqld.sock' (2 No such file or directory)
[INFO] [2024-11-10 07:11:30,539] [autotune] 2002: Can't connect to local MySQL server through socket '/var/run/mysqld/mysqld.sock' (2 No such file or directory)
[INFO] [2024-11-10 07:11:31,542] [autotune] 2002: Can't connect to local MySQL server through socket '/var/run/mysqld/mysqld.sock' (2 No such file or directory)
[INFO] [2024-11-10 07:11:32,544] [autotune] 2002: Can't connect to local MySQL server through socket '/var/run/mysqld/mysqld.sock' (2 No such file or directory)
[INFO] [2024-11-10 07:11:33,547] [autotune] 2002: Can't connect to local MySQL server through socket '/var/run/mysqld/mysqld.sock' (2 No such file or directory)
[INFO] [2024-11-10 07:11:34,549] [autotune] 2002: Can't connect to local MySQL server through socket '/var/run/mysqld/mysqld.sock' (2 No such file or directory)
[INFO] [2024-11-10 07:11:35,551] [autotune] 2002: Can't connect to local MySQL server through socket '/var/run/mysqld/mysqld.sock' (2 No such file or directory)
[INFO] [2024-11-10 07:11:36,554] [autotune] 2002: Can't connect to local MySQL server through socket '/var/run/mysqld/mysqld.sock' (2 No such file or directory)
[INFO] [2024-11-10 07:11:37,556] [autotune] 2002: Can't connect to local MySQL server through socket '/var/run/mysqld/mysqld.sock' (2 No such file or directory)
[INFO] [2024-11-10 07:11:38,559] [autotune] 2002: Can't connect to local MySQL server through socket '/var/run/mysqld/mysqld.sock' (2 No such file or directory)
[INFO] [2024-11-10 07:11:39,561] [autotune] 2002: Can't connect to local MySQL server through socket '/var/run/mysqld/mysqld.sock' (2 No such file or directory)
[INFO] [2024-11-10 07:11:40,563] [autotune] 2002: Can't connect to local MySQL server through socket '/var/run/mysqld/mysqld.sock' (2 No such file or directory)
[INFO] [2024-11-10 07:11:41,566] [autotune] 2002: Can't connect to local MySQL server through socket '/var/run/mysqld/mysqld.sock' (2 No such file or directory)
[INFO] [2024-11-10 07:11:42,568] [autotune] 2002: Can't connect to local MySQL server through socket '/var/run/mysqld/mysqld.sock' (2 No such file or directory)
[INFO] [2024-11-10 07:11:43,571] [autotune] 2002: Can't connect to local MySQL server through socket '/var/run/mysqld/mysqld.sock' (2 No such file or directory)
[INFO] [2024-11-10 07:11:44,573] [autotune] 2002: Can't connect to local MySQL server through socket '/var/run/mysqld/mysqld.sock' (2 No such file or directory)
[INFO] [2024-11-10 07:11:45,576] [autotune] 2002: Can't connect to local MySQL server through socket '/var/run/mysqld/mysqld.sock' (2 No such file or directory)
[INFO] [2024-11-10 07:11:46,578] [autotune] 2002: Can't connect to local MySQL server through socket '/var/run/mysqld/mysqld.sock' (2 No such file or directory)
[INFO] [2024-11-10 07:11:47,581] [autotune] 2002: Can't connect to local MySQL server through socket '/var/run/mysqld/mysqld.sock' (2 No such file or directory)
[INFO] [2024-11-10 07:11:48,583] [autotune] 2002: Can't connect to local MySQL server through socket '/var/run/mysqld/mysqld.sock' (2 No such file or directory)
[INFO] [2024-11-10 07:11:49,586] [autotune] 2002: Can't connect to local MySQL server through socket '/var/run/mysqld/mysqld.sock' (2 No such file or directory)
[INFO] [2024-11-10 07:11:50,588] [autotune] 2002: Can't connect to local MySQL server through socket '/var/run/mysqld/mysqld.sock' (2 No such file or directory)
[INFO] [2024-11-10 07:11:51,591] [autotune] 2002: Can't connect to local MySQL server through socket '/var/run/mysqld/mysqld.sock' (2 No such file or directory)
[INFO] [2024-11-10 07:11:52,593] [autotune] 2002: Can't connect to local MySQL server through socket '/var/run/mysqld/mysqld.sock' (2 No such file or directory)
[INFO] [2024-11-10 07:11:53,595] [autotune] 2002: Can't connect to local MySQL server through socket '/var/run/mysqld/mysqld.sock' (2 No such file or directory)
[INFO] [2024-11-10 07:11:54,597] [autotune] 2002: Can't connect to local MySQL server through socket '/var/run/mysqld/mysqld.sock' (2 No such file or directory)
[INFO] [2024-11-10 07:11:55,600] [autotune] 2002: Can't connect to local MySQL server through socket '/var/run/mysqld/mysqld.sock' (2 No such file or directory)
[INFO] [2024-11-10 07:11:56,602] [autotune] 2002: Can't connect to local MySQL server through socket '/var/run/mysqld/mysqld.sock' (2 No such file or directory)
[INFO] [2024-11-10 07:11:57,605] [autotune] 2002: Can't connect to local MySQL server through socket '/var/run/mysqld/mysqld.sock' (2 No such file or directory)
[INFO] [2024-11-10 07:11:58,607] [autotune] 2002: Can't connect to local MySQL server through socket '/var/run/mysqld/mysqld.sock' (2 No such file or directory)
[INFO] [2024-11-10 07:11:59,610] [autotune] 2002: Can't connect to local MySQL server through socket '/var/run/mysqld/mysqld.sock' (2 No such file or directory)
[INFO] [2024-11-10 07:12:00,612] [autotune] 2002: Can't connect to local MySQL server through socket '/var/run/mysqld/mysqld.sock' (2 No such file or directory)
[INFO] [2024-11-10 07:12:01,615] [autotune] 2002: Can't connect to local MySQL server through socket '/var/run/mysqld/mysqld.sock' (2 No such file or directory)
[INFO] [2024-11-10 07:12:02,617] [autotune] 2002: Can't connect to local MySQL server through socket '/var/run/mysqld/mysqld.sock' (2 No such file or directory)
[INFO] [2024-11-10 07:12:03,619] [autotune] 2002: Can't connect to local MySQL server through socket '/var/run/mysqld/mysqld.sock' (2 No such file or directory)
[INFO] [2024-11-10 07:12:04,622] [autotune] 2002: Can't connect to local MySQL server through socket '/var/run/mysqld/mysqld.sock' (2 No such file or directory)
[INFO] [2024-11-10 07:12:05,624] [autotune] 2002: Can't connect to local MySQL server through socket '/var/run/mysqld/mysqld.sock' (2 No such file or directory)
[INFO] [2024-11-10 07:12:06,627] [autotune] 2002: Can't connect to local MySQL server through socket '/var/run/mysqld/mysqld.sock' (2 No such file or directory)
[INFO] [2024-11-10 07:12:07,629] [autotune] 2002: Can't connect to local MySQL server through socket '/var/run/mysqld/mysqld.sock' (2 No such file or directory)
[INFO] [2024-11-10 07:12:08,631] [autotune] 2002: Can't connect to local MySQL server through socket '/var/run/mysqld/mysqld.sock' (2 No such file or directory)
[INFO] [2024-11-10 07:12:09,633] [autotune] 2002: Can't connect to local MySQL server through socket '/var/run/mysqld/mysqld.sock' (2 No such file or directory)
[INFO] [2024-11-10 07:12:10,636] [autotune] 2002: Can't connect to local MySQL server through socket '/var/run/mysqld/mysqld.sock' (2 No such file or directory)
[INFO] [2024-11-10 07:12:11,638] [autotune] 2002: Can't connect to local MySQL server through socket '/var/run/mysqld/mysqld.sock' (2 No such file or directory)
[INFO] [2024-11-10 07:12:12,645] [autotune] Connected to MySQL db
[INFO] [2024-11-10 07:12:12,645] [autotune] finish 138 seconds waiting for connection
[INFO] [2024-11-10 07:12:12,645] [autotune] /usr/sbin/mysqld --defaults-file=scripts/template/experiment_normandy.cnf
[INFO] [2024-11-10 07:12:12,646] [autotune] mysql is up
[INFO] [2024-11-10 07:12:12,646] [autotune] sleeping for 5 seconds after restarting mysql
[INFO] [2024-11-10 07:12:18,002] [autotune] [DBG]. bash /usr/local/lib/python3.8/dist-packages/autotune/cli/run_oltpbench.sh wikipedia /oltpbench/config/sample_wikipedia_config.xml 1731222738
[INFO] [2024-11-10 07:15:47,293] [autotune] internal metrics: [4451822.171428571, 81824.8, 26625872.457142856, 46119526.4, 1498.942857142857, 1625.1142857142856, 716.2857142857143, 831551195.4285715, 80744565.02857143, 50753.857142857145, 4928.257142857143, 1254533.2285714287, 5392.914285714286, 1310680.0, 0.0, 0.0, 13705640.2, 1408.2571428571428, 21474836480.0, 0.0, 33470.25714285715, 0.0, 1903.0857142857142, 1100.7142857142858, 29.0, 216.85714285714286, 0.0, 0.0, 0.0, 0.0, 0.0, 218.82857142857142, 0.0, 580.2571428571429, 716.9428571428572, 93.97142857142858, 16384.0, 490.8857142857143, 1322.1714285714286, 0.0, 199.77142857142857, 7745.742857142857, 317.4, 221.45714285714286, 7808.828571428571, 0.0, 6.542857142857143, 7.228571428571429, 8354686.257142857, 3123.657142857143, 31708.285714285714, 1438.4857142857143, 0.0, 522181.4857142857, 0.0, 44669.94285714286, 187.94285714285715, 538.2, 1625.1142857142856, 1033.0285714285715, 22633472.0, 195.82857142857142, 0.0, 0.0, 215.17142857142858].
[INFO] [2024-11-10 07:15:47,315] [DBTune-oltpbench_wikipedia_smac_ground_truth] Iteration 1, objective value: [-72.99974105694074].
[INFO] [2024-11-10 07:15:47,319] [autotune] [step 2] generate knobs: {'autocommit': 'ON', 'automatic_sp_privileges': 'OFF', 'back_log': 42062, 'binlog_cache_size': 1313146613, 'binlog_direct_non_transactional_updates': 'OFF', 'binlog_error_action': 'IGNORE_ERROR', 'binlog_format': 'MIXED', 'binlog_group_commit_sync_delay': 689483, 'binlog_group_commit_sync_no_delay_count': 63920, 'binlog_order_commits': 'OFF', 'binlog_row_image': 'full', 'binlog_rows_query_log_events': 'ON', 'binlog_stmt_cache_size': 1372490188, 'bulk_insert_buffer_size': 81444787, 'check_proxy_users': 'ON', 'completion_type': 'NO_CHAIN', 'concurrent_insert': 'AUTO', 'connect_timeout': 31464920, 'default_week_format': 4, 'delay_key_write': 'OFF', 'div_precision_increment': 13, 'end_markers_in_json': 'ON', 'eq_range_index_dive_limit': 730438578, 'expire_logs_days': 11, 'explicit_defaults_for_timestamp': 'ON', 'flush': 'OFF', 'flush_time': 9, 'ft_min_word_len': 7, 'ft_query_expansion_limit': 492, 'general_log': 'ON', 'group_concat_max_len': 4877581640896879000, 'host_cache_size': 40320, 'innodb_adaptive_flushing': 'ON', 'innodb_adaptive_flushing_lwm': 39, 'innodb_adaptive_hash_index_parts': 312, 'innodb_adaptive_max_sleep_delay': 176606, 'innodb_api_bk_commit_interval': 1000810781, 'innodb_api_disable_rowlock': 'ON', 'innodb_api_enable_binlog': 'OFF', 'innodb_api_enable_mdl': 'ON', 'innodb_autoextend_increment': 571, 'innodb_buffer_pool_size': 31920272728, 'innodb_change_buffer_max_size': 28, 'innodb_change_buffering': 'none', 'innodb_cmp_per_index_enabled': 'OFF', 'innodb_commit_concurrency': 921, 'innodb_compression_failure_threshold_pct': 50, 'innodb_compression_level': 5, 'innodb_compression_pad_pct_max': 29, 'innodb_concurrency_tickets': 2601403911, 'innodb_deadlock_detect': 'OFF', 'innodb_default_row_format': 'REDUNDANT', 'innodb_disable_sort_file_cache': 'OFF', 'innodb_doublewrite': 'OFF', 'innodb_file_per_table': 'ON', 'innodb_fill_factor': 81, 'innodb_flush_log_at_timeout': 689, 'innodb_flush_log_at_trx_commit': '2', 'innodb_flush_neighbors': '2', 'innodb_flush_sync': 'OFF', 'innodb_flushing_avg_loops': 441, 'innodb_ft_cache_size': 78854699, 'innodb_ft_enable_diag_print': 'OFF', 'innodb_ft_enable_stopword': 'OFF', 'innodb_ft_max_token_size': 75, 'innodb_ft_min_token_size': 5, 'innodb_ft_num_word_optimize': 9051, 'innodb_ft_result_cache_limit': 2957566957, 'innodb_ft_sort_pll_degree': 11, 'innodb_ft_total_cache_size': 1385127012, 'innodb_io_capacity': 874915, 'innodb_io_capacity_max': 1407, 'innodb_log_buffer_size': 2672849749, 'innodb_log_compressed_pages': 'OFF', 'innodb_log_file_size': 307598518, 'innodb_log_files_in_group': 7, 'innodb_log_write_ahead_size': 5651, 'innodb_lru_scan_depth': 6925, 'innodb_max_dirty_pages_pct': 71, 'innodb_max_dirty_pages_pct_lwm': 56, 'innodb_max_purge_lag': 755721469, 'innodb_max_purge_lag_delay': 1595973, 'innodb_max_undo_log_size': 10543749488345788000, 'innodb_old_blocks_time': 3126908742, 'innodb_online_alter_log_max_size': 6526077032114059000, 'innodb_open_files': 321168, 'innodb_optimize_fulltext_only': 'OFF', 'innodb_page_cleaners': 8, 'innodb_print_all_deadlocks': 'OFF', 'innodb_purge_batch_size': 2723, 'innodb_purge_rseg_truncate_frequency': 83, 'innodb_purge_threads': 32, 'innodb_random_read_ahead': 'ON', 'innodb_read_ahead_threshold': 12, 'innodb_read_io_threads': 20, 'innodb_replication_delay': 7776, 'innodb_rollback_on_timeout': 'OFF', 'innodb_rollback_segments': 6, 'innodb_sort_buffer_size': 53620877, 'innodb_spin_wait_delay': 5076, 'innodb_stats_auto_recalc': 'OFF', 'innodb_stats_include_delete_marked': 'OFF', 'innodb_stats_method': 'nulls_unequal', 'innodb_stats_on_metadata': 'ON', 'innodb_stats_persistent': 'OFF', 'innodb_stats_transient_sample_pages': 13, 'innodb_strict_mode': 'OFF', 'innodb_sync_array_size': 580, 'innodb_sync_spin_loops': 20989, 'innodb_table_locks': 'OFF', 'innodb_thread_concurrency': 937, 'innodb_thread_sleep_delay': 940818, 'innodb_undo_log_truncate': 'ON', 'innodb_use_native_aio': 'ON', 'innodb_write_io_threads': 57, 'join_buffer_size': 748055768, 'keep_files_on_create': 'ON', 'key_buffer_size': 15353750149, 'key_cache_age_threshold': 15756, 'key_cache_block_size': 8885, 'key_cache_division_limit': 85, 'local_infile': 'OFF', 'log_bin_trust_function_creators': 'OFF', 'log_bin_use_v1_row_events': 'OFF', 'log_builtin_as_identified_by_password': 'OFF', 'log_output': 'FILE', 'log_queries_not_using_indexes': 'OFF', 'log_slave_updates': 'OFF', 'log_slow_admin_statements': 'OFF', 'log_statements_unsafe_for_binlog': 'ON', 'log_syslog_include_pid': 'OFF', 'log_timestamps': 'SYSTEM', 'long_query_time': 1, 'low_priority_updates': 'OFF', 'lower_case_table_names': 2, 'master_verify_checksum': 'OFF', 'max_allowed_packet': 853492009, 'max_binlog_cache_size': 2366489242819245000, 'max_binlog_size': 206489664, 'max_binlog_stmt_cache_size': 16676686450072388000, 'max_connections': 95839, 'max_delayed_threads': 10742, 'max_digest_length': 169559, 'max_error_count': 56061, 'max_heap_table_size': 987270527, 'max_join_size': 12471826831916616000, 'max_length_for_sort_data': 6357087, 'max_points_in_geometry': 121226, 'max_prepared_stmt_count': 58378, 'max_seeks_for_key': 6385990495151434000, 'max_sort_length': 6824495, 'max_user_connections': 3427434201, 'max_write_lock_count': 12196021828553464000, 'multi_range_count': 3340338360, 'mysql_native_password_proxy_users': 'OFF', 'net_buffer_length': 446795, 'net_read_timeout': 10, 'net_write_timeout': 82, 'ngram_token_size': 5, 'offline_mode': 'ON', 'old_alter_table': 'ON', 'old_passwords': '0', 'open_files_limit': 298469, 'optimizer_prune_level': 1, 'optimizer_search_depth': 62, 'preload_buffer_size': 231182952, 'query_alloc_block_size': 132845594, 'query_cache_limit': 128792137, 'query_cache_min_res_unit': 15160, 'query_cache_size': 1701440256, 'query_cache_wlock_invalidate': 'OFF', 'query_prealloc_size': 70737756, 'range_alloc_block_size': 46355, 'read_buffer_size': 392545962, 'read_rnd_buffer_size': 54613951, 'require_secure_transport': 'OFF', 'session_track_gtids': 'OWN_GTID', 'session_track_schema': 'OFF', 'session_track_state_change': 'ON', 'session_track_transaction_info': 'CHARACTERISTICS', 'show_compatibility_56': 'ON', 'skip_external_locking': 'ON', 'skip_name_resolve': 'OFF', 'skip_networking': 'OFF', 'slow_query_log': 'ON', 'sort_buffer_size': 5082780, 'stored_program_cache': 193444, 'sync_binlog': 3973477580, 'sync_frm': 'ON', 'table_definition_cache': 360528, 'table_open_cache': 4279, 'table_open_cache_instances': 51, 'thread_cache_size': 15290, 'tmp_table_size': 418364912, 'transaction_alloc_block_size': 103226, 'transaction_prealloc_size': 15719, 'updatable_views_with_limit': 'NO'}

[INFO] [2024-11-10 07:16:47,404] [autotune] Force close!
[INFO] [2024-11-10 07:16:47,495] [autotune] mysql is shut down
[INFO] [2024-11-10 07:16:47,496] [autotune] modify innodb_thread_concurrency
[INFO] [2024-11-10 07:16:47,499] [autotune] generated config file done
[INFO] [2024-11-10 07:16:47,532] [autotune] wait for connection
[INFO] [2024-11-10 07:17:18,594] [autotune] 2002: Can't connect to local MySQL server through socket '/var/run/mysqld/mysqld.sock' (2 No such file or directory)
[INFO] [2024-11-10 07:17:19,597] [autotune] 2002: Can't connect to local MySQL server through socket '/var/run/mysqld/mysqld.sock' (2 No such file or directory)
[INFO] [2024-11-10 07:17:20,599] [autotune] 2002: Can't connect to local MySQL server through socket '/var/run/mysqld/mysqld.sock' (2 No such file or directory)
[INFO] [2024-11-10 07:17:21,601] [autotune] 2002: Can't connect to local MySQL server through socket '/var/run/mysqld/mysqld.sock' (2 No such file or directory)
[INFO] [2024-11-10 07:17:22,603] [autotune] 2002: Can't connect to local MySQL server through socket '/var/run/mysqld/mysqld.sock' (2 No such file or directory)
[INFO] [2024-11-10 07:17:23,606] [autotune] 2002: Can't connect to local MySQL server through socket '/var/run/mysqld/mysqld.sock' (2 No such file or directory)
[INFO] [2024-11-10 07:17:24,608] [autotune] 2002: Can't connect to local MySQL server through socket '/var/run/mysqld/mysqld.sock' (2 No such file or directory)
[INFO] [2024-11-10 07:17:25,610] [autotune] 2002: Can't connect to local MySQL server through socket '/var/run/mysqld/mysqld.sock' (2 No such file or directory)
[INFO] [2024-11-10 07:17:26,613] [autotune] 2002: Can't connect to local MySQL server through socket '/var/run/mysqld/mysqld.sock' (2 No such file or directory)
[INFO] [2024-11-10 07:17:27,615] [autotune] 2002: Can't connect to local MySQL server through socket '/var/run/mysqld/mysqld.sock' (2 No such file or directory)
[INFO] [2024-11-10 07:17:28,617] [autotune] 2002: Can't connect to local MySQL server through socket '/var/run/mysqld/mysqld.sock' (2 No such file or directory)
[INFO] [2024-11-10 07:17:29,619] [autotune] 2002: Can't connect to local MySQL server through socket '/var/run/mysqld/mysqld.sock' (2 No such file or directory)
[INFO] [2024-11-10 07:17:30,622] [autotune] 2002: Can't connect to local MySQL server through socket '/var/run/mysqld/mysqld.sock' (2 No such file or directory)
[INFO] [2024-11-10 07:17:31,624] [autotune] 2002: Can't connect to local MySQL server through socket '/var/run/mysqld/mysqld.sock' (2 No such file or directory)
[INFO] [2024-11-10 07:17:32,626] [autotune] 2002: Can't connect to local MySQL server through socket '/var/run/mysqld/mysqld.sock' (2 No such file or directory)
[INFO] [2024-11-10 07:17:33,629] [autotune] 2002: Can't connect to local MySQL server through socket '/var/run/mysqld/mysqld.sock' (2 No such file or directory)
[INFO] [2024-11-10 07:17:34,631] [autotune] 2002: Can't connect to local MySQL server through socket '/var/run/mysqld/mysqld.sock' (2 No such file or directory)
[INFO] [2024-11-10 07:17:35,633] [autotune] 2002: Can't connect to local MySQL server through socket '/var/run/mysqld/mysqld.sock' (2 No such file or directory)
[INFO] [2024-11-10 07:17:36,636] [autotune] 2002: Can't connect to local MySQL server through socket '/var/run/mysqld/mysqld.sock' (2 No such file or directory)
[INFO] [2024-11-10 07:17:37,638] [autotune] 2002: Can't connect to local MySQL server through socket '/var/run/mysqld/mysqld.sock' (2 No such file or directory)
[INFO] [2024-11-10 07:17:38,641] [autotune] 2002: Can't connect to local MySQL server through socket '/var/run/mysqld/mysqld.sock' (2 No such file or directory)
[INFO] [2024-11-10 07:17:39,643] [autotune] 2002: Can't connect to local MySQL server through socket '/var/run/mysqld/mysqld.sock' (2 No such file or directory)
[INFO] [2024-11-10 07:17:40,645] [autotune] 2002: Can't connect to local MySQL server through socket '/var/run/mysqld/mysqld.sock' (2 No such file or directory)
[INFO] [2024-11-10 07:17:41,648] [autotune] 2002: Can't connect to local MySQL server through socket '/var/run/mysqld/mysqld.sock' (2 No such file or directory)
[INFO] [2024-11-10 07:17:42,650] [autotune] 2002: Can't connect to local MySQL server through socket '/var/run/mysqld/mysqld.sock' (2 No such file or directory)
[INFO] [2024-11-10 07:17:43,653] [autotune] 2002: Can't connect to local MySQL server through socket '/var/run/mysqld/mysqld.sock' (2 No such file or directory)
[INFO] [2024-11-10 07:17:44,655] [autotune] 2002: Can't connect to local MySQL server through socket '/var/run/mysqld/mysqld.sock' (2 No such file or directory)
[INFO] [2024-11-10 07:17:45,658] [autotune] 2002: Can't connect to local MySQL server through socket '/var/run/mysqld/mysqld.sock' (2 No such file or directory)
[INFO] [2024-11-10 07:17:46,660] [autotune] 2002: Can't connect to local MySQL server through socket '/var/run/mysqld/mysqld.sock' (2 No such file or directory)
[INFO] [2024-11-10 07:17:47,662] [autotune] 2002: Can't connect to local MySQL server through socket '/var/run/mysqld/mysqld.sock' (2 No such file or directory)
[INFO] [2024-11-10 07:17:48,665] [autotune] 2002: Can't connect to local MySQL server through socket '/var/run/mysqld/mysqld.sock' (2 No such file or directory)
[INFO] [2024-11-10 07:17:49,667] [autotune] 2002: Can't connect to local MySQL server through socket '/var/run/mysqld/mysqld.sock' (2 No such file or directory)
[INFO] [2024-11-10 07:17:50,669] [autotune] 2002: Can't connect to local MySQL server through socket '/var/run/mysqld/mysqld.sock' (2 No such file or directory)
[INFO] [2024-11-10 07:17:51,671] [autotune] 2002: Can't connect to local MySQL server through socket '/var/run/mysqld/mysqld.sock' (2 No such file or directory)
[INFO] [2024-11-10 07:17:52,674] [autotune] 2002: Can't connect to local MySQL server through socket '/var/run/mysqld/mysqld.sock' (2 No such file or directory)
[INFO] [2024-11-10 07:17:53,676] [autotune] 2002: Can't connect to local MySQL server through socket '/var/run/mysqld/mysqld.sock' (2 No such file or directory)
[INFO] [2024-11-10 07:17:54,679] [autotune] 2002: Can't connect to local MySQL server through socket '/var/run/mysqld/mysqld.sock' (2 No such file or directory)
[INFO] [2024-11-10 07:17:55,680] [autotune] 2002: Can't connect to local MySQL server through socket '/var/run/mysqld/mysqld.sock' (2 No such file or directory)
[INFO] [2024-11-10 07:17:56,683] [autotune] 2002: Can't connect to local MySQL server through socket '/var/run/mysqld/mysqld.sock' (2 No such file or directory)
[INFO] [2024-11-10 07:17:57,685] [autotune] 2002: Can't connect to local MySQL server through socket '/var/run/mysqld/mysqld.sock' (2 No such file or directory)
[INFO] [2024-11-10 07:17:58,688] [autotune] 2002: Can't connect to local MySQL server through socket '/var/run/mysqld/mysqld.sock' (2 No such file or directory)
[INFO] [2024-11-10 07:17:59,691] [autotune] 2002: Can't connect to local MySQL server through socket '/var/run/mysqld/mysqld.sock' (2 No such file or directory)
[INFO] [2024-11-10 07:18:00,693] [autotune] 2002: Can't connect to local MySQL server through socket '/var/run/mysqld/mysqld.sock' (2 No such file or directory)
[INFO] [2024-11-10 07:18:01,695] [autotune] 2002: Can't connect to local MySQL server through socket '/var/run/mysqld/mysqld.sock' (2 No such file or directory)
[INFO] [2024-11-10 07:18:02,697] [autotune] 2002: Can't connect to local MySQL server through socket '/var/run/mysqld/mysqld.sock' (2 No such file or directory)
[INFO] [2024-11-10 07:18:03,699] [autotune] 2002: Can't connect to local MySQL server through socket '/var/run/mysqld/mysqld.sock' (2 No such file or directory)
[INFO] [2024-11-10 07:18:04,701] [autotune] 2002: Can't connect to local MySQL server through socket '/var/run/mysqld/mysqld.sock' (2 No such file or directory)
[INFO] [2024-11-10 07:18:05,703] [autotune] 2002: Can't connect to local MySQL server through socket '/var/run/mysqld/mysqld.sock' (2 No such file or directory)
[INFO] [2024-11-10 07:18:06,705] [autotune] 2002: Can't connect to local MySQL server through socket '/var/run/mysqld/mysqld.sock' (2 No such file or directory)
[INFO] [2024-11-10 07:18:07,707] [autotune] 2002: Can't connect to local MySQL server through socket '/var/run/mysqld/mysqld.sock' (2 No such file or directory)
[INFO] [2024-11-10 07:18:08,710] [autotune] 2002: Can't connect to local MySQL server through socket '/var/run/mysqld/mysqld.sock' (2 No such file or directory)
[INFO] [2024-11-10 07:18:09,712] [autotune] 2002: Can't connect to local MySQL server through socket '/var/run/mysqld/mysqld.sock' (2 No such file or directory)
[INFO] [2024-11-10 07:18:10,714] [autotune] 2002: Can't connect to local MySQL server through socket '/var/run/mysqld/mysqld.sock' (2 No such file or directory)
[INFO] [2024-11-10 07:18:11,716] [autotune] 2002: Can't connect to local MySQL server through socket '/var/run/mysqld/mysqld.sock' (2 No such file or directory)
[INFO] [2024-11-10 07:18:12,719] [autotune] 2002: Can't connect to local MySQL server through socket '/var/run/mysqld/mysqld.sock' (2 No such file or directory)
[INFO] [2024-11-10 07:18:13,721] [autotune] 2002: Can't connect to local MySQL server through socket '/var/run/mysqld/mysqld.sock' (2 No such file or directory)
[INFO] [2024-11-10 07:18:14,723] [autotune] 2002: Can't connect to local MySQL server through socket '/var/run/mysqld/mysqld.sock' (2 No such file or directory)
[INFO] [2024-11-10 07:18:15,725] [autotune] 2002: Can't connect to local MySQL server through socket '/var/run/mysqld/mysqld.sock' (2 No such file or directory)
[INFO] [2024-11-10 07:18:16,727] [autotune] 2002: Can't connect to local MySQL server through socket '/var/run/mysqld/mysqld.sock' (2 No such file or directory)
[INFO] [2024-11-10 07:18:17,729] [autotune] 2002: Can't connect to local MySQL server through socket '/var/run/mysqld/mysqld.sock' (2 No such file or directory)
[INFO] [2024-11-10 07:18:18,731] [autotune] 2002: Can't connect to local MySQL server through socket '/var/run/mysqld/mysqld.sock' (2 No such file or directory)
[INFO] [2024-11-10 07:18:19,733] [autotune] 2002: Can't connect to local MySQL server through socket '/var/run/mysqld/mysqld.sock' (2 No such file or directory)
[INFO] [2024-11-10 07:18:20,735] [autotune] 2002: Can't connect to local MySQL server through socket '/var/run/mysqld/mysqld.sock' (2 No such file or directory)
[INFO] [2024-11-10 07:18:21,737] [autotune] 2002: Can't connect to local MySQL server through socket '/var/run/mysqld/mysqld.sock' (2 No such file or directory)
[INFO] [2024-11-10 07:18:22,739] [autotune] 2002: Can't connect to local MySQL server through socket '/var/run/mysqld/mysqld.sock' (2 No such file or directory)
[INFO] [2024-11-10 07:18:23,742] [autotune] 2002: Can't connect to local MySQL server through socket '/var/run/mysqld/mysqld.sock' (2 No such file or directory)
[INFO] [2024-11-10 07:18:24,744] [autotune] 2002: Can't connect to local MySQL server through socket '/var/run/mysqld/mysqld.sock' (2 No such file or directory)
[INFO] [2024-11-10 07:18:25,747] [autotune] 2002: Can't connect to local MySQL server through socket '/var/run/mysqld/mysqld.sock' (2 No such file or directory)
[INFO] [2024-11-10 07:18:26,749] [autotune] 2002: Can't connect to local MySQL server through socket '/var/run/mysqld/mysqld.sock' (2 No such file or directory)
[INFO] [2024-11-10 07:18:27,751] [autotune] 2002: Can't connect to local MySQL server through socket '/var/run/mysqld/mysqld.sock' (2 No such file or directory)
[INFO] [2024-11-10 07:18:28,754] [autotune] 2002: Can't connect to local MySQL server through socket '/var/run/mysqld/mysqld.sock' (2 No such file or directory)
[INFO] [2024-11-10 07:18:29,756] [autotune] 2002: Can't connect to local MySQL server through socket '/var/run/mysqld/mysqld.sock' (2 No such file or directory)
[INFO] [2024-11-10 07:18:30,758] [autotune] 2002: Can't connect to local MySQL server through socket '/var/run/mysqld/mysqld.sock' (2 No such file or directory)
[INFO] [2024-11-10 07:18:31,760] [autotune] 2002: Can't connect to local MySQL server through socket '/var/run/mysqld/mysqld.sock' (2 No such file or directory)
[INFO] [2024-11-10 07:18:32,763] [autotune] 2002: Can't connect to local MySQL server through socket '/var/run/mysqld/mysqld.sock' (2 No such file or directory)
[INFO] [2024-11-10 07:18:33,765] [autotune] 2002: Can't connect to local MySQL server through socket '/var/run/mysqld/mysqld.sock' (2 No such file or directory)
[INFO] [2024-11-10 07:18:34,768] [autotune] 2002: Can't connect to local MySQL server through socket '/var/run/mysqld/mysqld.sock' (2 No such file or directory)
[INFO] [2024-11-10 07:18:35,770] [autotune] 2002: Can't connect to local MySQL server through socket '/var/run/mysqld/mysqld.sock' (2 No such file or directory)
[INFO] [2024-11-10 07:18:36,772] [autotune] 2002: Can't connect to local MySQL server through socket '/var/run/mysqld/mysqld.sock' (2 No such file or directory)
[INFO] [2024-11-10 07:18:37,775] [autotune] 2002: Can't connect to local MySQL server through socket '/var/run/mysqld/mysqld.sock' (2 No such file or directory)
[INFO] [2024-11-10 07:18:38,777] [autotune] 2002: Can't connect to local MySQL server through socket '/var/run/mysqld/mysqld.sock' (2 No such file or directory)
[INFO] [2024-11-10 07:18:39,780] [autotune] 2002: Can't connect to local MySQL server through socket '/var/run/mysqld/mysqld.sock' (2 No such file or directory)
[INFO] [2024-11-10 07:18:40,782] [autotune] 2002: Can't connect to local MySQL server through socket '/var/run/mysqld/mysqld.sock' (2 No such file or directory)
[INFO] [2024-11-10 07:18:41,784] [autotune] 2002: Can't connect to local MySQL server through socket '/var/run/mysqld/mysqld.sock' (2 No such file or directory)
[INFO] [2024-11-10 07:18:42,786] [autotune] 2002: Can't connect to local MySQL server through socket '/var/run/mysqld/mysqld.sock' (2 No such file or directory)
[INFO] [2024-11-10 07:18:43,789] [autotune] 2002: Can't connect to local MySQL server through socket '/var/run/mysqld/mysqld.sock' (2 No such file or directory)
[INFO] [2024-11-10 07:18:44,791] [autotune] 2002: Can't connect to local MySQL server through socket '/var/run/mysqld/mysqld.sock' (2 No such file or directory)
[INFO] [2024-11-10 07:18:45,794] [autotune] 2002: Can't connect to local MySQL server through socket '/var/run/mysqld/mysqld.sock' (2 No such file or directory)
[INFO] [2024-11-10 07:18:46,796] [autotune] 2002: Can't connect to local MySQL server through socket '/var/run/mysqld/mysqld.sock' (2 No such file or directory)
[INFO] [2024-11-10 07:18:47,798] [autotune] 2002: Can't connect to local MySQL server through socket '/var/run/mysqld/mysqld.sock' (2 No such file or directory)
[INFO] [2024-11-10 07:18:48,801] [autotune] 2002: Can't connect to local MySQL server through socket '/var/run/mysqld/mysqld.sock' (2 No such file or directory)
[INFO] [2024-11-10 07:18:49,803] [autotune] 2002: Can't connect to local MySQL server through socket '/var/run/mysqld/mysqld.sock' (2 No such file or directory)
[INFO] [2024-11-10 07:18:50,804] [autotune] 2002: Can't connect to local MySQL server through socket '/var/run/mysqld/mysqld.sock' (2 No such file or directory)
[INFO] [2024-11-10 07:18:51,807] [autotune] 2002: Can't connect to local MySQL server through socket '/var/run/mysqld/mysqld.sock' (2 No such file or directory)
[INFO] [2024-11-10 07:18:52,809] [autotune] 2002: Can't connect to local MySQL server through socket '/var/run/mysqld/mysqld.sock' (2 No such file or directory)
[INFO] [2024-11-10 07:18:53,811] [autotune] 2002: Can't connect to local MySQL server through socket '/var/run/mysqld/mysqld.sock' (2 No such file or directory)
[INFO] [2024-11-10 07:18:54,814] [autotune] 2002: Can't connect to local MySQL server through socket '/var/run/mysqld/mysqld.sock' (2 No such file or directory)
[INFO] [2024-11-10 07:18:55,816] [autotune] 2002: Can't connect to local MySQL server through socket '/var/run/mysqld/mysqld.sock' (2 No such file or directory)
[INFO] [2024-11-10 07:18:56,818] [autotune] 2002: Can't connect to local MySQL server through socket '/var/run/mysqld/mysqld.sock' (2 No such file or directory)
[INFO] [2024-11-10 07:18:57,821] [autotune] 2002: Can't connect to local MySQL server through socket '/var/run/mysqld/mysqld.sock' (2 No such file or directory)
[INFO] [2024-11-10 07:18:58,823] [autotune] 2002: Can't connect to local MySQL server through socket '/var/run/mysqld/mysqld.sock' (2 No such file or directory)
[INFO] [2024-11-10 07:18:59,826] [autotune] 2002: Can't connect to local MySQL server through socket '/var/run/mysqld/mysqld.sock' (2 No such file or directory)
[INFO] [2024-11-10 07:19:00,828] [autotune] 2002: Can't connect to local MySQL server through socket '/var/run/mysqld/mysqld.sock' (2 No such file or directory)
[INFO] [2024-11-10 07:19:01,830] [autotune] 2002: Can't connect to local MySQL server through socket '/var/run/mysqld/mysqld.sock' (2 No such file or directory)
[INFO] [2024-11-10 07:19:02,832] [autotune] 2002: Can't connect to local MySQL server through socket '/var/run/mysqld/mysqld.sock' (2 No such file or directory)
[INFO] [2024-11-10 07:19:03,835] [autotune] 2002: Can't connect to local MySQL server through socket '/var/run/mysqld/mysqld.sock' (2 No such file or directory)
[INFO] [2024-11-10 07:19:04,837] [autotune] 2002: Can't connect to local MySQL server through socket '/var/run/mysqld/mysqld.sock' (2 No such file or directory)
[INFO] [2024-11-10 07:19:05,840] [autotune] 2002: Can't connect to local MySQL server through socket '/var/run/mysqld/mysqld.sock' (2 No such file or directory)
[INFO] [2024-11-10 07:19:06,845] [autotune] Connected to MySQL db
[INFO] [2024-11-10 07:19:06,846] [autotune] finish 139 seconds waiting for connection
[INFO] [2024-11-10 07:19:06,846] [autotune] /usr/sbin/mysqld --defaults-file=scripts/template/experiment_normandy.cnf
[INFO] [2024-11-10 07:19:06,846] [autotune] mysql is up
[INFO] [2024-11-10 07:19:06,847] [autotune] sleeping for 5 seconds after restarting mysql
[INFO] [2024-11-10 07:19:11,858] [autotune] [2024-11-10 07:19:11] Knobs applied online!
[INFO] [2024-11-10 07:19:12,265] [autotune] [DBG]. bash /usr/local/lib/python3.8/dist-packages/autotune/cli/run_oltpbench.sh wikipedia /oltpbench/config/sample_wikipedia_config.xml 1731223152
[INFO] [2024-11-10 07:23:52,544] [DBTune-oltpbench_wikipedia_smac_ground_truth] Iteration 2, objective value: [2147483647].
[INFO] [2024-11-10 07:23:52,552] [autotune] [step 3] generate knobs: {'autocommit': 'ON', 'automatic_sp_privileges': 'OFF', 'back_log': 2022, 'binlog_cache_size': 862807127, 'binlog_direct_non_transactional_updates': 'OFF', 'binlog_error_action': 'IGNORE_ERROR', 'binlog_format': 'ROW', 'binlog_group_commit_sync_delay': 958692, 'binlog_group_commit_sync_no_delay_count': 30922, 'binlog_order_commits': 'OFF', 'binlog_row_image': 'noblob', 'binlog_rows_query_log_events': 'OFF', 'binlog_stmt_cache_size': 1827142306, 'bulk_insert_buffer_size': 22673240, 'check_proxy_users': 'OFF', 'completion_type': 'CHAIN', 'concurrent_insert': 'ALWAYS', 'connect_timeout': 9424349, 'default_week_format': 6, 'delay_key_write': 'ALL', 'div_precision_increment': 24, 'end_markers_in_json': 'OFF', 'eq_range_index_dive_limit': 2470387217, 'expire_logs_days': 86, 'explicit_defaults_for_timestamp': 'ON', 'flush': 'ON', 'flush_time': 2, 'ft_min_word_len': 2, 'ft_query_expansion_limit': 418, 'general_log': 'ON', 'group_concat_max_len': 8232136731420337000, 'host_cache_size': 34739, 'innodb_adaptive_flushing': 'OFF', 'innodb_adaptive_flushing_lwm': 26, 'innodb_adaptive_hash_index_parts': 15, 'innodb_adaptive_max_sleep_delay': 81431, 'innodb_api_bk_commit_interval': 415900812, 'innodb_api_disable_rowlock': 'OFF', 'innodb_api_enable_binlog': 'ON', 'innodb_api_enable_mdl': 'ON', 'innodb_autoextend_increment': 14, 'innodb_buffer_pool_size': 21950102801, 'innodb_change_buffer_max_size': 28, 'innodb_change_buffering': 'all', 'innodb_cmp_per_index_enabled': 'ON', 'innodb_commit_concurrency': 668, 'innodb_compression_failure_threshold_pct': 68, 'innodb_compression_level': 3, 'innodb_compression_pad_pct_max': 20, 'innodb_concurrency_tickets': 1903189944, 'innodb_deadlock_detect': 'ON', 'innodb_default_row_format': 'REDUNDANT', 'innodb_disable_sort_file_cache': 'OFF', 'innodb_doublewrite': 'ON', 'innodb_file_per_table': 'OFF', 'innodb_fill_factor': 58, 'innodb_flush_log_at_timeout': 2040, 'innodb_flush_log_at_trx_commit': '0', 'innodb_flush_neighbors': '1', 'innodb_flush_sync': 'ON', 'innodb_flushing_avg_loops': 537, 'innodb_ft_cache_size': 77933070, 'innodb_ft_enable_diag_print': 'ON', 'innodb_ft_enable_stopword': 'ON', 'innodb_ft_max_token_size': 82, 'innodb_ft_min_token_size': 16, 'innodb_ft_num_word_optimize': 4695, 'innodb_ft_result_cache_limit': 2581273232, 'innodb_ft_sort_pll_degree': 1, 'innodb_ft_total_cache_size': 1593925341, 'innodb_io_capacity': 30463, 'innodb_io_capacity_max': 31934, 'innodb_log_buffer_size': 850742999, 'innodb_log_compressed_pages': 'ON', 'innodb_log_file_size': 912656516, 'innodb_log_files_in_group': 9, 'innodb_log_write_ahead_size': 7901, 'innodb_lru_scan_depth': 8995, 'innodb_max_dirty_pages_pct': 14, 'innodb_max_dirty_pages_pct_lwm': 8, 'innodb_max_purge_lag': 1991310551, 'innodb_max_purge_lag_delay': 1980832, 'innodb_max_undo_log_size': 6243435083715603000, 'innodb_old_blocks_time': 4237528941, 'innodb_online_alter_log_max_size': 14473806235823672000, 'innodb_open_files': 259424, 'innodb_optimize_fulltext_only': 'ON', 'innodb_page_cleaners': 5, 'innodb_print_all_deadlocks': 'ON', 'innodb_purge_batch_size': 2320, 'innodb_purge_rseg_truncate_frequency': 118, 'innodb_purge_threads': 14, 'innodb_random_read_ahead': 'OFF', 'innodb_read_ahead_threshold': 5, 'innodb_read_io_threads': 39, 'innodb_replication_delay': 2001, 'innodb_rollback_on_timeout': 'OFF', 'innodb_rollback_segments': 59, 'innodb_sort_buffer_size': 30579981, 'innodb_spin_wait_delay': 5519, 'innodb_stats_auto_recalc': 'ON', 'innodb_stats_include_delete_marked': 'OFF', 'innodb_stats_method': 'nulls_ignored', 'innodb_stats_on_metadata': 'OFF', 'innodb_stats_persistent': 'OFF', 'innodb_stats_transient_sample_pages': 98, 'innodb_strict_mode': 'OFF', 'innodb_sync_array_size': 575, 'innodb_sync_spin_loops': 29093, 'innodb_table_locks': 'OFF', 'innodb_thread_concurrency': 651, 'innodb_thread_sleep_delay': 548925, 'innodb_undo_log_truncate': 'OFF', 'innodb_use_native_aio': 'ON', 'innodb_write_io_threads': 51, 'join_buffer_size': 795966834, 'keep_files_on_create': 'OFF', 'key_buffer_size': 4112157006, 'key_cache_age_threshold': 20081, 'key_cache_block_size': 9390, 'key_cache_division_limit': 75, 'local_infile': 'OFF', 'log_bin_trust_function_creators': 'OFF', 'log_bin_use_v1_row_events': 'OFF', 'log_builtin_as_identified_by_password': 'ON', 'log_output': 'FILE', 'log_queries_not_using_indexes': 'OFF', 'log_slave_updates': 'OFF', 'log_slow_admin_statements': 'ON', 'log_statements_unsafe_for_binlog': 'ON', 'log_syslog_include_pid': 'OFF', 'log_timestamps': 'UTC', 'long_query_time': 6, 'low_priority_updates': 'ON', 'lower_case_table_names': 1, 'master_verify_checksum': 'OFF', 'max_allowed_packet': 787547813, 'max_binlog_cache_size': 13291515377072116000, 'max_binlog_size': 1060802239, 'max_binlog_stmt_cache_size': 10143151614713066000, 'max_connections': 80971, 'max_delayed_threads': 8682, 'max_digest_length': 972558, 'max_error_count': 54291, 'max_heap_table_size': 1014617586, 'max_join_size': 1285697376078655000, 'max_length_for_sort_data': 8275306, 'max_points_in_geometry': 1000914, 'max_prepared_stmt_count': 269363, 'max_seeks_for_key': 1481805764391028000, 'max_sort_length': 6002131, 'max_user_connections': 761303585, 'max_write_lock_count': 12338231475627094000, 'multi_range_count': 4155943286, 'mysql_native_password_proxy_users': 'ON', 'net_buffer_length': 560333, 'net_read_timeout': 41, 'net_write_timeout': 58, 'ngram_token_size': 10, 'offline_mode': 'ON', 'old_alter_table': 'ON', 'old_passwords': '2', 'open_files_limit': 362457, 'optimizer_prune_level': 0, 'optimizer_search_depth': 16, 'preload_buffer_size': 912691324, 'query_alloc_block_size': 35201639, 'query_cache_limit': 93942567, 'query_cache_min_res_unit': 24407, 'query_cache_size': 943726238, 'query_cache_wlock_invalidate': 'ON', 'query_prealloc_size': 31121049, 'range_alloc_block_size': 41011, 'read_buffer_size': 416034355, 'read_rnd_buffer_size': 15438564, 'require_secure_transport': 'ON', 'session_track_gtids': 'ALL_GTIDS', 'session_track_schema': 'OFF', 'session_track_state_change': 'OFF', 'session_track_transaction_info': 'STATE', 'show_compatibility_56': 'ON', 'skip_external_locking': 'OFF', 'skip_name_resolve': 'OFF', 'skip_networking': 'ON', 'slow_query_log': 'ON', 'sort_buffer_size': 86655286, 'stored_program_cache': 223761, 'sync_binlog': 3529977194, 'sync_frm': 'OFF', 'table_definition_cache': 17065, 'table_open_cache': 222495, 'table_open_cache_instances': 46, 'thread_cache_size': 6742, 'tmp_table_size': 221863628, 'transaction_alloc_block_size': 12649, 'transaction_prealloc_size': 95072, 'updatable_views_with_limit': 'YES'}

[INFO] [2024-11-10 07:24:02,606] [autotune] Close db successfully
[INFO] [2024-11-10 07:24:02,607] [autotune] mysql is shut down
[INFO] [2024-11-10 07:24:02,613] [autotune] generated config file done
[INFO] [2024-11-10 07:24:02,651] [autotune] wait for connection
[INFO] [2024-11-10 07:24:33,715] [autotune] 2002: Can't connect to local MySQL server through socket '/var/run/mysqld/mysqld.sock' (2 No such file or directory)
[INFO] [2024-11-10 07:24:34,717] [autotune] 2002: Can't connect to local MySQL server through socket '/var/run/mysqld/mysqld.sock' (2 No such file or directory)
[INFO] [2024-11-10 07:24:35,719] [autotune] 2002: Can't connect to local MySQL server through socket '/var/run/mysqld/mysqld.sock' (2 No such file or directory)
[INFO] [2024-11-10 07:24:36,722] [autotune] 2002: Can't connect to local MySQL server through socket '/var/run/mysqld/mysqld.sock' (2 No such file or directory)
[INFO] [2024-11-10 07:24:37,724] [autotune] 2002: Can't connect to local MySQL server through socket '/var/run/mysqld/mysqld.sock' (2 No such file or directory)
[INFO] [2024-11-10 07:24:38,727] [autotune] 2002: Can't connect to local MySQL server through socket '/var/run/mysqld/mysqld.sock' (2 No such file or directory)
[INFO] [2024-11-10 07:24:39,729] [autotune] 2002: Can't connect to local MySQL server through socket '/var/run/mysqld/mysqld.sock' (2 No such file or directory)
[INFO] [2024-11-10 07:24:40,731] [autotune] 2002: Can't connect to local MySQL server through socket '/var/run/mysqld/mysqld.sock' (2 No such file or directory)
[INFO] [2024-11-10 07:24:41,734] [autotune] 2002: Can't connect to local MySQL server through socket '/var/run/mysqld/mysqld.sock' (2 No such file or directory)
[INFO] [2024-11-10 07:24:42,736] [autotune] 2002: Can't connect to local MySQL server through socket '/var/run/mysqld/mysqld.sock' (2 No such file or directory)
[INFO] [2024-11-10 07:24:43,739] [autotune] 2002: Can't connect to local MySQL server through socket '/var/run/mysqld/mysqld.sock' (2 No such file or directory)
[INFO] [2024-11-10 07:24:44,741] [autotune] 2002: Can't connect to local MySQL server through socket '/var/run/mysqld/mysqld.sock' (2 No such file or directory)
[INFO] [2024-11-10 07:24:45,743] [autotune] 2002: Can't connect to local MySQL server through socket '/var/run/mysqld/mysqld.sock' (2 No such file or directory)
[INFO] [2024-11-10 07:24:46,745] [autotune] 2002: Can't connect to local MySQL server through socket '/var/run/mysqld/mysqld.sock' (2 No such file or directory)
[INFO] [2024-11-10 07:24:47,747] [autotune] 2002: Can't connect to local MySQL server through socket '/var/run/mysqld/mysqld.sock' (2 No such file or directory)
[INFO] [2024-11-10 07:24:48,750] [autotune] 2002: Can't connect to local MySQL server through socket '/var/run/mysqld/mysqld.sock' (2 No such file or directory)
[INFO] [2024-11-10 07:24:49,752] [autotune] 2002: Can't connect to local MySQL server through socket '/var/run/mysqld/mysqld.sock' (2 No such file or directory)
[INFO] [2024-11-10 07:24:50,755] [autotune] 2002: Can't connect to local MySQL server through socket '/var/run/mysqld/mysqld.sock' (2 No such file or directory)
[INFO] [2024-11-10 07:24:51,757] [autotune] 2002: Can't connect to local MySQL server through socket '/var/run/mysqld/mysqld.sock' (2 No such file or directory)
[INFO] [2024-11-10 07:24:52,759] [autotune] 2002: Can't connect to local MySQL server through socket '/var/run/mysqld/mysqld.sock' (2 No such file or directory)
[INFO] [2024-11-10 07:24:53,762] [autotune] 2002: Can't connect to local MySQL server through socket '/var/run/mysqld/mysqld.sock' (2 No such file or directory)
[INFO] [2024-11-10 07:24:54,764] [autotune] 2002: Can't connect to local MySQL server through socket '/var/run/mysqld/mysqld.sock' (2 No such file or directory)
[INFO] [2024-11-10 07:24:55,766] [autotune] 2002: Can't connect to local MySQL server through socket '/var/run/mysqld/mysqld.sock' (2 No such file or directory)
[INFO] [2024-11-10 07:24:56,769] [autotune] 2002: Can't connect to local MySQL server through socket '/var/run/mysqld/mysqld.sock' (2 No such file or directory)
[INFO] [2024-11-10 07:24:57,771] [autotune] 2002: Can't connect to local MySQL server through socket '/var/run/mysqld/mysqld.sock' (2 No such file or directory)
[INFO] [2024-11-10 07:24:58,774] [autotune] 2002: Can't connect to local MySQL server through socket '/var/run/mysqld/mysqld.sock' (2 No such file or directory)
[INFO] [2024-11-10 07:24:59,776] [autotune] 2002: Can't connect to local MySQL server through socket '/var/run/mysqld/mysqld.sock' (2 No such file or directory)
[INFO] [2024-11-10 07:25:00,778] [autotune] 2002: Can't connect to local MySQL server through socket '/var/run/mysqld/mysqld.sock' (2 No such file or directory)
[INFO] [2024-11-10 07:25:01,781] [autotune] 2002: Can't connect to local MySQL server through socket '/var/run/mysqld/mysqld.sock' (2 No such file or directory)
[INFO] [2024-11-10 07:25:02,783] [autotune] 2002: Can't connect to local MySQL server through socket '/var/run/mysqld/mysqld.sock' (2 No such file or directory)
[INFO] [2024-11-10 07:25:03,785] [autotune] 2002: Can't connect to local MySQL server through socket '/var/run/mysqld/mysqld.sock' (2 No such file or directory)
[INFO] [2024-11-10 07:25:04,787] [autotune] 2002: Can't connect to local MySQL server through socket '/var/run/mysqld/mysqld.sock' (2 No such file or directory)
[INFO] [2024-11-10 07:25:05,789] [autotune] 2002: Can't connect to local MySQL server through socket '/var/run/mysqld/mysqld.sock' (2 No such file or directory)
[INFO] [2024-11-10 07:25:06,791] [autotune] 2002: Can't connect to local MySQL server through socket '/var/run/mysqld/mysqld.sock' (2 No such file or directory)
[INFO] [2024-11-10 07:25:07,794] [autotune] 2002: Can't connect to local MySQL server through socket '/var/run/mysqld/mysqld.sock' (2 No such file or directory)
[INFO] [2024-11-10 07:25:08,796] [autotune] 2002: Can't connect to local MySQL server through socket '/var/run/mysqld/mysqld.sock' (2 No such file or directory)
[INFO] [2024-11-10 07:25:09,799] [autotune] 2002: Can't connect to local MySQL server through socket '/var/run/mysqld/mysqld.sock' (2 No such file or directory)
[INFO] [2024-11-10 07:25:10,801] [autotune] 2002: Can't connect to local MySQL server through socket '/var/run/mysqld/mysqld.sock' (2 No such file or directory)
[INFO] [2024-11-10 07:25:11,803] [autotune] 2002: Can't connect to local MySQL server through socket '/var/run/mysqld/mysqld.sock' (2 No such file or directory)
[INFO] [2024-11-10 07:25:12,806] [autotune] 2002: Can't connect to local MySQL server through socket '/var/run/mysqld/mysqld.sock' (2 No such file or directory)
[INFO] [2024-11-10 07:25:13,808] [autotune] 2002: Can't connect to local MySQL server through socket '/var/run/mysqld/mysqld.sock' (2 No such file or directory)
[INFO] [2024-11-10 07:25:14,810] [autotune] 2002: Can't connect to local MySQL server through socket '/var/run/mysqld/mysqld.sock' (2 No such file or directory)
[INFO] [2024-11-10 07:25:15,812] [autotune] 2002: Can't connect to local MySQL server through socket '/var/run/mysqld/mysqld.sock' (2 No such file or directory)
[INFO] [2024-11-10 07:25:16,815] [autotune] 2002: Can't connect to local MySQL server through socket '/var/run/mysqld/mysqld.sock' (2 No such file or directory)
[INFO] [2024-11-10 07:25:17,817] [autotune] 2002: Can't connect to local MySQL server through socket '/var/run/mysqld/mysqld.sock' (2 No such file or directory)
[INFO] [2024-11-10 07:25:18,820] [autotune] 2002: Can't connect to local MySQL server through socket '/var/run/mysqld/mysqld.sock' (2 No such file or directory)
[INFO] [2024-11-10 07:25:19,822] [autotune] 2002: Can't connect to local MySQL server through socket '/var/run/mysqld/mysqld.sock' (2 No such file or directory)
[INFO] [2024-11-10 07:25:20,824] [autotune] 2002: Can't connect to local MySQL server through socket '/var/run/mysqld/mysqld.sock' (2 No such file or directory)
[INFO] [2024-11-10 07:25:21,827] [autotune] 2002: Can't connect to local MySQL server through socket '/var/run/mysqld/mysqld.sock' (2 No such file or directory)
[INFO] [2024-11-10 07:25:22,829] [autotune] 2002: Can't connect to local MySQL server through socket '/var/run/mysqld/mysqld.sock' (2 No such file or directory)
[INFO] [2024-11-10 07:25:23,832] [autotune] 2002: Can't connect to local MySQL server through socket '/var/run/mysqld/mysqld.sock' (2 No such file or directory)
[INFO] [2024-11-10 07:25:24,834] [autotune] 2002: Can't connect to local MySQL server through socket '/var/run/mysqld/mysqld.sock' (2 No such file or directory)
[INFO] [2024-11-10 07:25:25,836] [autotune] 2002: Can't connect to local MySQL server through socket '/var/run/mysqld/mysqld.sock' (2 No such file or directory)
[INFO] [2024-11-10 07:25:26,838] [autotune] 2002: Can't connect to local MySQL server through socket '/var/run/mysqld/mysqld.sock' (2 No such file or directory)
[INFO] [2024-11-10 07:25:27,840] [autotune] 2002: Can't connect to local MySQL server through socket '/var/run/mysqld/mysqld.sock' (2 No such file or directory)
[INFO] [2024-11-10 07:25:28,843] [autotune] 2002: Can't connect to local MySQL server through socket '/var/run/mysqld/mysqld.sock' (2 No such file or directory)
[INFO] [2024-11-10 07:25:29,845] [autotune] 2002: Can't connect to local MySQL server through socket '/var/run/mysqld/mysqld.sock' (2 No such file or directory)
[INFO] [2024-11-10 07:25:30,847] [autotune] 2002: Can't connect to local MySQL server through socket '/var/run/mysqld/mysqld.sock' (2 No such file or directory)
[INFO] [2024-11-10 07:25:31,849] [autotune] 2002: Can't connect to local MySQL server through socket '/var/run/mysqld/mysqld.sock' (2 No such file or directory)
[INFO] [2024-11-10 07:25:32,851] [autotune] 2002: Can't connect to local MySQL server through socket '/var/run/mysqld/mysqld.sock' (2 No such file or directory)
[INFO] [2024-11-10 07:25:33,854] [autotune] 2002: Can't connect to local MySQL server through socket '/var/run/mysqld/mysqld.sock' (2 No such file or directory)
[INFO] [2024-11-10 07:25:34,856] [autotune] 2002: Can't connect to local MySQL server through socket '/var/run/mysqld/mysqld.sock' (2 No such file or directory)
[INFO] [2024-11-10 07:25:35,859] [autotune] 2002: Can't connect to local MySQL server through socket '/var/run/mysqld/mysqld.sock' (2 No such file or directory)
[INFO] [2024-11-10 07:25:36,861] [autotune] 2002: Can't connect to local MySQL server through socket '/var/run/mysqld/mysqld.sock' (2 No such file or directory)
[INFO] [2024-11-10 07:25:37,863] [autotune] 2002: Can't connect to local MySQL server through socket '/var/run/mysqld/mysqld.sock' (2 No such file or directory)
[INFO] [2024-11-10 07:25:38,866] [autotune] 2002: Can't connect to local MySQL server through socket '/var/run/mysqld/mysqld.sock' (2 No such file or directory)
[INFO] [2024-11-10 07:25:39,868] [autotune] 2002: Can't connect to local MySQL server through socket '/var/run/mysqld/mysqld.sock' (2 No such file or directory)
[INFO] [2024-11-10 07:25:40,870] [autotune] 2002: Can't connect to local MySQL server through socket '/var/run/mysqld/mysqld.sock' (2 No such file or directory)
[INFO] [2024-11-10 07:25:41,873] [autotune] 2002: Can't connect to local MySQL server through socket '/var/run/mysqld/mysqld.sock' (2 No such file or directory)
[INFO] [2024-11-10 07:25:42,875] [autotune] 2002: Can't connect to local MySQL server through socket '/var/run/mysqld/mysqld.sock' (2 No such file or directory)
[INFO] [2024-11-10 07:25:43,878] [autotune] 2002: Can't connect to local MySQL server through socket '/var/run/mysqld/mysqld.sock' (2 No such file or directory)
[INFO] [2024-11-10 07:25:44,880] [autotune] 2002: Can't connect to local MySQL server through socket '/var/run/mysqld/mysqld.sock' (2 No such file or directory)
[INFO] [2024-11-10 07:25:45,882] [autotune] 2002: Can't connect to local MySQL server through socket '/var/run/mysqld/mysqld.sock' (2 No such file or directory)
[INFO] [2024-11-10 07:25:46,884] [autotune] 2002: Can't connect to local MySQL server through socket '/var/run/mysqld/mysqld.sock' (2 No such file or directory)
[INFO] [2024-11-10 07:25:47,887] [autotune] 2002: Can't connect to local MySQL server through socket '/var/run/mysqld/mysqld.sock' (2 No such file or directory)
[INFO] [2024-11-10 07:25:48,889] [autotune] 2002: Can't connect to local MySQL server through socket '/var/run/mysqld/mysqld.sock' (2 No such file or directory)
[INFO] [2024-11-10 07:25:49,892] [autotune] 2002: Can't connect to local MySQL server through socket '/var/run/mysqld/mysqld.sock' (2 No such file or directory)
[INFO] [2024-11-10 07:25:50,894] [autotune] 2002: Can't connect to local MySQL server through socket '/var/run/mysqld/mysqld.sock' (2 No such file or directory)
[INFO] [2024-11-10 07:25:51,896] [autotune] 2002: Can't connect to local MySQL server through socket '/var/run/mysqld/mysqld.sock' (2 No such file or directory)
[INFO] [2024-11-10 07:25:52,898] [autotune] 2002: Can't connect to local MySQL server through socket '/var/run/mysqld/mysqld.sock' (2 No such file or directory)
[INFO] [2024-11-10 07:25:53,901] [autotune] 2002: Can't connect to local MySQL server through socket '/var/run/mysqld/mysqld.sock' (2 No such file or directory)
[INFO] [2024-11-10 07:25:54,903] [autotune] 2002: Can't connect to local MySQL server through socket '/var/run/mysqld/mysqld.sock' (2 No such file or directory)
[INFO] [2024-11-10 07:25:55,905] [autotune] 2002: Can't connect to local MySQL server through socket '/var/run/mysqld/mysqld.sock' (2 No such file or directory)
[INFO] [2024-11-10 07:25:56,908] [autotune] 2002: Can't connect to local MySQL server through socket '/var/run/mysqld/mysqld.sock' (2 No such file or directory)
[INFO] [2024-11-10 07:25:57,910] [autotune] 2002: Can't connect to local MySQL server through socket '/var/run/mysqld/mysqld.sock' (2 No such file or directory)
[INFO] [2024-11-10 07:25:58,913] [autotune] 2002: Can't connect to local MySQL server through socket '/var/run/mysqld/mysqld.sock' (2 No such file or directory)
[INFO] [2024-11-10 07:25:59,915] [autotune] 2002: Can't connect to local MySQL server through socket '/var/run/mysqld/mysqld.sock' (2 No such file or directory)
[INFO] [2024-11-10 07:26:00,916] [autotune] 2002: Can't connect to local MySQL server through socket '/var/run/mysqld/mysqld.sock' (2 No such file or directory)
[INFO] [2024-11-10 07:26:01,919] [autotune] 2002: Can't connect to local MySQL server through socket '/var/run/mysqld/mysqld.sock' (2 No such file or directory)
[INFO] [2024-11-10 07:26:02,921] [autotune] 2002: Can't connect to local MySQL server through socket '/var/run/mysqld/mysqld.sock' (2 No such file or directory)
[INFO] [2024-11-10 07:26:03,923] [autotune] 2002: Can't connect to local MySQL server through socket '/var/run/mysqld/mysqld.sock' (2 No such file or directory)
[INFO] [2024-11-10 07:26:04,926] [autotune] 2002: Can't connect to local MySQL server through socket '/var/run/mysqld/mysqld.sock' (2 No such file or directory)
[INFO] [2024-11-10 07:26:05,928] [autotune] 2002: Can't connect to local MySQL server through socket '/var/run/mysqld/mysqld.sock' (2 No such file or directory)
[INFO] [2024-11-10 07:26:06,930] [autotune] 2002: Can't connect to local MySQL server through socket '/var/run/mysqld/mysqld.sock' (2 No such file or directory)
[INFO] [2024-11-10 07:26:07,932] [autotune] 2002: Can't connect to local MySQL server through socket '/var/run/mysqld/mysqld.sock' (2 No such file or directory)
[INFO] [2024-11-10 07:26:08,935] [autotune] 2002: Can't connect to local MySQL server through socket '/var/run/mysqld/mysqld.sock' (2 No such file or directory)
[INFO] [2024-11-10 07:26:09,937] [autotune] 2002: Can't connect to local MySQL server through socket '/var/run/mysqld/mysqld.sock' (2 No such file or directory)
[INFO] [2024-11-10 07:26:10,939] [autotune] 2002: Can't connect to local MySQL server through socket '/var/run/mysqld/mysqld.sock' (2 No such file or directory)
[INFO] [2024-11-10 07:26:11,941] [autotune] 2002: Can't connect to local MySQL server through socket '/var/run/mysqld/mysqld.sock' (2 No such file or directory)
[INFO] [2024-11-10 07:26:12,943] [autotune] 2002: Can't connect to local MySQL server through socket '/var/run/mysqld/mysqld.sock' (2 No such file or directory)
[INFO] [2024-11-10 07:26:13,946] [autotune] 2002: Can't connect to local MySQL server through socket '/var/run/mysqld/mysqld.sock' (2 No such file or directory)
[INFO] [2024-11-10 07:26:14,948] [autotune] 2002: Can't connect to local MySQL server through socket '/var/run/mysqld/mysqld.sock' (2 No such file or directory)
[INFO] [2024-11-10 07:26:15,950] [autotune] 2002: Can't connect to local MySQL server through socket '/var/run/mysqld/mysqld.sock' (2 No such file or directory)
[INFO] [2024-11-10 07:26:16,952] [autotune] 2002: Can't connect to local MySQL server through socket '/var/run/mysqld/mysqld.sock' (2 No such file or directory)
[INFO] [2024-11-10 07:26:17,955] [autotune] 2002: Can't connect to local MySQL server through socket '/var/run/mysqld/mysqld.sock' (2 No such file or directory)
[INFO] [2024-11-10 07:26:18,957] [autotune] 2002: Can't connect to local MySQL server through socket '/var/run/mysqld/mysqld.sock' (2 No such file or directory)
[INFO] [2024-11-10 07:26:19,960] [autotune] 2002: Can't connect to local MySQL server through socket '/var/run/mysqld/mysqld.sock' (2 No such file or directory)
[INFO] [2024-11-10 07:26:20,962] [autotune] 2002: Can't connect to local MySQL server through socket '/var/run/mysqld/mysqld.sock' (2 No such file or directory)
[INFO] [2024-11-10 07:26:21,964] [autotune] 2002: Can't connect to local MySQL server through socket '/var/run/mysqld/mysqld.sock' (2 No such file or directory)
[INFO] [2024-11-10 07:26:22,967] [autotune] 2002: Can't connect to local MySQL server through socket '/var/run/mysqld/mysqld.sock' (2 No such file or directory)
[INFO] [2024-11-10 07:26:23,969] [autotune] 2002: Can't connect to local MySQL server through socket '/var/run/mysqld/mysqld.sock' (2 No such file or directory)
[INFO] [2024-11-10 07:26:24,971] [autotune] 2002: Can't connect to local MySQL server through socket '/var/run/mysqld/mysqld.sock' (2 No such file or directory)
[INFO] [2024-11-10 07:26:25,973] [autotune] 2002: Can't connect to local MySQL server through socket '/var/run/mysqld/mysqld.sock' (2 No such file or directory)
[INFO] [2024-11-10 07:26:26,976] [autotune] 2002: Can't connect to local MySQL server through socket '/var/run/mysqld/mysqld.sock' (2 No such file or directory)
[INFO] [2024-11-10 07:26:27,978] [autotune] 2002: Can't connect to local MySQL server through socket '/var/run/mysqld/mysqld.sock' (2 No such file or directory)
[INFO] [2024-11-10 07:26:28,980] [autotune] 2002: Can't connect to local MySQL server through socket '/var/run/mysqld/mysqld.sock' (2 No such file or directory)
[INFO] [2024-11-10 07:26:29,983] [autotune] 2002: Can't connect to local MySQL server through socket '/var/run/mysqld/mysqld.sock' (2 No such file or directory)
[INFO] [2024-11-10 07:26:30,985] [autotune] 2002: Can't connect to local MySQL server through socket '/var/run/mysqld/mysqld.sock' (2 No such file or directory)
[INFO] [2024-11-10 07:26:31,987] [autotune] 2002: Can't connect to local MySQL server through socket '/var/run/mysqld/mysqld.sock' (2 No such file or directory)
[INFO] [2024-11-10 07:26:32,990] [autotune] 2002: Can't connect to local MySQL server through socket '/var/run/mysqld/mysqld.sock' (2 No such file or directory)
[INFO] [2024-11-10 07:26:33,992] [autotune] 2002: Can't connect to local MySQL server through socket '/var/run/mysqld/mysqld.sock' (2 No such file or directory)
[INFO] [2024-11-10 07:26:34,995] [autotune] 2002: Can't connect to local MySQL server through socket '/var/run/mysqld/mysqld.sock' (2 No such file or directory)
[INFO] [2024-11-10 07:26:35,997] [autotune] 2002: Can't connect to local MySQL server through socket '/var/run/mysqld/mysqld.sock' (2 No such file or directory)
[INFO] [2024-11-10 07:26:36,999] [autotune] 2002: Can't connect to local MySQL server through socket '/var/run/mysqld/mysqld.sock' (2 No such file or directory)
[INFO] [2024-11-10 07:26:38,001] [autotune] 2002: Can't connect to local MySQL server through socket '/var/run/mysqld/mysqld.sock' (2 No such file or directory)
[INFO] [2024-11-10 07:26:39,003] [autotune] 2002: Can't connect to local MySQL server through socket '/var/run/mysqld/mysqld.sock' (2 No such file or directory)
[INFO] [2024-11-10 07:26:40,009] [autotune] Connected to MySQL db
[INFO] [2024-11-10 07:26:40,010] [autotune] finish 157 seconds waiting for connection
[INFO] [2024-11-10 07:26:40,010] [autotune] /usr/sbin/mysqld --defaults-file=scripts/template/experiment_normandy.cnf
[INFO] [2024-11-10 07:26:40,010] [autotune] mysql is up
[INFO] [2024-11-10 07:26:40,010] [autotune] sleeping for 5 seconds after restarting mysql
[INFO] [2024-11-10 07:26:45,691] [autotune] [DBG]. bash /usr/local/lib/python3.8/dist-packages/autotune/cli/run_oltpbench.sh wikipedia /oltpbench/config/sample_wikipedia_config.xml 1731223605
[INFO] [2024-11-10 07:27:50,832] [DBTune-oltpbench_wikipedia_smac_ground_truth] Iteration 3, objective value: [2147483647].
[INFO] [2024-11-10 07:27:50,842] [autotune] [step 4] generate knobs: {'autocommit': 'OFF', 'automatic_sp_privileges': 'ON', 'back_log': 2101, 'binlog_cache_size': 2549023446, 'binlog_direct_non_transactional_updates': 'OFF', 'binlog_error_action': 'ABORT_SERVER', 'binlog_format': 'ROW', 'binlog_group_commit_sync_delay': 723168, 'binlog_group_commit_sync_no_delay_count': 11151, 'binlog_order_commits': 'OFF', 'binlog_row_image': 'full', 'binlog_rows_query_log_events': 'OFF', 'binlog_stmt_cache_size': 2555902653, 'bulk_insert_buffer_size': 33318760, 'check_proxy_users': 'ON', 'completion_type': 'RELEASE', 'concurrent_insert': 'ALWAYS', 'connect_timeout': 5710119, 'default_week_format': 7, 'delay_key_write': 'ON', 'div_precision_increment': 0, 'end_markers_in_json': 'OFF', 'eq_range_index_dive_limit': 3231271328, 'expire_logs_days': 48, 'explicit_defaults_for_timestamp': 'OFF', 'flush': 'OFF', 'flush_time': 4, 'ft_min_word_len': 1, 'ft_query_expansion_limit': 356, 'general_log': 'OFF', 'group_concat_max_len': 5743123402382588000, 'host_cache_size': 14196, 'innodb_adaptive_flushing': 'ON', 'innodb_adaptive_flushing_lwm': 43, 'innodb_adaptive_hash_index_parts': 502, 'innodb_adaptive_max_sleep_delay': 997205, 'innodb_api_bk_commit_interval': 1027334311, 'innodb_api_disable_rowlock': 'ON', 'innodb_api_enable_binlog': 'OFF', 'innodb_api_enable_mdl': 'ON', 'innodb_autoextend_increment': 670, 'innodb_buffer_pool_size': 19897993678, 'innodb_change_buffer_max_size': 46, 'innodb_change_buffering': 'inserts', 'innodb_cmp_per_index_enabled': 'OFF', 'innodb_commit_concurrency': 529, 'innodb_compression_failure_threshold_pct': 44, 'innodb_compression_level': 0, 'innodb_compression_pad_pct_max': 67, 'innodb_concurrency_tickets': 2501812711, 'innodb_deadlock_detect': 'ON', 'innodb_default_row_format': 'DYNAMIC', 'innodb_disable_sort_file_cache': 'OFF', 'innodb_doublewrite': 'OFF', 'innodb_file_per_table': 'OFF', 'innodb_fill_factor': 58, 'innodb_flush_log_at_timeout': 783, 'innodb_flush_log_at_trx_commit': '0', 'innodb_flush_neighbors': '1', 'innodb_flush_sync': 'OFF', 'innodb_flushing_avg_loops': 655, 'innodb_ft_cache_size': 57724730, 'innodb_ft_enable_diag_print': 'OFF', 'innodb_ft_enable_stopword': 'OFF', 'innodb_ft_max_token_size': 18, 'innodb_ft_min_token_size': 4, 'innodb_ft_num_word_optimize': 2320, 'innodb_ft_result_cache_limit': 2214097649, 'innodb_ft_sort_pll_degree': 6, 'innodb_ft_total_cache_size': 1364540017, 'innodb_io_capacity': 638958, 'innodb_io_capacity_max': 36485, 'innodb_log_buffer_size': 3947641416, 'innodb_log_compressed_pages': 'OFF', 'innodb_log_file_size': 134557276, 'innodb_log_files_in_group': 3, 'innodb_log_write_ahead_size': 4412, 'innodb_lru_scan_depth': 7735, 'innodb_max_dirty_pages_pct': 44, 'innodb_max_dirty_pages_pct_lwm': 90, 'innodb_max_purge_lag': 206324396, 'innodb_max_purge_lag_delay': 7068280, 'innodb_max_undo_log_size': 475882478563234000, 'innodb_old_blocks_time': 850484257, 'innodb_online_alter_log_max_size': 10337732234114334000, 'innodb_open_files': 119709, 'innodb_optimize_fulltext_only': 'ON', 'innodb_page_cleaners': 7, 'innodb_print_all_deadlocks': 'ON', 'innodb_purge_batch_size': 846, 'innodb_purge_rseg_truncate_frequency': 33, 'innodb_purge_threads': 22, 'innodb_random_read_ahead': 'OFF', 'innodb_read_ahead_threshold': 6, 'innodb_read_io_threads': 33, 'innodb_replication_delay': 8094, 'innodb_rollback_on_timeout': 'ON', 'innodb_rollback_segments': 122, 'innodb_sort_buffer_size': 45408183, 'innodb_spin_wait_delay': 4576, 'innodb_stats_auto_recalc': 'ON', 'innodb_stats_include_delete_marked': 'OFF', 'innodb_stats_method': 'nulls_unequal', 'innodb_stats_on_metadata': 'ON', 'innodb_stats_persistent': 'OFF', 'innodb_stats_transient_sample_pages': 68, 'innodb_strict_mode': 'OFF', 'innodb_sync_array_size': 786, 'innodb_sync_spin_loops': 13845, 'innodb_table_locks': 'ON', 'innodb_thread_concurrency': 871, 'innodb_thread_sleep_delay': 626745, 'innodb_undo_log_truncate': 'OFF', 'innodb_use_native_aio': 'ON', 'innodb_write_io_threads': 59, 'join_buffer_size': 809997960, 'keep_files_on_create': 'OFF', 'key_buffer_size': 16138890210, 'key_cache_age_threshold': 13263, 'key_cache_block_size': 1213, 'key_cache_division_limit': 6, 'local_infile': 'OFF', 'log_bin_trust_function_creators': 'OFF', 'log_bin_use_v1_row_events': 'ON', 'log_builtin_as_identified_by_password': 'ON', 'log_output': 'FILE', 'log_queries_not_using_indexes': 'OFF', 'log_slave_updates': 'ON', 'log_slow_admin_statements': 'OFF', 'log_statements_unsafe_for_binlog': 'OFF', 'log_syslog_include_pid': 'ON', 'log_timestamps': 'UTC', 'long_query_time': 7, 'low_priority_updates': 'ON', 'lower_case_table_names': 2, 'master_verify_checksum': 'ON', 'max_allowed_packet': 817504089, 'max_binlog_cache_size': 13766453534219624000, 'max_binlog_size': 610967909, 'max_binlog_stmt_cache_size': 5213304570362637000, 'max_connections': 5893, 'max_delayed_threads': 469, 'max_digest_length': 623921, 'max_error_count': 58535, 'max_heap_table_size': 1054040406, 'max_join_size': 3888239639735512000, 'max_length_for_sort_data': 4048558, 'max_points_in_geometry': 712548, 'max_prepared_stmt_count': 637876, 'max_seeks_for_key': 12484503814000170000, 'max_sort_length': 7248569, 'max_user_connections': 2629156243, 'max_write_lock_count': 4888304360540101000, 'multi_range_count': 3488556837, 'mysql_native_password_proxy_users': 'OFF', 'net_buffer_length': 885160, 'net_read_timeout': 33, 'net_write_timeout': 4, 'ngram_token_size': 2, 'offline_mode': 'OFF', 'old_alter_table': 'OFF', 'old_passwords': '0', 'open_files_limit': 368699, 'optimizer_prune_level': 0, 'optimizer_search_depth': 45, 'preload_buffer_size': 110283843, 'query_alloc_block_size': 118309716, 'query_cache_limit': 118215520, 'query_cache_min_res_unit': 58652, 'query_cache_size': 348800503, 'query_cache_wlock_invalidate': 'ON', 'query_prealloc_size': 81179469, 'range_alloc_block_size': 25693, 'read_buffer_size': 87667439, 'read_rnd_buffer_size': 13109644, 'require_secure_transport': 'ON', 'session_track_gtids': 'OFF', 'session_track_schema': 'ON', 'session_track_state_change': 'OFF', 'session_track_transaction_info': 'OFF', 'show_compatibility_56': 'OFF', 'skip_external_locking': 'OFF', 'skip_name_resolve': 'OFF', 'skip_networking': 'OFF', 'slow_query_log': 'OFF', 'sort_buffer_size': 131131587, 'stored_program_cache': 373064, 'sync_binlog': 1195925934, 'sync_frm': 'OFF', 'table_definition_cache': 182685, 'table_open_cache': 234866, 'table_open_cache_instances': 58, 'thread_cache_size': 15574, 'tmp_table_size': 944916017, 'transaction_alloc_block_size': 90831, 'transaction_prealloc_size': 67012, 'updatable_views_with_limit': 'YES'}

[INFO] [2024-11-10 07:27:53,895] [autotune] Close db successfully
[INFO] [2024-11-10 07:27:53,896] [autotune] mysql is shut down
[INFO] [2024-11-10 07:27:53,902] [autotune] generated config file done
[INFO] [2024-11-10 07:27:53,941] [autotune] wait for connection
[INFO] [2024-11-10 07:28:08,978] [autotune] Connected to MySQL db
[INFO] [2024-11-10 07:28:08,978] [autotune] finish 15 seconds waiting for connection
[INFO] [2024-11-10 07:28:08,978] [autotune] /usr/sbin/mysqld --defaults-file=scripts/template/experiment_normandy.cnf
[INFO] [2024-11-10 07:28:08,979] [autotune] mysql is up
[INFO] [2024-11-10 07:28:08,979] [autotune] sleeping for 5 seconds after restarting mysql
[INFO] [2024-11-10 07:28:14,712] [autotune] [DBG]. bash /usr/local/lib/python3.8/dist-packages/autotune/cli/run_oltpbench.sh wikipedia /oltpbench/config/sample_wikipedia_config.xml 1731223694
[INFO] [2024-11-10 07:29:19,859] [DBTune-oltpbench_wikipedia_smac_ground_truth] Iteration 4, objective value: [2147483647].
[INFO] [2024-11-10 07:29:19,870] [autotune] [step 5] generate knobs: {'autocommit': 'ON', 'automatic_sp_privileges': 'ON', 'back_log': 24574, 'binlog_cache_size': 2479957069, 'binlog_direct_non_transactional_updates': 'ON', 'binlog_error_action': 'IGNORE_ERROR', 'binlog_format': 'MIXED', 'binlog_group_commit_sync_delay': 770108, 'binlog_group_commit_sync_no_delay_count': 96649, 'binlog_order_commits': 'ON', 'binlog_row_image': 'full', 'binlog_rows_query_log_events': 'ON', 'binlog_stmt_cache_size': 947350788, 'bulk_insert_buffer_size': 62815864, 'check_proxy_users': 'OFF', 'completion_type': 'NO_CHAIN', 'concurrent_insert': 'AUTO', 'connect_timeout': 3556145, 'default_week_format': 4, 'delay_key_write': 'ALL', 'div_precision_increment': 21, 'end_markers_in_json': 'ON', 'eq_range_index_dive_limit': 1856257976, 'expire_logs_days': 8, 'explicit_defaults_for_timestamp': 'ON', 'flush': 'OFF', 'flush_time': 6, 'ft_min_word_len': 5, 'ft_query_expansion_limit': 647, 'general_log': 'ON', 'group_concat_max_len': 16709530916925692000, 'host_cache_size': 16321, 'innodb_adaptive_flushing': 'OFF', 'innodb_adaptive_flushing_lwm': 15, 'innodb_adaptive_hash_index_parts': 270, 'innodb_adaptive_max_sleep_delay': 863347, 'innodb_api_bk_commit_interval': 228883222, 'innodb_api_disable_rowlock': 'ON', 'innodb_api_enable_binlog': 'ON', 'innodb_api_enable_mdl': 'ON', 'innodb_autoextend_increment': 586, 'innodb_buffer_pool_size': 31675403714, 'innodb_change_buffer_max_size': 36, 'innodb_change_buffering': 'all', 'innodb_cmp_per_index_enabled': 'ON', 'innodb_commit_concurrency': 146, 'innodb_compression_failure_threshold_pct': 95, 'innodb_compression_level': 1, 'innodb_compression_pad_pct_max': 14, 'innodb_concurrency_tickets': 531895997, 'innodb_deadlock_detect': 'ON', 'innodb_default_row_format': 'DYNAMIC', 'innodb_disable_sort_file_cache': 'ON', 'innodb_doublewrite': 'ON', 'innodb_file_per_table': 'ON', 'innodb_fill_factor': 86, 'innodb_flush_log_at_timeout': 1156, 'innodb_flush_log_at_trx_commit': '2', 'innodb_flush_neighbors': '0', 'innodb_flush_sync': 'OFF', 'innodb_flushing_avg_loops': 286, 'innodb_ft_cache_size': 69639613, 'innodb_ft_enable_diag_print': 'ON', 'innodb_ft_enable_stopword': 'OFF', 'innodb_ft_max_token_size': 65, 'innodb_ft_min_token_size': 7, 'innodb_ft_num_word_optimize': 7978, 'innodb_ft_result_cache_limit': 69437041, 'innodb_ft_sort_pll_degree': 12, 'innodb_ft_total_cache_size': 1001826114, 'innodb_io_capacity': 1110758, 'innodb_io_capacity_max': 3877, 'innodb_log_buffer_size': 1004933702, 'innodb_log_compressed_pages': 'OFF', 'innodb_log_file_size': 890328937, 'innodb_log_files_in_group': 6, 'innodb_log_write_ahead_size': 10562, 'innodb_lru_scan_depth': 1846, 'innodb_max_dirty_pages_pct': 90, 'innodb_max_dirty_pages_pct_lwm': 11, 'innodb_max_purge_lag': 1890959348, 'innodb_max_purge_lag_delay': 9217008, 'innodb_max_undo_log_size': 1460830452836782000, 'innodb_old_blocks_time': 1731115567, 'innodb_online_alter_log_max_size': 9610090032090270000, 'innodb_open_files': 577873, 'innodb_optimize_fulltext_only': 'OFF', 'innodb_page_cleaners': 6, 'innodb_print_all_deadlocks': 'ON', 'innodb_purge_batch_size': 2610, 'innodb_purge_rseg_truncate_frequency': 77, 'innodb_purge_threads': 18, 'innodb_random_read_ahead': 'OFF', 'innodb_read_ahead_threshold': 15, 'innodb_read_io_threads': 54, 'innodb_replication_delay': 312, 'innodb_rollback_on_timeout': 'OFF', 'innodb_rollback_segments': 27, 'innodb_sort_buffer_size': 50208941, 'innodb_spin_wait_delay': 2201, 'innodb_stats_auto_recalc': 'OFF', 'innodb_stats_include_delete_marked': 'OFF', 'innodb_stats_method': 'nulls_equal', 'innodb_stats_on_metadata': 'ON', 'innodb_stats_persistent': 'ON', 'innodb_stats_transient_sample_pages': 37, 'innodb_strict_mode': 'OFF', 'innodb_sync_array_size': 335, 'innodb_sync_spin_loops': 2359, 'innodb_table_locks': 'ON', 'innodb_thread_concurrency': 287, 'innodb_thread_sleep_delay': 580586, 'innodb_undo_log_truncate': 'OFF', 'innodb_use_native_aio': 'OFF', 'innodb_write_io_threads': 52, 'join_buffer_size': 481128242, 'keep_files_on_create': 'OFF', 'key_buffer_size': 4550513767, 'key_cache_age_threshold': 14736, 'key_cache_block_size': 15336, 'key_cache_division_limit': 36, 'local_infile': 'OFF', 'log_bin_trust_function_creators': 'ON', 'log_bin_use_v1_row_events': 'OFF', 'log_builtin_as_identified_by_password': 'ON', 'log_output': 'NONE', 'log_queries_not_using_indexes': 'OFF', 'log_slave_updates': 'ON', 'log_slow_admin_statements': 'ON', 'log_statements_unsafe_for_binlog': 'OFF', 'log_syslog_include_pid': 'ON', 'log_timestamps': 'SYSTEM', 'long_query_time': 1, 'low_priority_updates': 'OFF', 'lower_case_table_names': 1, 'master_verify_checksum': 'ON', 'max_allowed_packet': 236132558, 'max_binlog_cache_size': 18268655781836796000, 'max_binlog_size': 606690958, 'max_binlog_stmt_cache_size': 9943835024367854000, 'max_connections': 94412, 'max_delayed_threads': 4696, 'max_digest_length': 385787, 'max_error_count': 1371, 'max_heap_table_size': 608272844, 'max_join_size': 3794866355301212000, 'max_length_for_sort_data': 8184238, 'max_points_in_geometry': 766315, 'max_prepared_stmt_count': 327958, 'max_seeks_for_key': 17042928683722432000, 'max_sort_length': 388384, 'max_user_connections': 677573980, 'max_write_lock_count': 17422288827875608000, 'multi_range_count': 2034345554, 'mysql_native_password_proxy_users': 'OFF', 'net_buffer_length': 304809, 'net_read_timeout': 43, 'net_write_timeout': 10, 'ngram_token_size': 4, 'offline_mode': 'ON', 'old_alter_table': 'ON', 'old_passwords': '0', 'open_files_limit': 579375, 'optimizer_prune_level': 0, 'optimizer_search_depth': 11, 'preload_buffer_size': 826127765, 'query_alloc_block_size': 103850982, 'query_cache_limit': 32967651, 'query_cache_min_res_unit': 1786, 'query_cache_size': 386471421, 'query_cache_wlock_invalidate': 'ON', 'query_prealloc_size': 3714205, 'range_alloc_block_size': 15034, 'read_buffer_size': 1896758390, 'read_rnd_buffer_size': 78025768, 'require_secure_transport': 'OFF', 'session_track_gtids': 'OWN_GTID', 'session_track_schema': 'ON', 'session_track_state_change': 'OFF', 'session_track_transaction_info': 'CHARACTERISTICS', 'show_compatibility_56': 'ON', 'skip_external_locking': 'OFF', 'skip_name_resolve': 'OFF', 'skip_networking': 'ON', 'slow_query_log': 'OFF', 'sort_buffer_size': 44702207, 'stored_program_cache': 488058, 'sync_binlog': 967571803, 'sync_frm': 'ON', 'table_definition_cache': 325627, 'table_open_cache': 216272, 'table_open_cache_instances': 12, 'thread_cache_size': 1226, 'tmp_table_size': 993551350, 'transaction_alloc_block_size': 74491, 'transaction_prealloc_size': 81037, 'updatable_views_with_limit': 'NO'}

[INFO] [2024-11-10 07:29:23,923] [autotune] Close db successfully
[INFO] [2024-11-10 07:29:23,924] [autotune] mysql is shut down
[INFO] [2024-11-10 07:29:23,930] [autotune] generated config file done
[INFO] [2024-11-10 07:29:23,971] [autotune] wait for connection
[INFO] [2024-11-10 07:29:55,035] [autotune] 2002: Can't connect to local MySQL server through socket '/var/run/mysqld/mysqld.sock' (2 No such file or directory)
[INFO] [2024-11-10 07:29:56,037] [autotune] 2002: Can't connect to local MySQL server through socket '/var/run/mysqld/mysqld.sock' (2 No such file or directory)
[INFO] [2024-11-10 07:29:57,040] [autotune] 2002: Can't connect to local MySQL server through socket '/var/run/mysqld/mysqld.sock' (2 No such file or directory)
[INFO] [2024-11-10 07:29:58,042] [autotune] 2002: Can't connect to local MySQL server through socket '/var/run/mysqld/mysqld.sock' (2 No such file or directory)
[INFO] [2024-11-10 07:29:59,044] [autotune] 2002: Can't connect to local MySQL server through socket '/var/run/mysqld/mysqld.sock' (2 No such file or directory)
[INFO] [2024-11-10 07:30:00,047] [autotune] 2002: Can't connect to local MySQL server through socket '/var/run/mysqld/mysqld.sock' (2 No such file or directory)
[INFO] [2024-11-10 07:30:01,049] [autotune] 2002: Can't connect to local MySQL server through socket '/var/run/mysqld/mysqld.sock' (2 No such file or directory)
[INFO] [2024-11-10 07:30:02,052] [autotune] 2002: Can't connect to local MySQL server through socket '/var/run/mysqld/mysqld.sock' (2 No such file or directory)
[INFO] [2024-11-10 07:30:03,054] [autotune] 2002: Can't connect to local MySQL server through socket '/var/run/mysqld/mysqld.sock' (2 No such file or directory)
[INFO] [2024-11-10 07:30:04,056] [autotune] 2002: Can't connect to local MySQL server through socket '/var/run/mysqld/mysqld.sock' (2 No such file or directory)
[INFO] [2024-11-10 07:30:05,059] [autotune] 2002: Can't connect to local MySQL server through socket '/var/run/mysqld/mysqld.sock' (2 No such file or directory)
[INFO] [2024-11-10 07:30:06,061] [autotune] 2002: Can't connect to local MySQL server through socket '/var/run/mysqld/mysqld.sock' (2 No such file or directory)
[INFO] [2024-11-10 07:30:07,063] [autotune] 2002: Can't connect to local MySQL server through socket '/var/run/mysqld/mysqld.sock' (2 No such file or directory)
[INFO] [2024-11-10 07:30:08,066] [autotune] 2002: Can't connect to local MySQL server through socket '/var/run/mysqld/mysqld.sock' (2 No such file or directory)
[INFO] [2024-11-10 07:30:09,068] [autotune] 2002: Can't connect to local MySQL server through socket '/var/run/mysqld/mysqld.sock' (2 No such file or directory)
[INFO] [2024-11-10 07:30:10,071] [autotune] 2002: Can't connect to local MySQL server through socket '/var/run/mysqld/mysqld.sock' (2 No such file or directory)
[INFO] [2024-11-10 07:30:11,073] [autotune] 2002: Can't connect to local MySQL server through socket '/var/run/mysqld/mysqld.sock' (2 No such file or directory)
[INFO] [2024-11-10 07:30:12,075] [autotune] 2002: Can't connect to local MySQL server through socket '/var/run/mysqld/mysqld.sock' (2 No such file or directory)
[INFO] [2024-11-10 07:30:13,077] [autotune] 2002: Can't connect to local MySQL server through socket '/var/run/mysqld/mysqld.sock' (2 No such file or directory)
[INFO] [2024-11-10 07:30:14,079] [autotune] 2002: Can't connect to local MySQL server through socket '/var/run/mysqld/mysqld.sock' (2 No such file or directory)
[INFO] [2024-11-10 07:30:15,082] [autotune] 2002: Can't connect to local MySQL server through socket '/var/run/mysqld/mysqld.sock' (2 No such file or directory)
[INFO] [2024-11-10 07:30:16,084] [autotune] 2002: Can't connect to local MySQL server through socket '/var/run/mysqld/mysqld.sock' (2 No such file or directory)
[INFO] [2024-11-10 07:30:17,086] [autotune] 2002: Can't connect to local MySQL server through socket '/var/run/mysqld/mysqld.sock' (2 No such file or directory)
[INFO] [2024-11-10 07:30:18,089] [autotune] 2002: Can't connect to local MySQL server through socket '/var/run/mysqld/mysqld.sock' (2 No such file or directory)
[INFO] [2024-11-10 07:30:19,091] [autotune] 2002: Can't connect to local MySQL server through socket '/var/run/mysqld/mysqld.sock' (2 No such file or directory)
[INFO] [2024-11-10 07:30:20,094] [autotune] 2002: Can't connect to local MySQL server through socket '/var/run/mysqld/mysqld.sock' (2 No such file or directory)
[INFO] [2024-11-10 07:30:21,096] [autotune] 2002: Can't connect to local MySQL server through socket '/var/run/mysqld/mysqld.sock' (2 No such file or directory)
[INFO] [2024-11-10 07:30:22,098] [autotune] 2002: Can't connect to local MySQL server through socket '/var/run/mysqld/mysqld.sock' (2 No such file or directory)
[INFO] [2024-11-10 07:30:23,101] [autotune] 2002: Can't connect to local MySQL server through socket '/var/run/mysqld/mysqld.sock' (2 No such file or directory)
[INFO] [2024-11-10 07:30:24,103] [autotune] 2002: Can't connect to local MySQL server through socket '/var/run/mysqld/mysqld.sock' (2 No such file or directory)
[INFO] [2024-11-10 07:30:25,106] [autotune] 2002: Can't connect to local MySQL server through socket '/var/run/mysqld/mysqld.sock' (2 No such file or directory)
[INFO] [2024-11-10 07:30:26,108] [autotune] 2002: Can't connect to local MySQL server through socket '/var/run/mysqld/mysqld.sock' (2 No such file or directory)
[INFO] [2024-11-10 07:30:27,111] [autotune] 2002: Can't connect to local MySQL server through socket '/var/run/mysqld/mysqld.sock' (2 No such file or directory)
[INFO] [2024-11-10 07:30:28,113] [autotune] 2002: Can't connect to local MySQL server through socket '/var/run/mysqld/mysqld.sock' (2 No such file or directory)
[INFO] [2024-11-10 07:30:29,116] [autotune] 2002: Can't connect to local MySQL server through socket '/var/run/mysqld/mysqld.sock' (2 No such file or directory)
[INFO] [2024-11-10 07:30:30,118] [autotune] 2002: Can't connect to local MySQL server through socket '/var/run/mysqld/mysqld.sock' (2 No such file or directory)
[INFO] [2024-11-10 07:30:31,120] [autotune] 2002: Can't connect to local MySQL server through socket '/var/run/mysqld/mysqld.sock' (2 No such file or directory)
[INFO] [2024-11-10 07:30:32,122] [autotune] 2002: Can't connect to local MySQL server through socket '/var/run/mysqld/mysqld.sock' (2 No such file or directory)
[INFO] [2024-11-10 07:30:33,125] [autotune] 2002: Can't connect to local MySQL server through socket '/var/run/mysqld/mysqld.sock' (2 No such file or directory)
[INFO] [2024-11-10 07:30:34,127] [autotune] 2002: Can't connect to local MySQL server through socket '/var/run/mysqld/mysqld.sock' (2 No such file or directory)
[INFO] [2024-11-10 07:30:35,129] [autotune] 2002: Can't connect to local MySQL server through socket '/var/run/mysqld/mysqld.sock' (2 No such file or directory)
[INFO] [2024-11-10 07:30:36,132] [autotune] 2002: Can't connect to local MySQL server through socket '/var/run/mysqld/mysqld.sock' (2 No such file or directory)
[INFO] [2024-11-10 07:30:37,134] [autotune] 2002: Can't connect to local MySQL server through socket '/var/run/mysqld/mysqld.sock' (2 No such file or directory)
[INFO] [2024-11-10 07:30:38,137] [autotune] 2002: Can't connect to local MySQL server through socket '/var/run/mysqld/mysqld.sock' (2 No such file or directory)
[INFO] [2024-11-10 07:30:39,139] [autotune] 2002: Can't connect to local MySQL server through socket '/var/run/mysqld/mysqld.sock' (2 No such file or directory)
[INFO] [2024-11-10 07:30:40,142] [autotune] 2002: Can't connect to local MySQL server through socket '/var/run/mysqld/mysqld.sock' (2 No such file or directory)
[INFO] [2024-11-10 07:30:41,144] [autotune] 2002: Can't connect to local MySQL server through socket '/var/run/mysqld/mysqld.sock' (2 No such file or directory)
[INFO] [2024-11-10 07:30:42,146] [autotune] 2002: Can't connect to local MySQL server through socket '/var/run/mysqld/mysqld.sock' (2 No such file or directory)
[INFO] [2024-11-10 07:30:43,149] [autotune] 2002: Can't connect to local MySQL server through socket '/var/run/mysqld/mysqld.sock' (2 No such file or directory)
[INFO] [2024-11-10 07:30:44,151] [autotune] 2002: Can't connect to local MySQL server through socket '/var/run/mysqld/mysqld.sock' (2 No such file or directory)
[INFO] [2024-11-10 07:30:45,154] [autotune] 2002: Can't connect to local MySQL server through socket '/var/run/mysqld/mysqld.sock' (2 No such file or directory)
[INFO] [2024-11-10 07:30:46,156] [autotune] 2002: Can't connect to local MySQL server through socket '/var/run/mysqld/mysqld.sock' (2 No such file or directory)
[INFO] [2024-11-10 07:30:47,158] [autotune] 2002: Can't connect to local MySQL server through socket '/var/run/mysqld/mysqld.sock' (2 No such file or directory)
[INFO] [2024-11-10 07:30:48,161] [autotune] 2002: Can't connect to local MySQL server through socket '/var/run/mysqld/mysqld.sock' (2 No such file or directory)
[INFO] [2024-11-10 07:30:49,163] [autotune] 2002: Can't connect to local MySQL server through socket '/var/run/mysqld/mysqld.sock' (2 No such file or directory)
[INFO] [2024-11-10 07:30:50,166] [autotune] 2002: Can't connect to local MySQL server through socket '/var/run/mysqld/mysqld.sock' (2 No such file or directory)
[INFO] [2024-11-10 07:30:51,168] [autotune] 2002: Can't connect to local MySQL server through socket '/var/run/mysqld/mysqld.sock' (2 No such file or directory)
[INFO] [2024-11-10 07:30:52,170] [autotune] 2002: Can't connect to local MySQL server through socket '/var/run/mysqld/mysqld.sock' (2 No such file or directory)
[INFO] [2024-11-10 07:30:53,172] [autotune] 2002: Can't connect to local MySQL server through socket '/var/run/mysqld/mysqld.sock' (2 No such file or directory)
[INFO] [2024-11-10 07:30:54,175] [autotune] 2002: Can't connect to local MySQL server through socket '/var/run/mysqld/mysqld.sock' (2 No such file or directory)
[INFO] [2024-11-10 07:30:55,177] [autotune] 2002: Can't connect to local MySQL server through socket '/var/run/mysqld/mysqld.sock' (2 No such file or directory)
[INFO] [2024-11-10 07:30:56,179] [autotune] 2002: Can't connect to local MySQL server through socket '/var/run/mysqld/mysqld.sock' (2 No such file or directory)
[INFO] [2024-11-10 07:30:57,182] [autotune] 2002: Can't connect to local MySQL server through socket '/var/run/mysqld/mysqld.sock' (2 No such file or directory)
[INFO] [2024-11-10 07:30:58,184] [autotune] 2002: Can't connect to local MySQL server through socket '/var/run/mysqld/mysqld.sock' (2 No such file or directory)
[INFO] [2024-11-10 07:30:59,187] [autotune] 2002: Can't connect to local MySQL server through socket '/var/run/mysqld/mysqld.sock' (2 No such file or directory)
[INFO] [2024-11-10 07:31:00,189] [autotune] 2002: Can't connect to local MySQL server through socket '/var/run/mysqld/mysqld.sock' (2 No such file or directory)
[INFO] [2024-11-10 07:31:01,192] [autotune] 2002: Can't connect to local MySQL server through socket '/var/run/mysqld/mysqld.sock' (2 No such file or directory)
[INFO] [2024-11-10 07:31:02,194] [autotune] 2002: Can't connect to local MySQL server through socket '/var/run/mysqld/mysqld.sock' (2 No such file or directory)
[INFO] [2024-11-10 07:31:03,196] [autotune] 2002: Can't connect to local MySQL server through socket '/var/run/mysqld/mysqld.sock' (2 No such file or directory)
[INFO] [2024-11-10 07:31:04,201] [autotune] Connected to MySQL db
[INFO] [2024-11-10 07:31:04,202] [autotune] finish 100 seconds waiting for connection
[INFO] [2024-11-10 07:31:04,202] [autotune] /usr/sbin/mysqld --defaults-file=scripts/template/experiment_normandy.cnf
[INFO] [2024-11-10 07:31:04,202] [autotune] mysql is up
[INFO] [2024-11-10 07:31:04,202] [autotune] sleeping for 5 seconds after restarting mysql
[INFO] [2024-11-10 07:31:09,678] [autotune] [DBG]. bash /usr/local/lib/python3.8/dist-packages/autotune/cli/run_oltpbench.sh wikipedia /oltpbench/config/sample_wikipedia_config.xml 1731223869
[INFO] [2024-11-10 07:32:14,825] [DBTune-oltpbench_wikipedia_smac_ground_truth] Iteration 5, objective value: [2147483647].
[INFO] [2024-11-10 07:32:14,831] [autotune] [step 6] generate knobs: {'autocommit': 'ON', 'automatic_sp_privileges': 'ON', 'back_log': 54946, 'binlog_cache_size': 4229159352, 'binlog_direct_non_transactional_updates': 'ON', 'binlog_error_action': 'ABORT_SERVER', 'binlog_format': 'MIXED', 'binlog_group_commit_sync_delay': 919984, 'binlog_group_commit_sync_no_delay_count': 45801, 'binlog_order_commits': 'ON', 'binlog_row_image': 'noblob', 'binlog_rows_query_log_events': 'OFF', 'binlog_stmt_cache_size': 445303701, 'bulk_insert_buffer_size': 33271678, 'check_proxy_users': 'ON', 'completion_type': 'NO_CHAIN', 'concurrent_insert': 'ALWAYS', 'connect_timeout': 15216087, 'default_week_format': 7, 'delay_key_write': 'ALL', 'div_precision_increment': 30, 'end_markers_in_json': 'ON', 'eq_range_index_dive_limit': 2531427944, 'expire_logs_days': 98, 'explicit_defaults_for_timestamp': 'OFF', 'flush': 'ON', 'flush_time': 0, 'ft_min_word_len': 5, 'ft_query_expansion_limit': 172, 'general_log': 'OFF', 'group_concat_max_len': 13040714875613066000, 'host_cache_size': 30706, 'innodb_adaptive_flushing': 'ON', 'innodb_adaptive_flushing_lwm': 1, 'innodb_adaptive_hash_index_parts': 483, 'innodb_adaptive_max_sleep_delay': 854837, 'innodb_api_bk_commit_interval': 14063001, 'innodb_api_disable_rowlock': 'OFF', 'innodb_api_enable_binlog': 'ON', 'innodb_api_enable_mdl': 'OFF', 'innodb_autoextend_increment': 873, 'innodb_buffer_pool_size': 29408862335, 'innodb_change_buffer_max_size': 50, 'innodb_change_buffering': 'inserts', 'innodb_cmp_per_index_enabled': 'ON', 'innodb_commit_concurrency': 526, 'innodb_compression_failure_threshold_pct': 1, 'innodb_compression_level': 7, 'innodb_compression_pad_pct_max': 65, 'innodb_concurrency_tickets': 3083699288, 'innodb_deadlock_detect': 'ON', 'innodb_default_row_format': 'DYNAMIC', 'innodb_disable_sort_file_cache': 'OFF', 'innodb_doublewrite': 'ON', 'innodb_file_per_table': 'OFF', 'innodb_fill_factor': 62, 'innodb_flush_log_at_timeout': 1010, 'innodb_flush_log_at_trx_commit': '2', 'innodb_flush_neighbors': '1', 'innodb_flush_sync': 'ON', 'innodb_flushing_avg_loops': 554, 'innodb_ft_cache_size': 40805886, 'innodb_ft_enable_diag_print': 'ON', 'innodb_ft_enable_stopword': 'ON', 'innodb_ft_max_token_size': 73, 'innodb_ft_min_token_size': 1, 'innodb_ft_num_word_optimize': 3860, 'innodb_ft_result_cache_limit': 248448268, 'innodb_ft_sort_pll_degree': 12, 'innodb_ft_total_cache_size': 925017021, 'innodb_io_capacity': 254654, 'innodb_io_capacity_max': 19307, 'innodb_log_buffer_size': 1992430817, 'innodb_log_compressed_pages': 'ON', 'innodb_log_file_size': 699208961, 'innodb_log_files_in_group': 8, 'innodb_log_write_ahead_size': 13744, 'innodb_lru_scan_depth': 2096, 'innodb_max_dirty_pages_pct': 25, 'innodb_max_dirty_pages_pct_lwm': 96, 'innodb_max_purge_lag': 1101830348, 'innodb_max_purge_lag_delay': 7618357, 'innodb_max_undo_log_size': 14822557140222566000, 'innodb_old_blocks_time': 3175000077, 'innodb_online_alter_log_max_size': 9350365762651524000, 'innodb_open_files': 181408, 'innodb_optimize_fulltext_only': 'ON', 'innodb_page_cleaners': 8, 'innodb_print_all_deadlocks': 'OFF', 'innodb_purge_batch_size': 3537, 'innodb_purge_rseg_truncate_frequency': 49, 'innodb_purge_threads': 19, 'innodb_random_read_ahead': 'ON', 'innodb_read_ahead_threshold': 50, 'innodb_read_io_threads': 33, 'innodb_replication_delay': 9086, 'innodb_rollback_on_timeout': 'ON', 'innodb_rollback_segments': 62, 'innodb_sort_buffer_size': 49026295, 'innodb_spin_wait_delay': 970, 'innodb_stats_auto_recalc': 'OFF', 'innodb_stats_include_delete_marked': 'ON', 'innodb_stats_method': 'nulls_equal', 'innodb_stats_on_metadata': 'ON', 'innodb_stats_persistent': 'OFF', 'innodb_stats_transient_sample_pages': 50, 'innodb_strict_mode': 'OFF', 'innodb_sync_array_size': 61, 'innodb_sync_spin_loops': 24497, 'innodb_table_locks': 'OFF', 'innodb_thread_concurrency': 814, 'innodb_thread_sleep_delay': 720580, 'innodb_undo_log_truncate': 'ON', 'innodb_use_native_aio': 'ON', 'innodb_write_io_threads': 27, 'join_buffer_size': 97528122, 'keep_files_on_create': 'ON', 'key_buffer_size': 13030006401, 'key_cache_age_threshold': 28187, 'key_cache_block_size': 11508, 'key_cache_division_limit': 71, 'local_infile': 'ON', 'log_bin_trust_function_creators': 'ON', 'log_bin_use_v1_row_events': 'ON', 'log_builtin_as_identified_by_password': 'OFF', 'log_output': 'TABLE', 'log_queries_not_using_indexes': 'OFF', 'log_slave_updates': 'ON', 'log_slow_admin_statements': 'ON', 'log_statements_unsafe_for_binlog': 'ON', 'log_syslog_include_pid': 'ON', 'log_timestamps': 'SYSTEM', 'long_query_time': 19, 'low_priority_updates': 'ON', 'lower_case_table_names': 2, 'master_verify_checksum': 'ON', 'max_allowed_packet': 452013722, 'max_binlog_cache_size': 2953891579609328000, 'max_binlog_size': 340875032, 'max_binlog_stmt_cache_size': 8050522975343387000, 'max_connections': 77443, 'max_delayed_threads': 43, 'max_digest_length': 650916, 'max_error_count': 57547, 'max_heap_table_size': 171173360, 'max_join_size': 12838628104516666000, 'max_length_for_sort_data': 2782453, 'max_points_in_geometry': 957352, 'max_prepared_stmt_count': 713552, 'max_seeks_for_key': 13496318105344176000, 'max_sort_length': 243558, 'max_user_connections': 2694164369, 'max_write_lock_count': 1886551233910067000, 'multi_range_count': 540871761, 'mysql_native_password_proxy_users': 'ON', 'net_buffer_length': 592508, 'net_read_timeout': 36, 'net_write_timeout': 63, 'ngram_token_size': 9, 'offline_mode': 'ON', 'old_alter_table': 'OFF', 'old_passwords': '0', 'open_files_limit': 558730, 'optimizer_prune_level': 0, 'optimizer_search_depth': 22, 'preload_buffer_size': 1004628980, 'query_alloc_block_size': 78022979, 'query_cache_limit': 116432471, 'query_cache_min_res_unit': 57189, 'query_cache_size': 1080388909, 'query_cache_wlock_invalidate': 'OFF', 'query_prealloc_size': 31791534, 'range_alloc_block_size': 30486, 'read_buffer_size': 248226936, 'read_rnd_buffer_size': 103478064, 'require_secure_transport': 'OFF', 'session_track_gtids': 'OWN_GTID', 'session_track_schema': 'OFF', 'session_track_state_change': 'OFF', 'session_track_transaction_info': 'OFF', 'show_compatibility_56': 'OFF', 'skip_external_locking': 'OFF', 'skip_name_resolve': 'OFF', 'skip_networking': 'ON', 'slow_query_log': 'ON', 'sort_buffer_size': 13933873, 'stored_program_cache': 263660, 'sync_binlog': 1591364576, 'sync_frm': 'OFF', 'table_definition_cache': 163675, 'table_open_cache': 32590, 'table_open_cache_instances': 12, 'thread_cache_size': 7002, 'tmp_table_size': 690309032, 'transaction_alloc_block_size': 66980, 'transaction_prealloc_size': 62019, 'updatable_views_with_limit': 'YES'}

[INFO] [2024-11-10 07:32:18,879] [autotune] Close db successfully
[INFO] [2024-11-10 07:32:18,880] [autotune] mysql is shut down
[INFO] [2024-11-10 07:32:18,885] [autotune] generated config file done
[INFO] [2024-11-10 07:32:18,924] [autotune] wait for connection
[INFO] [2024-11-10 07:32:49,988] [autotune] 2002: Can't connect to local MySQL server through socket '/var/run/mysqld/mysqld.sock' (2 No such file or directory)
[INFO] [2024-11-10 07:32:50,990] [autotune] 2002: Can't connect to local MySQL server through socket '/var/run/mysqld/mysqld.sock' (2 No such file or directory)
[INFO] [2024-11-10 07:32:51,993] [autotune] 2002: Can't connect to local MySQL server through socket '/var/run/mysqld/mysqld.sock' (2 No such file or directory)
[INFO] [2024-11-10 07:32:52,995] [autotune] 2002: Can't connect to local MySQL server through socket '/var/run/mysqld/mysqld.sock' (2 No such file or directory)
[INFO] [2024-11-10 07:32:53,997] [autotune] 2002: Can't connect to local MySQL server through socket '/var/run/mysqld/mysqld.sock' (2 No such file or directory)
[INFO] [2024-11-10 07:32:54,999] [autotune] 2002: Can't connect to local MySQL server through socket '/var/run/mysqld/mysqld.sock' (2 No such file or directory)
[INFO] [2024-11-10 07:32:56,002] [autotune] 2002: Can't connect to local MySQL server through socket '/var/run/mysqld/mysqld.sock' (2 No such file or directory)
[INFO] [2024-11-10 07:32:57,004] [autotune] 2002: Can't connect to local MySQL server through socket '/var/run/mysqld/mysqld.sock' (2 No such file or directory)
[INFO] [2024-11-10 07:32:58,007] [autotune] 2002: Can't connect to local MySQL server through socket '/var/run/mysqld/mysqld.sock' (2 No such file or directory)
[INFO] [2024-11-10 07:32:59,009] [autotune] 2002: Can't connect to local MySQL server through socket '/var/run/mysqld/mysqld.sock' (2 No such file or directory)
[INFO] [2024-11-10 07:33:00,011] [autotune] 2002: Can't connect to local MySQL server through socket '/var/run/mysqld/mysqld.sock' (2 No such file or directory)
[INFO] [2024-11-10 07:33:01,014] [autotune] 2002: Can't connect to local MySQL server through socket '/var/run/mysqld/mysqld.sock' (2 No such file or directory)
[INFO] [2024-11-10 07:33:02,016] [autotune] 2002: Can't connect to local MySQL server through socket '/var/run/mysqld/mysqld.sock' (2 No such file or directory)
[INFO] [2024-11-10 07:33:03,019] [autotune] 2002: Can't connect to local MySQL server through socket '/var/run/mysqld/mysqld.sock' (2 No such file or directory)
[INFO] [2024-11-10 07:33:04,021] [autotune] 2002: Can't connect to local MySQL server through socket '/var/run/mysqld/mysqld.sock' (2 No such file or directory)
[INFO] [2024-11-10 07:33:05,024] [autotune] 2002: Can't connect to local MySQL server through socket '/var/run/mysqld/mysqld.sock' (2 No such file or directory)
[INFO] [2024-11-10 07:33:06,026] [autotune] 2002: Can't connect to local MySQL server through socket '/var/run/mysqld/mysqld.sock' (2 No such file or directory)
[INFO] [2024-11-10 07:33:07,028] [autotune] 2002: Can't connect to local MySQL server through socket '/var/run/mysqld/mysqld.sock' (2 No such file or directory)
[INFO] [2024-11-10 07:33:08,031] [autotune] 2002: Can't connect to local MySQL server through socket '/var/run/mysqld/mysqld.sock' (2 No such file or directory)
[INFO] [2024-11-10 07:33:09,033] [autotune] 2002: Can't connect to local MySQL server through socket '/var/run/mysqld/mysqld.sock' (2 No such file or directory)
[INFO] [2024-11-10 07:33:10,036] [autotune] 2002: Can't connect to local MySQL server through socket '/var/run/mysqld/mysqld.sock' (2 No such file or directory)
[INFO] [2024-11-10 07:33:11,037] [autotune] 2002: Can't connect to local MySQL server through socket '/var/run/mysqld/mysqld.sock' (2 No such file or directory)
[INFO] [2024-11-10 07:33:12,039] [autotune] 2002: Can't connect to local MySQL server through socket '/var/run/mysqld/mysqld.sock' (2 No such file or directory)
[INFO] [2024-11-10 07:33:13,041] [autotune] 2002: Can't connect to local MySQL server through socket '/var/run/mysqld/mysqld.sock' (2 No such file or directory)
[INFO] [2024-11-10 07:33:14,043] [autotune] 2002: Can't connect to local MySQL server through socket '/var/run/mysqld/mysqld.sock' (2 No such file or directory)
[INFO] [2024-11-10 07:33:15,045] [autotune] 2002: Can't connect to local MySQL server through socket '/var/run/mysqld/mysqld.sock' (2 No such file or directory)
[INFO] [2024-11-10 07:33:16,047] [autotune] 2002: Can't connect to local MySQL server through socket '/var/run/mysqld/mysqld.sock' (2 No such file or directory)
[INFO] [2024-11-10 07:33:17,050] [autotune] 2002: Can't connect to local MySQL server through socket '/var/run/mysqld/mysqld.sock' (2 No such file or directory)
[INFO] [2024-11-10 07:33:18,052] [autotune] 2002: Can't connect to local MySQL server through socket '/var/run/mysqld/mysqld.sock' (2 No such file or directory)
[INFO] [2024-11-10 07:33:19,054] [autotune] 2002: Can't connect to local MySQL server through socket '/var/run/mysqld/mysqld.sock' (2 No such file or directory)
[INFO] [2024-11-10 07:33:20,057] [autotune] 2002: Can't connect to local MySQL server through socket '/var/run/mysqld/mysqld.sock' (2 No such file or directory)
[INFO] [2024-11-10 07:33:21,059] [autotune] 2002: Can't connect to local MySQL server through socket '/var/run/mysqld/mysqld.sock' (2 No such file or directory)
[INFO] [2024-11-10 07:33:22,062] [autotune] 2002: Can't connect to local MySQL server through socket '/var/run/mysqld/mysqld.sock' (2 No such file or directory)
[INFO] [2024-11-10 07:33:23,064] [autotune] 2002: Can't connect to local MySQL server through socket '/var/run/mysqld/mysqld.sock' (2 No such file or directory)
[INFO] [2024-11-10 07:33:24,066] [autotune] 2002: Can't connect to local MySQL server through socket '/var/run/mysqld/mysqld.sock' (2 No such file or directory)
[INFO] [2024-11-10 07:33:25,069] [autotune] 2002: Can't connect to local MySQL server through socket '/var/run/mysqld/mysqld.sock' (2 No such file or directory)
[INFO] [2024-11-10 07:33:26,071] [autotune] 2002: Can't connect to local MySQL server through socket '/var/run/mysqld/mysqld.sock' (2 No such file or directory)
[INFO] [2024-11-10 07:33:27,074] [autotune] 2002: Can't connect to local MySQL server through socket '/var/run/mysqld/mysqld.sock' (2 No such file or directory)
[INFO] [2024-11-10 07:33:28,076] [autotune] 2002: Can't connect to local MySQL server through socket '/var/run/mysqld/mysqld.sock' (2 No such file or directory)
[INFO] [2024-11-10 07:33:29,078] [autotune] 2002: Can't connect to local MySQL server through socket '/var/run/mysqld/mysqld.sock' (2 No such file or directory)
[INFO] [2024-11-10 07:33:30,081] [autotune] 2002: Can't connect to local MySQL server through socket '/var/run/mysqld/mysqld.sock' (2 No such file or directory)
[INFO] [2024-11-10 07:33:31,083] [autotune] 2002: Can't connect to local MySQL server through socket '/var/run/mysqld/mysqld.sock' (2 No such file or directory)
[INFO] [2024-11-10 07:33:32,085] [autotune] 2002: Can't connect to local MySQL server through socket '/var/run/mysqld/mysqld.sock' (2 No such file or directory)
[INFO] [2024-11-10 07:33:33,087] [autotune] 2002: Can't connect to local MySQL server through socket '/var/run/mysqld/mysqld.sock' (2 No such file or directory)
[INFO] [2024-11-10 07:33:34,089] [autotune] 2002: Can't connect to local MySQL server through socket '/var/run/mysqld/mysqld.sock' (2 No such file or directory)
[INFO] [2024-11-10 07:33:35,092] [autotune] 2002: Can't connect to local MySQL server through socket '/var/run/mysqld/mysqld.sock' (2 No such file or directory)
[INFO] [2024-11-10 07:33:36,094] [autotune] 2002: Can't connect to local MySQL server through socket '/var/run/mysqld/mysqld.sock' (2 No such file or directory)
[INFO] [2024-11-10 07:33:37,096] [autotune] 2002: Can't connect to local MySQL server through socket '/var/run/mysqld/mysqld.sock' (2 No such file or directory)
[INFO] [2024-11-10 07:33:38,099] [autotune] 2002: Can't connect to local MySQL server through socket '/var/run/mysqld/mysqld.sock' (2 No such file or directory)
[INFO] [2024-11-10 07:33:39,101] [autotune] 2002: Can't connect to local MySQL server through socket '/var/run/mysqld/mysqld.sock' (2 No such file or directory)
[INFO] [2024-11-10 07:33:40,103] [autotune] 2002: Can't connect to local MySQL server through socket '/var/run/mysqld/mysqld.sock' (2 No such file or directory)
[INFO] [2024-11-10 07:33:41,106] [autotune] 2002: Can't connect to local MySQL server through socket '/var/run/mysqld/mysqld.sock' (2 No such file or directory)
[INFO] [2024-11-10 07:33:42,108] [autotune] 2002: Can't connect to local MySQL server through socket '/var/run/mysqld/mysqld.sock' (2 No such file or directory)
[INFO] [2024-11-10 07:33:43,111] [autotune] 2002: Can't connect to local MySQL server through socket '/var/run/mysqld/mysqld.sock' (2 No such file or directory)
[INFO] [2024-11-10 07:33:44,113] [autotune] 2002: Can't connect to local MySQL server through socket '/var/run/mysqld/mysqld.sock' (2 No such file or directory)
[INFO] [2024-11-10 07:33:45,115] [autotune] 2002: Can't connect to local MySQL server through socket '/var/run/mysqld/mysqld.sock' (2 No such file or directory)
[INFO] [2024-11-10 07:33:46,117] [autotune] 2002: Can't connect to local MySQL server through socket '/var/run/mysqld/mysqld.sock' (2 No such file or directory)
[INFO] [2024-11-10 07:33:47,119] [autotune] 2002: Can't connect to local MySQL server through socket '/var/run/mysqld/mysqld.sock' (2 No such file or directory)
[INFO] [2024-11-10 07:33:48,121] [autotune] 2002: Can't connect to local MySQL server through socket '/var/run/mysqld/mysqld.sock' (2 No such file or directory)
[INFO] [2024-11-10 07:33:49,124] [autotune] 2002: Can't connect to local MySQL server through socket '/var/run/mysqld/mysqld.sock' (2 No such file or directory)
[INFO] [2024-11-10 07:33:50,126] [autotune] 2002: Can't connect to local MySQL server through socket '/var/run/mysqld/mysqld.sock' (2 No such file or directory)
[INFO] [2024-11-10 07:33:51,128] [autotune] 2002: Can't connect to local MySQL server through socket '/var/run/mysqld/mysqld.sock' (2 No such file or directory)
[INFO] [2024-11-10 07:33:52,131] [autotune] 2002: Can't connect to local MySQL server through socket '/var/run/mysqld/mysqld.sock' (2 No such file or directory)
[INFO] [2024-11-10 07:33:53,133] [autotune] 2002: Can't connect to local MySQL server through socket '/var/run/mysqld/mysqld.sock' (2 No such file or directory)
[INFO] [2024-11-10 07:33:54,135] [autotune] 2002: Can't connect to local MySQL server through socket '/var/run/mysqld/mysqld.sock' (2 No such file or directory)
[INFO] [2024-11-10 07:33:55,138] [autotune] 2002: Can't connect to local MySQL server through socket '/var/run/mysqld/mysqld.sock' (2 No such file or directory)
[INFO] [2024-11-10 07:33:56,140] [autotune] 2002: Can't connect to local MySQL server through socket '/var/run/mysqld/mysqld.sock' (2 No such file or directory)
[INFO] [2024-11-10 07:33:57,143] [autotune] 2002: Can't connect to local MySQL server through socket '/var/run/mysqld/mysqld.sock' (2 No such file or directory)
[INFO] [2024-11-10 07:33:58,145] [autotune] 2002: Can't connect to local MySQL server through socket '/var/run/mysqld/mysqld.sock' (2 No such file or directory)
[INFO] [2024-11-10 07:33:59,147] [autotune] 2002: Can't connect to local MySQL server through socket '/var/run/mysqld/mysqld.sock' (2 No such file or directory)
[INFO] [2024-11-10 07:34:00,150] [autotune] 2002: Can't connect to local MySQL server through socket '/var/run/mysqld/mysqld.sock' (2 No such file or directory)
[INFO] [2024-11-10 07:34:01,152] [autotune] 2002: Can't connect to local MySQL server through socket '/var/run/mysqld/mysqld.sock' (2 No such file or directory)
[INFO] [2024-11-10 07:34:02,154] [autotune] 2002: Can't connect to local MySQL server through socket '/var/run/mysqld/mysqld.sock' (2 No such file or directory)
[INFO] [2024-11-10 07:34:03,157] [autotune] 2002: Can't connect to local MySQL server through socket '/var/run/mysqld/mysqld.sock' (2 No such file or directory)
[INFO] [2024-11-10 07:34:04,159] [autotune] 2002: Can't connect to local MySQL server through socket '/var/run/mysqld/mysqld.sock' (2 No such file or directory)
[INFO] [2024-11-10 07:34:05,161] [autotune] 2002: Can't connect to local MySQL server through socket '/var/run/mysqld/mysqld.sock' (2 No such file or directory)
[INFO] [2024-11-10 07:34:06,164] [autotune] 2002: Can't connect to local MySQL server through socket '/var/run/mysqld/mysqld.sock' (2 No such file or directory)
[INFO] [2024-11-10 07:34:07,166] [autotune] 2002: Can't connect to local MySQL server through socket '/var/run/mysqld/mysqld.sock' (2 No such file or directory)
[INFO] [2024-11-10 07:34:08,168] [autotune] 2002: Can't connect to local MySQL server through socket '/var/run/mysqld/mysqld.sock' (2 No such file or directory)
[INFO] [2024-11-10 07:34:09,170] [autotune] 2002: Can't connect to local MySQL server through socket '/var/run/mysqld/mysqld.sock' (2 No such file or directory)
[INFO] [2024-11-10 07:34:10,176] [autotune] Connected to MySQL db
[INFO] [2024-11-10 07:34:10,176] [autotune] finish 111 seconds waiting for connection
[INFO] [2024-11-10 07:34:10,177] [autotune] /usr/sbin/mysqld --defaults-file=scripts/template/experiment_normandy.cnf
[INFO] [2024-11-10 07:34:10,177] [autotune] mysql is up
[INFO] [2024-11-10 07:34:10,177] [autotune] sleeping for 5 seconds after restarting mysql
[INFO] [2024-11-10 07:34:16,078] [autotune] [DBG]. bash /usr/local/lib/python3.8/dist-packages/autotune/cli/run_oltpbench.sh wikipedia /oltpbench/config/sample_wikipedia_config.xml 1731224056
[INFO] [2024-11-10 07:35:21,224] [DBTune-oltpbench_wikipedia_smac_ground_truth] Iteration 6, objective value: [2147483647].
[INFO] [2024-11-10 07:35:21,239] [autotune] [step 7] generate knobs: {'autocommit': 'OFF', 'automatic_sp_privileges': 'ON', 'back_log': 54754, 'binlog_cache_size': 1913874593, 'binlog_direct_non_transactional_updates': 'ON', 'binlog_error_action': 'IGNORE_ERROR', 'binlog_format': 'ROW', 'binlog_group_commit_sync_delay': 874889, 'binlog_group_commit_sync_no_delay_count': 74339, 'binlog_order_commits': 'OFF', 'binlog_row_image': 'minimal', 'binlog_rows_query_log_events': 'ON', 'binlog_stmt_cache_size': 1910979912, 'bulk_insert_buffer_size': 52959706, 'check_proxy_users': 'ON', 'completion_type': 'RELEASE', 'concurrent_insert': 'NEVER', 'connect_timeout': 15881091, 'default_week_format': 3, 'delay_key_write': 'OFF', 'div_precision_increment': 5, 'end_markers_in_json': 'OFF', 'eq_range_index_dive_limit': 2813121529, 'expire_logs_days': 67, 'explicit_defaults_for_timestamp': 'ON', 'flush': 'OFF', 'flush_time': 10, 'ft_min_word_len': 4, 'ft_query_expansion_limit': 420, 'general_log': 'OFF', 'group_concat_max_len': 5145699364168018000, 'host_cache_size': 20475, 'innodb_adaptive_flushing': 'ON', 'innodb_adaptive_flushing_lwm': 67, 'innodb_adaptive_hash_index_parts': 67, 'innodb_adaptive_max_sleep_delay': 548205, 'innodb_api_bk_commit_interval': 949886164, 'innodb_api_disable_rowlock': 'OFF', 'innodb_api_enable_binlog': 'ON', 'innodb_api_enable_mdl': 'OFF', 'innodb_autoextend_increment': 754, 'innodb_buffer_pool_size': 15517540088, 'innodb_change_buffer_max_size': 0, 'innodb_change_buffering': 'purges', 'innodb_cmp_per_index_enabled': 'ON', 'innodb_commit_concurrency': 395, 'innodb_compression_failure_threshold_pct': 8, 'innodb_compression_level': 1, 'innodb_compression_pad_pct_max': 45, 'innodb_concurrency_tickets': 4233271649, 'innodb_deadlock_detect': 'OFF', 'innodb_default_row_format': 'DYNAMIC', 'innodb_disable_sort_file_cache': 'OFF', 'innodb_doublewrite': 'OFF', 'innodb_file_per_table': 'ON', 'innodb_fill_factor': 24, 'innodb_flush_log_at_timeout': 1691, 'innodb_flush_log_at_trx_commit': '1', 'innodb_flush_neighbors': '1', 'innodb_flush_sync': 'OFF', 'innodb_flushing_avg_loops': 880, 'innodb_ft_cache_size': 68861763, 'innodb_ft_enable_diag_print': 'ON', 'innodb_ft_enable_stopword': 'OFF', 'innodb_ft_max_token_size': 59, 'innodb_ft_min_token_size': 8, 'innodb_ft_num_word_optimize': 7380, 'innodb_ft_result_cache_limit': 3713204837, 'innodb_ft_sort_pll_degree': 11, 'innodb_ft_total_cache_size': 1416799079, 'innodb_io_capacity': 1728817, 'innodb_io_capacity_max': 14023, 'innodb_log_buffer_size': 2974398777, 'innodb_log_compressed_pages': 'ON', 'innodb_log_file_size': 77523925, 'innodb_log_files_in_group': 5, 'innodb_log_write_ahead_size': 2964, 'innodb_lru_scan_depth': 1658, 'innodb_max_dirty_pages_pct': 21, 'innodb_max_dirty_pages_pct_lwm': 41, 'innodb_max_purge_lag': 1051640656, 'innodb_max_purge_lag_delay': 3032031, 'innodb_max_undo_log_size': 16792425142915318000, 'innodb_old_blocks_time': 4169976058, 'innodb_online_alter_log_max_size': 8458059881697792000, 'innodb_open_files': 251791, 'innodb_optimize_fulltext_only': 'ON', 'innodb_page_cleaners': 4, 'innodb_print_all_deadlocks': 'OFF', 'innodb_purge_batch_size': 3040, 'innodb_purge_rseg_truncate_frequency': 72, 'innodb_purge_threads': 20, 'innodb_random_read_ahead': 'ON', 'innodb_read_ahead_threshold': 13, 'innodb_read_io_threads': 42, 'innodb_replication_delay': 2872, 'innodb_rollback_on_timeout': 'OFF', 'innodb_rollback_segments': 35, 'innodb_sort_buffer_size': 20479863, 'innodb_spin_wait_delay': 5811, 'innodb_stats_auto_recalc': 'ON', 'innodb_stats_include_delete_marked': 'ON', 'innodb_stats_method': 'nulls_equal', 'innodb_stats_on_metadata': 'ON', 'innodb_stats_persistent': 'ON', 'innodb_stats_transient_sample_pages': 42, 'innodb_strict_mode': 'ON', 'innodb_sync_array_size': 583, 'innodb_sync_spin_loops': 17799, 'innodb_table_locks': 'OFF', 'innodb_thread_concurrency': 934, 'innodb_thread_sleep_delay': 478130, 'innodb_undo_log_truncate': 'ON', 'innodb_use_native_aio': 'OFF', 'innodb_write_io_threads': 34, 'join_buffer_size': 1060233057, 'keep_files_on_create': 'ON', 'key_buffer_size': 12301162233, 'key_cache_age_threshold': 11094, 'key_cache_block_size': 1253, 'key_cache_division_limit': 65, 'local_infile': 'OFF', 'log_bin_trust_function_creators': 'ON', 'log_bin_use_v1_row_events': 'ON', 'log_builtin_as_identified_by_password': 'OFF', 'log_output': 'FILE', 'log_queries_not_using_indexes': 'ON', 'log_slave_updates': 'ON', 'log_slow_admin_statements': 'OFF', 'log_statements_unsafe_for_binlog': 'OFF', 'log_syslog_include_pid': 'OFF', 'log_timestamps': 'SYSTEM', 'long_query_time': 19, 'low_priority_updates': 'OFF', 'lower_case_table_names': 0, 'master_verify_checksum': 'OFF', 'max_allowed_packet': 16994845, 'max_binlog_cache_size': 17677981566777046000, 'max_binlog_size': 460344507, 'max_binlog_stmt_cache_size': 17981421534070670000, 'max_connections': 88870, 'max_delayed_threads': 11988, 'max_digest_length': 229400, 'max_error_count': 35826, 'max_heap_table_size': 1040745279, 'max_join_size': 10417162147663680000, 'max_length_for_sort_data': 631385, 'max_points_in_geometry': 157962, 'max_prepared_stmt_count': 604346, 'max_seeks_for_key': 13465455315134326000, 'max_sort_length': 5851635, 'max_user_connections': 4135269379, 'max_write_lock_count': 10451495034399250000, 'multi_range_count': 2193441456, 'mysql_native_password_proxy_users': 'ON', 'net_buffer_length': 580673, 'net_read_timeout': 21, 'net_write_timeout': 11, 'ngram_token_size': 10, 'offline_mode': 'OFF', 'old_alter_table': 'OFF', 'old_passwords': '0', 'open_files_limit': 381936, 'optimizer_prune_level': 1, 'optimizer_search_depth': 8, 'preload_buffer_size': 99297547, 'query_alloc_block_size': 80221006, 'query_cache_limit': 30100359, 'query_cache_min_res_unit': 8650, 'query_cache_size': 395825205, 'query_cache_wlock_invalidate': 'ON', 'query_prealloc_size': 102306822, 'range_alloc_block_size': 59537, 'read_buffer_size': 19260571, 'read_rnd_buffer_size': 110660496, 'require_secure_transport': 'ON', 'session_track_gtids': 'ALL_GTIDS', 'session_track_schema': 'ON', 'session_track_state_change': 'ON', 'session_track_transaction_info': 'STATE', 'show_compatibility_56': 'ON', 'skip_external_locking': 'OFF', 'skip_name_resolve': 'OFF', 'skip_networking': 'OFF', 'slow_query_log': 'OFF', 'sort_buffer_size': 129115943, 'stored_program_cache': 180271, 'sync_binlog': 3504910558, 'sync_frm': 'ON', 'table_definition_cache': 224993, 'table_open_cache': 67547, 'table_open_cache_instances': 13, 'thread_cache_size': 3045, 'tmp_table_size': 180044972, 'transaction_alloc_block_size': 107080, 'transaction_prealloc_size': 84729, 'updatable_views_with_limit': 'YES'}

[INFO] [2024-11-10 07:35:26,291] [autotune] Close db successfully
[INFO] [2024-11-10 07:35:26,292] [autotune] mysql is shut down
[INFO] [2024-11-10 07:35:26,298] [autotune] generated config file done
[INFO] [2024-11-10 07:35:26,338] [autotune] wait for connection
[INFO] [2024-11-10 07:35:41,373] [autotune] Connected to MySQL db
[INFO] [2024-11-10 07:35:41,374] [autotune] finish 15 seconds waiting for connection
[INFO] [2024-11-10 07:35:41,374] [autotune] /usr/sbin/mysqld --defaults-file=scripts/template/experiment_normandy.cnf
[INFO] [2024-11-10 07:35:41,374] [autotune] mysql is up
[INFO] [2024-11-10 07:35:41,374] [autotune] sleeping for 5 seconds after restarting mysql
[INFO] [2024-11-10 07:35:46,799] [autotune] [DBG]. bash /usr/local/lib/python3.8/dist-packages/autotune/cli/run_oltpbench.sh wikipedia /oltpbench/config/sample_wikipedia_config.xml 1731224146
[INFO] [2024-11-10 07:36:52,115] [DBTune-oltpbench_wikipedia_smac_ground_truth] Iteration 7, objective value: [2147483647].
[INFO] [2024-11-10 07:36:52,130] [autotune] [step 8] generate knobs: {'autocommit': 'OFF', 'automatic_sp_privileges': 'OFF', 'back_log': 14225, 'binlog_cache_size': 520409789, 'binlog_direct_non_transactional_updates': 'OFF', 'binlog_error_action': 'IGNORE_ERROR', 'binlog_format': 'STATEMENT', 'binlog_group_commit_sync_delay': 928499, 'binlog_group_commit_sync_no_delay_count': 56758, 'binlog_order_commits': 'ON', 'binlog_row_image': 'noblob', 'binlog_rows_query_log_events': 'OFF', 'binlog_stmt_cache_size': 2978349205, 'bulk_insert_buffer_size': 59664111, 'check_proxy_users': 'ON', 'completion_type': 'NO_CHAIN', 'concurrent_insert': 'NEVER', 'connect_timeout': 13806813, 'default_week_format': 5, 'delay_key_write': 'ON', 'div_precision_increment': 7, 'end_markers_in_json': 'OFF', 'eq_range_index_dive_limit': 4101965305, 'expire_logs_days': 2, 'explicit_defaults_for_timestamp': 'OFF', 'flush': 'OFF', 'flush_time': 1, 'ft_min_word_len': 3, 'ft_query_expansion_limit': 797, 'general_log': 'OFF', 'group_concat_max_len': 5203015681448366000, 'host_cache_size': 31960, 'innodb_adaptive_flushing': 'OFF', 'innodb_adaptive_flushing_lwm': 34, 'innodb_adaptive_hash_index_parts': 33, 'innodb_adaptive_max_sleep_delay': 657542, 'innodb_api_bk_commit_interval': 353712592, 'innodb_api_disable_rowlock': 'OFF', 'innodb_api_enable_binlog': 'ON', 'innodb_api_enable_mdl': 'ON', 'innodb_autoextend_increment': 767, 'innodb_buffer_pool_size': 32581198592, 'innodb_change_buffer_max_size': 16, 'innodb_change_buffering': 'inserts', 'innodb_cmp_per_index_enabled': 'OFF', 'innodb_commit_concurrency': 438, 'innodb_compression_failure_threshold_pct': 61, 'innodb_compression_level': 0, 'innodb_compression_pad_pct_max': 0, 'innodb_concurrency_tickets': 875346771, 'innodb_deadlock_detect': 'ON', 'innodb_default_row_format': 'REDUNDANT', 'innodb_disable_sort_file_cache': 'OFF', 'innodb_doublewrite': 'OFF', 'innodb_file_per_table': 'ON', 'innodb_fill_factor': 71, 'innodb_flush_log_at_timeout': 2447, 'innodb_flush_log_at_trx_commit': '1', 'innodb_flush_neighbors': '0', 'innodb_flush_sync': 'ON', 'innodb_flushing_avg_loops': 322, 'innodb_ft_cache_size': 52714846, 'innodb_ft_enable_diag_print': 'ON', 'innodb_ft_enable_stopword': 'ON', 'innodb_ft_max_token_size': 40, 'innodb_ft_min_token_size': 1, 'innodb_ft_num_word_optimize': 6175, 'innodb_ft_result_cache_limit': 1809328413, 'innodb_ft_sort_pll_degree': 7, 'innodb_ft_total_cache_size': 102299499, 'innodb_io_capacity': 1931816, 'innodb_io_capacity_max': 20720, 'innodb_log_buffer_size': 1458650054, 'innodb_log_compressed_pages': 'OFF', 'innodb_log_file_size': 224849186, 'innodb_log_files_in_group': 4, 'innodb_log_write_ahead_size': 15659, 'innodb_lru_scan_depth': 9448, 'innodb_max_dirty_pages_pct': 59, 'innodb_max_dirty_pages_pct_lwm': 73, 'innodb_max_purge_lag': 3094523272, 'innodb_max_purge_lag_delay': 9801866, 'innodb_max_undo_log_size': 8144227652938480000, 'innodb_old_blocks_time': 3087903978, 'innodb_online_alter_log_max_size': 2825296896670447000, 'innodb_open_files': 317654, 'innodb_optimize_fulltext_only': 'ON', 'innodb_page_cleaners': 4, 'innodb_print_all_deadlocks': 'ON', 'innodb_purge_batch_size': 3355, 'innodb_purge_rseg_truncate_frequency': 16, 'innodb_purge_threads': 4, 'innodb_random_read_ahead': 'OFF', 'innodb_read_ahead_threshold': 55, 'innodb_read_io_threads': 26, 'innodb_replication_delay': 9433, 'innodb_rollback_on_timeout': 'OFF', 'innodb_rollback_segments': 95, 'innodb_sort_buffer_size': 55033988, 'innodb_spin_wait_delay': 2829, 'innodb_stats_auto_recalc': 'OFF', 'innodb_stats_include_delete_marked': 'ON', 'innodb_stats_method': 'nulls_equal', 'innodb_stats_on_metadata': 'ON', 'innodb_stats_persistent': 'ON', 'innodb_stats_transient_sample_pages': 98, 'innodb_strict_mode': 'ON', 'innodb_sync_array_size': 359, 'innodb_sync_spin_loops': 23668, 'innodb_table_locks': 'ON', 'innodb_thread_concurrency': 285, 'innodb_thread_sleep_delay': 202676, 'innodb_undo_log_truncate': 'OFF', 'innodb_use_native_aio': 'OFF', 'innodb_write_io_threads': 56, 'join_buffer_size': 955175214, 'keep_files_on_create': 'OFF', 'key_buffer_size': 8556726967, 'key_cache_age_threshold': 26809, 'key_cache_block_size': 13402, 'key_cache_division_limit': 21, 'local_infile': 'OFF', 'log_bin_trust_function_creators': 'OFF', 'log_bin_use_v1_row_events': 'ON', 'log_builtin_as_identified_by_password': 'ON', 'log_output': 'TABLE', 'log_queries_not_using_indexes': 'OFF', 'log_slave_updates': 'OFF', 'log_slow_admin_statements': 'ON', 'log_statements_unsafe_for_binlog': 'OFF', 'log_syslog_include_pid': 'ON', 'log_timestamps': 'UTC', 'long_query_time': 8, 'low_priority_updates': 'ON', 'lower_case_table_names': 1, 'master_verify_checksum': 'OFF', 'max_allowed_packet': 522364843, 'max_binlog_cache_size': 15122936299007376000, 'max_binlog_size': 471664276, 'max_binlog_stmt_cache_size': 3993113681605752000, 'max_connections': 75975, 'max_delayed_threads': 7475, 'max_digest_length': 825442, 'max_error_count': 5787, 'max_heap_table_size': 931803068, 'max_join_size': 13324076077155908000, 'max_length_for_sort_data': 6354008, 'max_points_in_geometry': 207076, 'max_prepared_stmt_count': 154102, 'max_seeks_for_key': 15861124624894590000, 'max_sort_length': 1650200, 'max_user_connections': 3108108608, 'max_write_lock_count': 13280942620179336000, 'multi_range_count': 933168296, 'mysql_native_password_proxy_users': 'OFF', 'net_buffer_length': 284220, 'net_read_timeout': 15, 'net_write_timeout': 86, 'ngram_token_size': 5, 'offline_mode': 'OFF', 'old_alter_table': 'ON', 'old_passwords': '2', 'open_files_limit': 428009, 'optimizer_prune_level': 1, 'optimizer_search_depth': 11, 'preload_buffer_size': 809764177, 'query_alloc_block_size': 80447710, 'query_cache_limit': 53710715, 'query_cache_min_res_unit': 40882, 'query_cache_size': 1472824374, 'query_cache_wlock_invalidate': 'OFF', 'query_prealloc_size': 132500208, 'range_alloc_block_size': 19180, 'read_buffer_size': 170103932, 'read_rnd_buffer_size': 50237830, 'require_secure_transport': 'OFF', 'session_track_gtids': 'ALL_GTIDS', 'session_track_schema': 'ON', 'session_track_state_change': 'OFF', 'session_track_transaction_info': 'CHARACTERISTICS', 'show_compatibility_56': 'ON', 'skip_external_locking': 'OFF', 'skip_name_resolve': 'OFF', 'skip_networking': 'OFF', 'slow_query_log': 'ON', 'sort_buffer_size': 114437049, 'stored_program_cache': 302649, 'sync_binlog': 3163277250, 'sync_frm': 'ON', 'table_definition_cache': 202239, 'table_open_cache': 13362, 'table_open_cache_instances': 17, 'thread_cache_size': 2220, 'tmp_table_size': 420595792, 'transaction_alloc_block_size': 32824, 'transaction_prealloc_size': 117117, 'updatable_views_with_limit': 'YES'}

[INFO] [2024-11-10 07:36:55,184] [autotune] Close db successfully
[INFO] [2024-11-10 07:36:55,184] [autotune] mysql is shut down
[INFO] [2024-11-10 07:36:55,191] [autotune] generated config file done
[INFO] [2024-11-10 07:36:55,231] [autotune] wait for connection
[INFO] [2024-11-10 07:37:19,285] [autotune] Connected to MySQL db
[INFO] [2024-11-10 07:37:19,285] [autotune] finish 24 seconds waiting for connection
[INFO] [2024-11-10 07:37:19,286] [autotune] /usr/sbin/mysqld --defaults-file=scripts/template/experiment_normandy.cnf
[INFO] [2024-11-10 07:37:19,286] [autotune] mysql is up
[INFO] [2024-11-10 07:37:19,286] [autotune] sleeping for 5 seconds after restarting mysql
[INFO] [2024-11-10 07:37:24,721] [autotune] [DBG]. bash /usr/local/lib/python3.8/dist-packages/autotune/cli/run_oltpbench.sh wikipedia /oltpbench/config/sample_wikipedia_config.xml 1731224244
[INFO] [2024-11-10 07:40:31,680] [autotune] internal metrics: [16840855.62857143, 356783.22857142857, 144455855.54285714, 99934164.11428571, 6275.714285714285, 8816.885714285714, 0.0, 606224852.1142857, 178152126.17142856, 37001.02857142857, 10873.542857142857, 1989142.9142857143, 5224.028571428571, 2031368.0, 0.0, 0.0, 51501348.97142857, 5558.771428571428, 33285996544.0, 0.0, 155780.3142857143, 0.0, 8493.57142857143, 5305.771428571428, 31.0, 3259.4285714285716, 0.0, 0.0, 0.0, 0.0, 0.0, 3271.9142857142856, 0.0, 20212.4, 0.0, 0.0, 16384.0, 0.0, 7547.285714285715, 0.0, 0.0, 352.8857142857143, 91.34285714285714, 0.0, 1395.7714285714285, 0.0, 32.68571428571428, 1.9714285714285715, 9500610.0, 1322.9142857142858, 6330.771428571428, 6986.742857142857, 0.0, 2505259.8857142855, 0.0, 196050.6857142857, 747.8285714285714, 777.4, 8816.228571428572, 866.1142857142858, 99934164.11428571, 747.8285714285714, 0.0, 0.0, 50.885714285714286].
[INFO] [2024-11-10 07:40:31,701] [DBTune-oltpbench_wikipedia_smac_ground_truth] Iteration 8, objective value: [-273.22772601023127].
[INFO] [2024-11-10 07:40:31,713] [autotune] [step 9] generate knobs: {'autocommit': 'OFF', 'automatic_sp_privileges': 'OFF', 'back_log': 19445, 'binlog_cache_size': 1954830043, 'binlog_direct_non_transactional_updates': 'ON', 'binlog_error_action': 'IGNORE_ERROR', 'binlog_format': 'ROW', 'binlog_group_commit_sync_delay': 754070, 'binlog_group_commit_sync_no_delay_count': 75476, 'binlog_order_commits': 'ON', 'binlog_row_image': 'full', 'binlog_rows_query_log_events': 'OFF', 'binlog_stmt_cache_size': 3521229137, 'bulk_insert_buffer_size': 56889645, 'check_proxy_users': 'OFF', 'completion_type': 'RELEASE', 'concurrent_insert': 'NEVER', 'connect_timeout': 1070595, 'default_week_format': 1, 'delay_key_write': 'ALL', 'div_precision_increment': 5, 'end_markers_in_json': 'ON', 'eq_range_index_dive_limit': 3492013081, 'expire_logs_days': 33, 'explicit_defaults_for_timestamp': 'ON', 'flush': 'ON', 'flush_time': 10, 'ft_min_word_len': 4, 'ft_query_expansion_limit': 88, 'general_log': 'OFF', 'group_concat_max_len': 9890558558511260000, 'host_cache_size': 52191, 'innodb_adaptive_flushing': 'OFF', 'innodb_adaptive_flushing_lwm': 0, 'innodb_adaptive_hash_index_parts': 27, 'innodb_adaptive_max_sleep_delay': 170867, 'innodb_api_bk_commit_interval': 553564580, 'innodb_api_disable_rowlock': 'OFF', 'innodb_api_enable_binlog': 'ON', 'innodb_api_enable_mdl': 'OFF', 'innodb_autoextend_increment': 112, 'innodb_buffer_pool_size': 14537726037, 'innodb_change_buffer_max_size': 29, 'innodb_change_buffering': 'none', 'innodb_cmp_per_index_enabled': 'OFF', 'innodb_commit_concurrency': 511, 'innodb_compression_failure_threshold_pct': 98, 'innodb_compression_level': 9, 'innodb_compression_pad_pct_max': 62, 'innodb_concurrency_tickets': 2534095818, 'innodb_deadlock_detect': 'OFF', 'innodb_default_row_format': 'REDUNDANT', 'innodb_disable_sort_file_cache': 'OFF', 'innodb_doublewrite': 'ON', 'innodb_file_per_table': 'OFF', 'innodb_fill_factor': 90, 'innodb_flush_log_at_timeout': 2618, 'innodb_flush_log_at_trx_commit': '1', 'innodb_flush_neighbors': '2', 'innodb_flush_sync': 'OFF', 'innodb_flushing_avg_loops': 251, 'innodb_ft_cache_size': 71817281, 'innodb_ft_enable_diag_print': 'ON', 'innodb_ft_enable_stopword': 'OFF', 'innodb_ft_max_token_size': 38, 'innodb_ft_min_token_size': 14, 'innodb_ft_num_word_optimize': 4080, 'innodb_ft_result_cache_limit': 3478269826, 'innodb_ft_sort_pll_degree': 16, 'innodb_ft_total_cache_size': 966471585, 'innodb_io_capacity': 562082, 'innodb_io_capacity_max': 6935, 'innodb_log_buffer_size': 1414641906, 'innodb_log_compressed_pages': 'ON', 'innodb_log_file_size': 63979948, 'innodb_log_files_in_group': 5, 'innodb_log_write_ahead_size': 12564, 'innodb_lru_scan_depth': 2655, 'innodb_max_dirty_pages_pct': 34, 'innodb_max_dirty_pages_pct_lwm': 76, 'innodb_max_purge_lag': 283717608, 'innodb_max_purge_lag_delay': 4465723, 'innodb_max_undo_log_size': 7141123614839578000, 'innodb_old_blocks_time': 1674256721, 'innodb_online_alter_log_max_size': 9170272427827902000, 'innodb_open_files': 124818, 'innodb_optimize_fulltext_only': 'ON', 'innodb_page_cleaners': 3, 'innodb_print_all_deadlocks': 'ON', 'innodb_purge_batch_size': 4278, 'innodb_purge_rseg_truncate_frequency': 27, 'innodb_purge_threads': 7, 'innodb_random_read_ahead': 'ON', 'innodb_read_ahead_threshold': 1, 'innodb_read_io_threads': 19, 'innodb_replication_delay': 1863, 'innodb_rollback_on_timeout': 'ON', 'innodb_rollback_segments': 94, 'innodb_sort_buffer_size': 30276848, 'innodb_spin_wait_delay': 2135, 'innodb_stats_auto_recalc': 'OFF', 'innodb_stats_include_delete_marked': 'ON', 'innodb_stats_method': 'nulls_equal', 'innodb_stats_on_metadata': 'OFF', 'innodb_stats_persistent': 'ON', 'innodb_stats_transient_sample_pages': 80, 'innodb_strict_mode': 'OFF', 'innodb_sync_array_size': 701, 'innodb_sync_spin_loops': 21120, 'innodb_table_locks': 'ON', 'innodb_thread_concurrency': 185, 'innodb_thread_sleep_delay': 610748, 'innodb_undo_log_truncate': 'ON', 'innodb_use_native_aio': 'ON', 'innodb_write_io_threads': 39, 'join_buffer_size': 644247228, 'keep_files_on_create': 'ON', 'key_buffer_size': 6246907882, 'key_cache_age_threshold': 11772, 'key_cache_block_size': 5039, 'key_cache_division_limit': 56, 'local_infile': 'OFF', 'log_bin_trust_function_creators': 'ON', 'log_bin_use_v1_row_events': 'ON', 'log_builtin_as_identified_by_password': 'OFF', 'log_output': 'FILE', 'log_queries_not_using_indexes': 'ON', 'log_slave_updates': 'ON', 'log_slow_admin_statements': 'ON', 'log_statements_unsafe_for_binlog': 'OFF', 'log_syslog_include_pid': 'ON', 'log_timestamps': 'UTC', 'long_query_time': 13, 'low_priority_updates': 'ON', 'lower_case_table_names': 1, 'master_verify_checksum': 'OFF', 'max_allowed_packet': 550367591, 'max_binlog_cache_size': 2392769342034578000, 'max_binlog_size': 893286948, 'max_binlog_stmt_cache_size': 4236323121389212000, 'max_connections': 78735, 'max_delayed_threads': 11326, 'max_digest_length': 221566, 'max_error_count': 61842, 'max_heap_table_size': 650502517, 'max_join_size': 16584529724816920000, 'max_length_for_sort_data': 1707206, 'max_points_in_geometry': 362064, 'max_prepared_stmt_count': 661142, 'max_seeks_for_key': 17088023138597086000, 'max_sort_length': 8203750, 'max_user_connections': 701585240, 'max_write_lock_count': 350903552895502000, 'multi_range_count': 186032980, 'mysql_native_password_proxy_users': 'ON', 'net_buffer_length': 760745, 'net_read_timeout': 40, 'net_write_timeout': 53, 'ngram_token_size': 5, 'offline_mode': 'OFF', 'old_alter_table': 'ON', 'old_passwords': '2', 'open_files_limit': 327721, 'optimizer_prune_level': 1, 'optimizer_search_depth': 62, 'preload_buffer_size': 371028018, 'query_alloc_block_size': 125896796, 'query_cache_limit': 1887896, 'query_cache_min_res_unit': 23625, 'query_cache_size': 799056587, 'query_cache_wlock_invalidate': 'ON', 'query_prealloc_size': 28814563, 'range_alloc_block_size': 26671, 'read_buffer_size': 746642680, 'read_rnd_buffer_size': 48257722, 'require_secure_transport': 'ON', 'session_track_gtids': 'OFF', 'session_track_schema': 'ON', 'session_track_state_change': 'OFF', 'session_track_transaction_info': 'STATE', 'show_compatibility_56': 'OFF', 'skip_external_locking': 'ON', 'skip_name_resolve': 'OFF', 'skip_networking': 'ON', 'slow_query_log': 'OFF', 'sort_buffer_size': 37975434, 'stored_program_cache': 76526, 'sync_binlog': 4086365275, 'sync_frm': 'ON', 'table_definition_cache': 353912, 'table_open_cache': 189191, 'table_open_cache_instances': 60, 'thread_cache_size': 4392, 'tmp_table_size': 586803227, 'transaction_alloc_block_size': 120035, 'transaction_prealloc_size': 49588, 'updatable_views_with_limit': 'NO'}

[INFO] [2024-11-10 07:40:56,765] [autotune] Close db successfully
[INFO] [2024-11-10 07:40:56,766] [autotune] mysql is shut down
[INFO] [2024-11-10 07:40:56,770] [autotune] generated config file done
[INFO] [2024-11-10 07:40:56,806] [autotune] wait for connection
[INFO] [2024-11-10 07:41:06,831] [autotune] Connected to MySQL db
[INFO] [2024-11-10 07:41:06,832] [autotune] finish 10 seconds waiting for connection
[INFO] [2024-11-10 07:41:06,832] [autotune] /usr/sbin/mysqld --defaults-file=scripts/template/experiment_normandy.cnf
[INFO] [2024-11-10 07:41:06,832] [autotune] mysql is up
[INFO] [2024-11-10 07:41:06,833] [autotune] sleeping for 5 seconds after restarting mysql
[INFO] [2024-11-10 07:41:12,263] [autotune] [DBG]. bash /usr/local/lib/python3.8/dist-packages/autotune/cli/run_oltpbench.sh wikipedia /oltpbench/config/sample_wikipedia_config.xml 1731224472
[INFO] [2024-11-10 07:42:17,403] [DBTune-oltpbench_wikipedia_smac_ground_truth] Iteration 9, objective value: [2147483647].
[INFO] [2024-11-10 07:42:17,422] [autotune] [step 10] generate knobs: {'autocommit': 'OFF', 'automatic_sp_privileges': 'OFF', 'back_log': 36340, 'binlog_cache_size': 3280447193, 'binlog_direct_non_transactional_updates': 'ON', 'binlog_error_action': 'ABORT_SERVER', 'binlog_format': 'ROW', 'binlog_group_commit_sync_delay': 257702, 'binlog_group_commit_sync_no_delay_count': 13443, 'binlog_order_commits': 'ON', 'binlog_row_image': 'full', 'binlog_rows_query_log_events': 'OFF', 'binlog_stmt_cache_size': 2375845807, 'bulk_insert_buffer_size': 4996838, 'check_proxy_users': 'ON', 'completion_type': 'NO_CHAIN', 'concurrent_insert': 'AUTO', 'connect_timeout': 6793086, 'default_week_format': 2, 'delay_key_write': 'ON', 'div_precision_increment': 1, 'end_markers_in_json': 'OFF', 'eq_range_index_dive_limit': 1576542147, 'expire_logs_days': 6, 'explicit_defaults_for_timestamp': 'ON', 'flush': 'ON', 'flush_time': 9, 'ft_min_word_len': 3, 'ft_query_expansion_limit': 606, 'general_log': 'OFF', 'group_concat_max_len': 17871487509218808000, 'host_cache_size': 23119, 'innodb_adaptive_flushing': 'OFF', 'innodb_adaptive_flushing_lwm': 20, 'innodb_adaptive_hash_index_parts': 325, 'innodb_adaptive_max_sleep_delay': 971388, 'innodb_api_bk_commit_interval': 262799174, 'innodb_api_disable_rowlock': 'ON', 'innodb_api_enable_binlog': 'ON', 'innodb_api_enable_mdl': 'ON', 'innodb_autoextend_increment': 561, 'innodb_buffer_pool_size': 11288586992, 'innodb_change_buffer_max_size': 28, 'innodb_change_buffering': 'changes', 'innodb_cmp_per_index_enabled': 'OFF', 'innodb_commit_concurrency': 589, 'innodb_compression_failure_threshold_pct': 7, 'innodb_compression_level': 4, 'innodb_compression_pad_pct_max': 52, 'innodb_concurrency_tickets': 2123685141, 'innodb_deadlock_detect': 'ON', 'innodb_default_row_format': 'REDUNDANT', 'innodb_disable_sort_file_cache': 'ON', 'innodb_doublewrite': 'ON', 'innodb_file_per_table': 'OFF', 'innodb_fill_factor': 17, 'innodb_flush_log_at_timeout': 2367, 'innodb_flush_log_at_trx_commit': '1', 'innodb_flush_neighbors': '1', 'innodb_flush_sync': 'ON', 'innodb_flushing_avg_loops': 818, 'innodb_ft_cache_size': 51339330, 'innodb_ft_enable_diag_print': 'OFF', 'innodb_ft_enable_stopword': 'ON', 'innodb_ft_max_token_size': 19, 'innodb_ft_min_token_size': 13, 'innodb_ft_num_word_optimize': 6554, 'innodb_ft_result_cache_limit': 373815495, 'innodb_ft_sort_pll_degree': 7, 'innodb_ft_total_cache_size': 1443614168, 'innodb_io_capacity': 1975934, 'innodb_io_capacity_max': 7281, 'innodb_log_buffer_size': 1103698, 'innodb_log_compressed_pages': 'ON', 'innodb_log_file_size': 753358817, 'innodb_log_files_in_group': 7, 'innodb_log_write_ahead_size': 2415, 'innodb_lru_scan_depth': 1566, 'innodb_max_dirty_pages_pct': 0, 'innodb_max_dirty_pages_pct_lwm': 8, 'innodb_max_purge_lag': 1360953190, 'innodb_max_purge_lag_delay': 3582518, 'innodb_max_undo_log_size': 10231072388630032000, 'innodb_old_blocks_time': 421734978, 'innodb_online_alter_log_max_size': 2249015760908031000, 'innodb_open_files': 629573, 'innodb_optimize_fulltext_only': 'OFF', 'innodb_page_cleaners': 6, 'innodb_print_all_deadlocks': 'ON', 'innodb_purge_batch_size': 1059, 'innodb_purge_rseg_truncate_frequency': 15, 'innodb_purge_threads': 20, 'innodb_random_read_ahead': 'ON', 'innodb_read_ahead_threshold': 59, 'innodb_read_io_threads': 51, 'innodb_replication_delay': 8168, 'innodb_rollback_on_timeout': 'ON', 'innodb_rollback_segments': 14, 'innodb_sort_buffer_size': 16370388, 'innodb_spin_wait_delay': 5237, 'innodb_stats_auto_recalc': 'ON', 'innodb_stats_include_delete_marked': 'OFF', 'innodb_stats_method': 'nulls_equal', 'innodb_stats_on_metadata': 'ON', 'innodb_stats_persistent': 'OFF', 'innodb_stats_transient_sample_pages': 53, 'innodb_strict_mode': 'OFF', 'innodb_sync_array_size': 193, 'innodb_sync_spin_loops': 5336, 'innodb_table_locks': 'OFF', 'innodb_thread_concurrency': 671, 'innodb_thread_sleep_delay': 823134, 'innodb_undo_log_truncate': 'OFF', 'innodb_use_native_aio': 'OFF', 'innodb_write_io_threads': 29, 'join_buffer_size': 836616416, 'keep_files_on_create': 'ON', 'key_buffer_size': 7894942221, 'key_cache_age_threshold': 10294, 'key_cache_block_size': 6629, 'key_cache_division_limit': 2, 'local_infile': 'ON', 'log_bin_trust_function_creators': 'OFF', 'log_bin_use_v1_row_events': 'ON', 'log_builtin_as_identified_by_password': 'OFF', 'log_output': 'FILE', 'log_queries_not_using_indexes': 'ON', 'log_slave_updates': 'ON', 'log_slow_admin_statements': 'ON', 'log_statements_unsafe_for_binlog': 'OFF', 'log_syslog_include_pid': 'OFF', 'log_timestamps': 'UTC', 'long_query_time': 20, 'low_priority_updates': 'OFF', 'lower_case_table_names': 0, 'master_verify_checksum': 'OFF', 'max_allowed_packet': 816867043, 'max_binlog_cache_size': 6402805368155180000, 'max_binlog_size': 313192365, 'max_binlog_stmt_cache_size': 12579710263070148000, 'max_connections': 46638, 'max_delayed_threads': 4837, 'max_digest_length': 200510, 'max_error_count': 26765, 'max_heap_table_size': 808580673, 'max_join_size': 16960322512336658000, 'max_length_for_sort_data': 300481, 'max_points_in_geometry': 997671, 'max_prepared_stmt_count': 454158, 'max_seeks_for_key': 13923688268058240000, 'max_sort_length': 905282, 'max_user_connections': 1436871074, 'max_write_lock_count': 12966991587367168000, 'multi_range_count': 4125881153, 'mysql_native_password_proxy_users': 'ON', 'net_buffer_length': 841908, 'net_read_timeout': 23, 'net_write_timeout': 112, 'ngram_token_size': 4, 'offline_mode': 'ON', 'old_alter_table': 'OFF', 'old_passwords': '2', 'open_files_limit': 62682, 'optimizer_prune_level': 0, 'optimizer_search_depth': 22, 'preload_buffer_size': 1003756383, 'query_alloc_block_size': 30035242, 'query_cache_limit': 98818452, 'query_cache_min_res_unit': 46302, 'query_cache_size': 1461253974, 'query_cache_wlock_invalidate': 'OFF', 'query_prealloc_size': 45494637, 'range_alloc_block_size': 45200, 'read_buffer_size': 1722935105, 'read_rnd_buffer_size': 105726569, 'require_secure_transport': 'ON', 'session_track_gtids': 'OFF', 'session_track_schema': 'ON', 'session_track_state_change': 'ON', 'session_track_transaction_info': 'CHARACTERISTICS', 'show_compatibility_56': 'OFF', 'skip_external_locking': 'OFF', 'skip_name_resolve': 'ON', 'skip_networking': 'OFF', 'slow_query_log': 'OFF', 'sort_buffer_size': 2178707, 'stored_program_cache': 296100, 'sync_binlog': 3171324163, 'sync_frm': 'ON', 'table_definition_cache': 261265, 'table_open_cache': 238701, 'table_open_cache_instances': 11, 'thread_cache_size': 6746, 'tmp_table_size': 60254712, 'transaction_alloc_block_size': 27579, 'transaction_prealloc_size': 126053, 'updatable_views_with_limit': 'NO'}

[INFO] [2024-11-10 07:42:21,475] [autotune] Close db successfully
[INFO] [2024-11-10 07:42:21,476] [autotune] mysql is shut down
[INFO] [2024-11-10 07:42:21,482] [autotune] generated config file done
[INFO] [2024-11-10 07:42:21,522] [autotune] wait for connection
[INFO] [2024-11-10 07:42:52,584] [autotune] 2002: Can't connect to local MySQL server through socket '/var/run/mysqld/mysqld.sock' (2 No such file or directory)
[INFO] [2024-11-10 07:42:53,587] [autotune] 2002: Can't connect to local MySQL server through socket '/var/run/mysqld/mysqld.sock' (2 No such file or directory)
[INFO] [2024-11-10 07:42:54,589] [autotune] 2002: Can't connect to local MySQL server through socket '/var/run/mysqld/mysqld.sock' (2 No such file or directory)
[INFO] [2024-11-10 07:42:55,591] [autotune] 2002: Can't connect to local MySQL server through socket '/var/run/mysqld/mysqld.sock' (2 No such file or directory)
[INFO] [2024-11-10 07:42:56,594] [autotune] 2002: Can't connect to local MySQL server through socket '/var/run/mysqld/mysqld.sock' (2 No such file or directory)
[INFO] [2024-11-10 07:42:57,596] [autotune] 2002: Can't connect to local MySQL server through socket '/var/run/mysqld/mysqld.sock' (2 No such file or directory)
[INFO] [2024-11-10 07:42:58,598] [autotune] 2002: Can't connect to local MySQL server through socket '/var/run/mysqld/mysqld.sock' (2 No such file or directory)
[INFO] [2024-11-10 07:42:59,601] [autotune] 2002: Can't connect to local MySQL server through socket '/var/run/mysqld/mysqld.sock' (2 No such file or directory)
[INFO] [2024-11-10 07:43:00,603] [autotune] 2002: Can't connect to local MySQL server through socket '/var/run/mysqld/mysqld.sock' (2 No such file or directory)
[INFO] [2024-11-10 07:43:01,605] [autotune] 2002: Can't connect to local MySQL server through socket '/var/run/mysqld/mysqld.sock' (2 No such file or directory)
[INFO] [2024-11-10 07:43:02,608] [autotune] 2002: Can't connect to local MySQL server through socket '/var/run/mysqld/mysqld.sock' (2 No such file or directory)
[INFO] [2024-11-10 07:43:03,610] [autotune] 2002: Can't connect to local MySQL server through socket '/var/run/mysqld/mysqld.sock' (2 No such file or directory)
[INFO] [2024-11-10 07:43:04,613] [autotune] 2002: Can't connect to local MySQL server through socket '/var/run/mysqld/mysqld.sock' (2 No such file or directory)
[INFO] [2024-11-10 07:43:05,615] [autotune] 2002: Can't connect to local MySQL server through socket '/var/run/mysqld/mysqld.sock' (2 No such file or directory)
[INFO] [2024-11-10 07:43:06,617] [autotune] 2002: Can't connect to local MySQL server through socket '/var/run/mysqld/mysqld.sock' (2 No such file or directory)
[INFO] [2024-11-10 07:43:07,620] [autotune] 2002: Can't connect to local MySQL server through socket '/var/run/mysqld/mysqld.sock' (2 No such file or directory)
[INFO] [2024-11-10 07:43:08,622] [autotune] 2002: Can't connect to local MySQL server through socket '/var/run/mysqld/mysqld.sock' (2 No such file or directory)
[INFO] [2024-11-10 07:43:09,624] [autotune] 2002: Can't connect to local MySQL server through socket '/var/run/mysqld/mysqld.sock' (2 No such file or directory)
[INFO] [2024-11-10 07:43:10,627] [autotune] 2002: Can't connect to local MySQL server through socket '/var/run/mysqld/mysqld.sock' (2 No such file or directory)
[INFO] [2024-11-10 07:43:11,629] [autotune] 2002: Can't connect to local MySQL server through socket '/var/run/mysqld/mysqld.sock' (2 No such file or directory)
[INFO] [2024-11-10 07:43:12,632] [autotune] 2002: Can't connect to local MySQL server through socket '/var/run/mysqld/mysqld.sock' (2 No such file or directory)
[INFO] [2024-11-10 07:43:13,634] [autotune] 2002: Can't connect to local MySQL server through socket '/var/run/mysqld/mysqld.sock' (2 No such file or directory)
[INFO] [2024-11-10 07:43:14,636] [autotune] 2002: Can't connect to local MySQL server through socket '/var/run/mysqld/mysqld.sock' (2 No such file or directory)
[INFO] [2024-11-10 07:43:15,639] [autotune] 2002: Can't connect to local MySQL server through socket '/var/run/mysqld/mysqld.sock' (2 No such file or directory)
[INFO] [2024-11-10 07:43:16,641] [autotune] 2002: Can't connect to local MySQL server through socket '/var/run/mysqld/mysqld.sock' (2 No such file or directory)
[INFO] [2024-11-10 07:43:17,644] [autotune] 2002: Can't connect to local MySQL server through socket '/var/run/mysqld/mysqld.sock' (2 No such file or directory)
[INFO] [2024-11-10 07:43:18,646] [autotune] 2002: Can't connect to local MySQL server through socket '/var/run/mysqld/mysqld.sock' (2 No such file or directory)
[INFO] [2024-11-10 07:43:19,649] [autotune] 2002: Can't connect to local MySQL server through socket '/var/run/mysqld/mysqld.sock' (2 No such file or directory)
[INFO] [2024-11-10 07:43:20,651] [autotune] 2002: Can't connect to local MySQL server through socket '/var/run/mysqld/mysqld.sock' (2 No such file or directory)
[INFO] [2024-11-10 07:43:21,653] [autotune] 2002: Can't connect to local MySQL server through socket '/var/run/mysqld/mysqld.sock' (2 No such file or directory)
[INFO] [2024-11-10 07:43:22,655] [autotune] 2002: Can't connect to local MySQL server through socket '/var/run/mysqld/mysqld.sock' (2 No such file or directory)
[INFO] [2024-11-10 07:43:23,658] [autotune] 2002: Can't connect to local MySQL server through socket '/var/run/mysqld/mysqld.sock' (2 No such file or directory)
[INFO] [2024-11-10 07:43:24,660] [autotune] 2002: Can't connect to local MySQL server through socket '/var/run/mysqld/mysqld.sock' (2 No such file or directory)
[INFO] [2024-11-10 07:43:25,663] [autotune] 2002: Can't connect to local MySQL server through socket '/var/run/mysqld/mysqld.sock' (2 No such file or directory)
[INFO] [2024-11-10 07:43:26,665] [autotune] 2002: Can't connect to local MySQL server through socket '/var/run/mysqld/mysqld.sock' (2 No such file or directory)
[INFO] [2024-11-10 07:43:27,668] [autotune] 2002: Can't connect to local MySQL server through socket '/var/run/mysqld/mysqld.sock' (2 No such file or directory)
[INFO] [2024-11-10 07:43:28,670] [autotune] 2002: Can't connect to local MySQL server through socket '/var/run/mysqld/mysqld.sock' (2 No such file or directory)
[INFO] [2024-11-10 07:43:29,672] [autotune] 2002: Can't connect to local MySQL server through socket '/var/run/mysqld/mysqld.sock' (2 No such file or directory)
[INFO] [2024-11-10 07:43:30,675] [autotune] 2002: Can't connect to local MySQL server through socket '/var/run/mysqld/mysqld.sock' (2 No such file or directory)
[INFO] [2024-11-10 07:43:31,677] [autotune] 2002: Can't connect to local MySQL server through socket '/var/run/mysqld/mysqld.sock' (2 No such file or directory)
[INFO] [2024-11-10 07:43:32,680] [autotune] 2002: Can't connect to local MySQL server through socket '/var/run/mysqld/mysqld.sock' (2 No such file or directory)
[INFO] [2024-11-10 07:43:33,682] [autotune] 2002: Can't connect to local MySQL server through socket '/var/run/mysqld/mysqld.sock' (2 No such file or directory)
[INFO] [2024-11-10 07:43:34,685] [autotune] 2002: Can't connect to local MySQL server through socket '/var/run/mysqld/mysqld.sock' (2 No such file or directory)
[INFO] [2024-11-10 07:43:35,687] [autotune] 2002: Can't connect to local MySQL server through socket '/var/run/mysqld/mysqld.sock' (2 No such file or directory)
[INFO] [2024-11-10 07:43:36,689] [autotune] 2002: Can't connect to local MySQL server through socket '/var/run/mysqld/mysqld.sock' (2 No such file or directory)
[INFO] [2024-11-10 07:43:37,692] [autotune] 2002: Can't connect to local MySQL server through socket '/var/run/mysqld/mysqld.sock' (2 No such file or directory)
[INFO] [2024-11-10 07:43:38,694] [autotune] 2002: Can't connect to local MySQL server through socket '/var/run/mysqld/mysqld.sock' (2 No such file or directory)
[INFO] [2024-11-10 07:43:39,696] [autotune] 2002: Can't connect to local MySQL server through socket '/var/run/mysqld/mysqld.sock' (2 No such file or directory)
[INFO] [2024-11-10 07:43:40,698] [autotune] 2002: Can't connect to local MySQL server through socket '/var/run/mysqld/mysqld.sock' (2 No such file or directory)
[INFO] [2024-11-10 07:43:41,701] [autotune] 2002: Can't connect to local MySQL server through socket '/var/run/mysqld/mysqld.sock' (2 No such file or directory)
[INFO] [2024-11-10 07:43:42,703] [autotune] 2002: Can't connect to local MySQL server through socket '/var/run/mysqld/mysqld.sock' (2 No such file or directory)
[INFO] [2024-11-10 07:43:43,706] [autotune] 2002: Can't connect to local MySQL server through socket '/var/run/mysqld/mysqld.sock' (2 No such file or directory)
[INFO] [2024-11-10 07:43:44,708] [autotune] 2002: Can't connect to local MySQL server through socket '/var/run/mysqld/mysqld.sock' (2 No such file or directory)
[INFO] [2024-11-10 07:43:45,710] [autotune] 2002: Can't connect to local MySQL server through socket '/var/run/mysqld/mysqld.sock' (2 No such file or directory)
[INFO] [2024-11-10 07:43:46,712] [autotune] 2002: Can't connect to local MySQL server through socket '/var/run/mysqld/mysqld.sock' (2 No such file or directory)
[INFO] [2024-11-10 07:43:47,715] [autotune] 2002: Can't connect to local MySQL server through socket '/var/run/mysqld/mysqld.sock' (2 No such file or directory)
[INFO] [2024-11-10 07:43:48,717] [autotune] 2002: Can't connect to local MySQL server through socket '/var/run/mysqld/mysqld.sock' (2 No such file or directory)
[INFO] [2024-11-10 07:43:49,719] [autotune] 2002: Can't connect to local MySQL server through socket '/var/run/mysqld/mysqld.sock' (2 No such file or directory)
[INFO] [2024-11-10 07:43:50,721] [autotune] 2002: Can't connect to local MySQL server through socket '/var/run/mysqld/mysqld.sock' (2 No such file or directory)
[INFO] [2024-11-10 07:43:51,723] [autotune] 2002: Can't connect to local MySQL server through socket '/var/run/mysqld/mysqld.sock' (2 No such file or directory)
[INFO] [2024-11-10 07:43:52,726] [autotune] 2002: Can't connect to local MySQL server through socket '/var/run/mysqld/mysqld.sock' (2 No such file or directory)
[INFO] [2024-11-10 07:43:53,728] [autotune] 2002: Can't connect to local MySQL server through socket '/var/run/mysqld/mysqld.sock' (2 No such file or directory)
[INFO] [2024-11-10 07:43:54,730] [autotune] 2002: Can't connect to local MySQL server through socket '/var/run/mysqld/mysqld.sock' (2 No such file or directory)
[INFO] [2024-11-10 07:43:55,733] [autotune] 2002: Can't connect to local MySQL server through socket '/var/run/mysqld/mysqld.sock' (2 No such file or directory)
[INFO] [2024-11-10 07:43:56,735] [autotune] 2002: Can't connect to local MySQL server through socket '/var/run/mysqld/mysqld.sock' (2 No such file or directory)
[INFO] [2024-11-10 07:43:57,737] [autotune] 2002: Can't connect to local MySQL server through socket '/var/run/mysqld/mysqld.sock' (2 No such file or directory)
[INFO] [2024-11-10 07:43:58,740] [autotune] 2002: Can't connect to local MySQL server through socket '/var/run/mysqld/mysqld.sock' (2 No such file or directory)
[INFO] [2024-11-10 07:43:59,742] [autotune] 2002: Can't connect to local MySQL server through socket '/var/run/mysqld/mysqld.sock' (2 No such file or directory)
[INFO] [2024-11-10 07:44:00,744] [autotune] 2002: Can't connect to local MySQL server through socket '/var/run/mysqld/mysqld.sock' (2 No such file or directory)
[INFO] [2024-11-10 07:44:01,750] [autotune] Connected to MySQL db
[INFO] [2024-11-10 07:44:01,751] [autotune] finish 100 seconds waiting for connection
[INFO] [2024-11-10 07:44:01,751] [autotune] /usr/sbin/mysqld --defaults-file=scripts/template/experiment_normandy.cnf
[INFO] [2024-11-10 07:44:01,751] [autotune] mysql is up
[INFO] [2024-11-10 07:44:01,751] [autotune] sleeping for 5 seconds after restarting mysql
[INFO] [2024-11-10 07:44:07,590] [autotune] [DBG]. bash /usr/local/lib/python3.8/dist-packages/autotune/cli/run_oltpbench.sh wikipedia /oltpbench/config/sample_wikipedia_config.xml 1731224647
[INFO] [2024-11-10 07:45:12,720] [DBTune-oltpbench_wikipedia_smac_ground_truth] Iteration 10, objective value: [2147483647].
[INFO] [2024-11-10 07:45:28,654] [autotune] [step 11] generate knobs: {'autocommit': 'OFF', 'automatic_sp_privileges': 'ON', 'back_log': 5936, 'binlog_cache_size': 3368720587, 'binlog_direct_non_transactional_updates': 'OFF', 'binlog_error_action': 'IGNORE_ERROR', 'binlog_format': 'ROW', 'binlog_group_commit_sync_delay': 851727, 'binlog_group_commit_sync_no_delay_count': 24774, 'binlog_order_commits': 'ON', 'binlog_row_image': 'noblob', 'binlog_rows_query_log_events': 'OFF', 'binlog_stmt_cache_size': 2146242905, 'bulk_insert_buffer_size': 81057171, 'check_proxy_users': 'ON', 'completion_type': 'NO_CHAIN', 'concurrent_insert': 'ALWAYS', 'connect_timeout': 29332004, 'default_week_format': 0, 'delay_key_write': 'ON', 'div_precision_increment': 10, 'end_markers_in_json': 'OFF', 'eq_range_index_dive_limit': 2802630284, 'expire_logs_days': 49, 'explicit_defaults_for_timestamp': 'OFF', 'flush': 'OFF', 'flush_time': 4, 'ft_min_word_len': 8, 'ft_query_expansion_limit': 48, 'general_log': 'OFF', 'group_concat_max_len': 653548703750404000, 'host_cache_size': 11429, 'innodb_adaptive_flushing': 'ON', 'innodb_adaptive_flushing_lwm': 60, 'innodb_adaptive_hash_index_parts': 164, 'innodb_adaptive_max_sleep_delay': 146402, 'innodb_api_bk_commit_interval': 103787776, 'innodb_api_disable_rowlock': 'ON', 'innodb_api_enable_binlog': 'OFF', 'innodb_api_enable_mdl': 'ON', 'innodb_autoextend_increment': 920, 'innodb_buffer_pool_size': 15619004984, 'innodb_change_buffer_max_size': 41, 'innodb_change_buffering': 'changes', 'innodb_cmp_per_index_enabled': 'OFF', 'innodb_commit_concurrency': 757, 'innodb_compression_failure_threshold_pct': 74, 'innodb_compression_level': 9, 'innodb_compression_pad_pct_max': 65, 'innodb_concurrency_tickets': 444148186, 'innodb_deadlock_detect': 'ON', 'innodb_default_row_format': 'REDUNDANT', 'innodb_disable_sort_file_cache': 'ON', 'innodb_doublewrite': 'ON', 'innodb_file_per_table': 'ON', 'innodb_fill_factor': 30, 'innodb_flush_log_at_timeout': 1689, 'innodb_flush_log_at_trx_commit': '0', 'innodb_flush_neighbors': '1', 'innodb_flush_sync': 'OFF', 'innodb_flushing_avg_loops': 51, 'innodb_ft_cache_size': 31643383, 'innodb_ft_enable_diag_print': 'ON', 'innodb_ft_enable_stopword': 'ON', 'innodb_ft_max_token_size': 31, 'innodb_ft_min_token_size': 4, 'innodb_ft_num_word_optimize': 8680, 'innodb_ft_result_cache_limit': 2866959154, 'innodb_ft_sort_pll_degree': 2, 'innodb_ft_total_cache_size': 729779223, 'innodb_io_capacity': 1027634, 'innodb_io_capacity_max': 33410, 'innodb_log_buffer_size': 1343545580, 'innodb_log_compressed_pages': 'OFF', 'innodb_log_file_size': 1016219788, 'innodb_log_files_in_group': 8, 'innodb_log_write_ahead_size': 10794, 'innodb_lru_scan_depth': 4964, 'innodb_max_dirty_pages_pct': 15, 'innodb_max_dirty_pages_pct_lwm': 89, 'innodb_max_purge_lag': 3068974601, 'innodb_max_purge_lag_delay': 9439740, 'innodb_max_undo_log_size': 9580835713220088000, 'innodb_old_blocks_time': 1890748386, 'innodb_online_alter_log_max_size': 1591798484431969000, 'innodb_open_files': 370943, 'innodb_optimize_fulltext_only': 'OFF', 'innodb_page_cleaners': 1, 'innodb_print_all_deadlocks': 'ON', 'innodb_purge_batch_size': 4610, 'innodb_purge_rseg_truncate_frequency': 120, 'innodb_purge_threads': 18, 'innodb_random_read_ahead': 'OFF', 'innodb_read_ahead_threshold': 48, 'innodb_read_io_threads': 17, 'innodb_replication_delay': 5100, 'innodb_rollback_on_timeout': 'ON', 'innodb_rollback_segments': 87, 'innodb_sort_buffer_size': 2261209, 'innodb_spin_wait_delay': 2587, 'innodb_stats_auto_recalc': 'OFF', 'innodb_stats_include_delete_marked': 'OFF', 'innodb_stats_method': 'nulls_ignored', 'innodb_stats_on_metadata': 'ON', 'innodb_stats_persistent': 'OFF', 'innodb_stats_transient_sample_pages': 15, 'innodb_strict_mode': 'ON', 'innodb_sync_array_size': 561, 'innodb_sync_spin_loops': 22989, 'innodb_table_locks': 'ON', 'innodb_thread_concurrency': 144, 'innodb_thread_sleep_delay': 956260, 'innodb_undo_log_truncate': 'ON', 'innodb_use_native_aio': 'OFF', 'innodb_write_io_threads': 24, 'join_buffer_size': 341043735, 'keep_files_on_create': 'OFF', 'key_buffer_size': 820517926, 'key_cache_age_threshold': 23530, 'key_cache_block_size': 12861, 'key_cache_division_limit': 33, 'local_infile': 'ON', 'log_bin_trust_function_creators': 'OFF', 'log_bin_use_v1_row_events': 'ON', 'log_builtin_as_identified_by_password': 'OFF', 'log_output': 'NONE', 'log_queries_not_using_indexes': 'ON', 'log_slave_updates': 'OFF', 'log_slow_admin_statements': 'OFF', 'log_statements_unsafe_for_binlog': 'ON', 'log_syslog_include_pid': 'ON', 'log_timestamps': 'UTC', 'long_query_time': 2, 'low_priority_updates': 'OFF', 'lower_case_table_names': 1, 'master_verify_checksum': 'OFF', 'max_allowed_packet': 811971489, 'max_binlog_cache_size': 8501903691805543000, 'max_binlog_size': 1069992778, 'max_binlog_stmt_cache_size': 8255500565336275000, 'max_connections': 43998, 'max_delayed_threads': 14569, 'max_digest_length': 292393, 'max_error_count': 36890, 'max_heap_table_size': 867154431, 'max_join_size': 3790872175689204000, 'max_length_for_sort_data': 4575709, 'max_points_in_geometry': 30455, 'max_prepared_stmt_count': 386031, 'max_seeks_for_key': 17548799946342078000, 'max_sort_length': 1768900, 'max_user_connections': 1937184328, 'max_write_lock_count': 6426945596896504000, 'multi_range_count': 837888678, 'mysql_native_password_proxy_users': 'ON', 'net_buffer_length': 530766, 'net_read_timeout': 46, 'net_write_timeout': 118, 'ngram_token_size': 5, 'offline_mode': 'OFF', 'old_alter_table': 'OFF', 'old_passwords': '0', 'open_files_limit': 231501, 'optimizer_prune_level': 0, 'optimizer_search_depth': 35, 'preload_buffer_size': 700894425, 'query_alloc_block_size': 33945850, 'query_cache_limit': 115893230, 'query_cache_min_res_unit': 16088, 'query_cache_size': 726564482, 'query_cache_wlock_invalidate': 'ON', 'query_prealloc_size': 13759414, 'range_alloc_block_size': 64300, 'read_buffer_size': 1677092296, 'read_rnd_buffer_size': 104353413, 'require_secure_transport': 'OFF', 'session_track_gtids': 'OFF', 'session_track_schema': 'OFF', 'session_track_state_change': 'ON', 'session_track_transaction_info': 'CHARACTERISTICS', 'show_compatibility_56': 'OFF', 'skip_external_locking': 'OFF', 'skip_name_resolve': 'ON', 'skip_networking': 'OFF', 'slow_query_log': 'ON', 'sort_buffer_size': 110511276, 'stored_program_cache': 443195, 'sync_binlog': 2384851922, 'sync_frm': 'OFF', 'table_definition_cache': 338065, 'table_open_cache': 245264, 'table_open_cache_instances': 37, 'thread_cache_size': 1431, 'tmp_table_size': 835985292, 'transaction_alloc_block_size': 17035, 'transaction_prealloc_size': 15225, 'updatable_views_with_limit': 'YES'}

[INFO] [2024-11-10 07:45:32,699] [autotune] Close db successfully
[INFO] [2024-11-10 07:45:32,700] [autotune] mysql is shut down
[INFO] [2024-11-10 07:45:32,702] [autotune] generated config file done
[INFO] [2024-11-10 07:45:32,732] [autotune] wait for connection
[INFO] [2024-11-10 07:46:03,793] [autotune] 2002: Can't connect to local MySQL server through socket '/var/run/mysqld/mysqld.sock' (2 No such file or directory)
[INFO] [2024-11-10 07:46:04,795] [autotune] 2002: Can't connect to local MySQL server through socket '/var/run/mysqld/mysqld.sock' (2 No such file or directory)
[INFO] [2024-11-10 07:46:05,798] [autotune] 2002: Can't connect to local MySQL server through socket '/var/run/mysqld/mysqld.sock' (2 No such file or directory)
[INFO] [2024-11-10 07:46:06,800] [autotune] 2002: Can't connect to local MySQL server through socket '/var/run/mysqld/mysqld.sock' (2 No such file or directory)
[INFO] [2024-11-10 07:46:07,802] [autotune] 2002: Can't connect to local MySQL server through socket '/var/run/mysqld/mysqld.sock' (2 No such file or directory)
[INFO] [2024-11-10 07:46:08,805] [autotune] 2002: Can't connect to local MySQL server through socket '/var/run/mysqld/mysqld.sock' (2 No such file or directory)
[INFO] [2024-11-10 07:46:09,807] [autotune] 2002: Can't connect to local MySQL server through socket '/var/run/mysqld/mysqld.sock' (2 No such file or directory)
[INFO] [2024-11-10 07:46:10,810] [autotune] 2002: Can't connect to local MySQL server through socket '/var/run/mysqld/mysqld.sock' (2 No such file or directory)
[INFO] [2024-11-10 07:46:11,812] [autotune] 2002: Can't connect to local MySQL server through socket '/var/run/mysqld/mysqld.sock' (2 No such file or directory)
[INFO] [2024-11-10 07:46:12,814] [autotune] 2002: Can't connect to local MySQL server through socket '/var/run/mysqld/mysqld.sock' (2 No such file or directory)
[INFO] [2024-11-10 07:46:13,817] [autotune] 2002: Can't connect to local MySQL server through socket '/var/run/mysqld/mysqld.sock' (2 No such file or directory)
[INFO] [2024-11-10 07:46:14,819] [autotune] 2002: Can't connect to local MySQL server through socket '/var/run/mysqld/mysqld.sock' (2 No such file or directory)
[INFO] [2024-11-10 07:46:15,821] [autotune] 2002: Can't connect to local MySQL server through socket '/var/run/mysqld/mysqld.sock' (2 No such file or directory)
[INFO] [2024-11-10 07:46:16,824] [autotune] 2002: Can't connect to local MySQL server through socket '/var/run/mysqld/mysqld.sock' (2 No such file or directory)
[INFO] [2024-11-10 07:46:17,826] [autotune] 2002: Can't connect to local MySQL server through socket '/var/run/mysqld/mysqld.sock' (2 No such file or directory)
[INFO] [2024-11-10 07:46:18,829] [autotune] 2002: Can't connect to local MySQL server through socket '/var/run/mysqld/mysqld.sock' (2 No such file or directory)
[INFO] [2024-11-10 07:46:19,831] [autotune] 2002: Can't connect to local MySQL server through socket '/var/run/mysqld/mysqld.sock' (2 No such file or directory)
[INFO] [2024-11-10 07:46:20,833] [autotune] 2002: Can't connect to local MySQL server through socket '/var/run/mysqld/mysqld.sock' (2 No such file or directory)
[INFO] [2024-11-10 07:46:21,835] [autotune] 2002: Can't connect to local MySQL server through socket '/var/run/mysqld/mysqld.sock' (2 No such file or directory)
[INFO] [2024-11-10 07:46:22,838] [autotune] 2002: Can't connect to local MySQL server through socket '/var/run/mysqld/mysqld.sock' (2 No such file or directory)
[INFO] [2024-11-10 07:46:23,840] [autotune] 2002: Can't connect to local MySQL server through socket '/var/run/mysqld/mysqld.sock' (2 No such file or directory)
[INFO] [2024-11-10 07:46:24,843] [autotune] 2002: Can't connect to local MySQL server through socket '/var/run/mysqld/mysqld.sock' (2 No such file or directory)
[INFO] [2024-11-10 07:46:25,845] [autotune] 2002: Can't connect to local MySQL server through socket '/var/run/mysqld/mysqld.sock' (2 No such file or directory)
[INFO] [2024-11-10 07:46:26,847] [autotune] 2002: Can't connect to local MySQL server through socket '/var/run/mysqld/mysqld.sock' (2 No such file or directory)
[INFO] [2024-11-10 07:46:27,849] [autotune] 2002: Can't connect to local MySQL server through socket '/var/run/mysqld/mysqld.sock' (2 No such file or directory)
[INFO] [2024-11-10 07:46:28,851] [autotune] 2002: Can't connect to local MySQL server through socket '/var/run/mysqld/mysqld.sock' (2 No such file or directory)
[INFO] [2024-11-10 07:46:29,853] [autotune] 2002: Can't connect to local MySQL server through socket '/var/run/mysqld/mysqld.sock' (2 No such file or directory)
[INFO] [2024-11-10 07:46:30,855] [autotune] 2002: Can't connect to local MySQL server through socket '/var/run/mysqld/mysqld.sock' (2 No such file or directory)
[INFO] [2024-11-10 07:46:31,858] [autotune] 2002: Can't connect to local MySQL server through socket '/var/run/mysqld/mysqld.sock' (2 No such file or directory)
[INFO] [2024-11-10 07:46:32,860] [autotune] 2002: Can't connect to local MySQL server through socket '/var/run/mysqld/mysqld.sock' (2 No such file or directory)
[INFO] [2024-11-10 07:46:33,862] [autotune] 2002: Can't connect to local MySQL server through socket '/var/run/mysqld/mysqld.sock' (2 No such file or directory)
[INFO] [2024-11-10 07:46:34,865] [autotune] 2002: Can't connect to local MySQL server through socket '/var/run/mysqld/mysqld.sock' (2 No such file or directory)
[INFO] [2024-11-10 07:46:35,867] [autotune] 2002: Can't connect to local MySQL server through socket '/var/run/mysqld/mysqld.sock' (2 No such file or directory)
[INFO] [2024-11-10 07:46:36,869] [autotune] 2002: Can't connect to local MySQL server through socket '/var/run/mysqld/mysqld.sock' (2 No such file or directory)
[INFO] [2024-11-10 07:46:37,872] [autotune] 2002: Can't connect to local MySQL server through socket '/var/run/mysqld/mysqld.sock' (2 No such file or directory)
[INFO] [2024-11-10 07:46:38,874] [autotune] 2002: Can't connect to local MySQL server through socket '/var/run/mysqld/mysqld.sock' (2 No such file or directory)
[INFO] [2024-11-10 07:46:39,876] [autotune] 2002: Can't connect to local MySQL server through socket '/var/run/mysqld/mysqld.sock' (2 No such file or directory)
[INFO] [2024-11-10 07:46:40,879] [autotune] 2002: Can't connect to local MySQL server through socket '/var/run/mysqld/mysqld.sock' (2 No such file or directory)
[INFO] [2024-11-10 07:46:41,881] [autotune] 2002: Can't connect to local MySQL server through socket '/var/run/mysqld/mysqld.sock' (2 No such file or directory)
[INFO] [2024-11-10 07:46:42,884] [autotune] 2002: Can't connect to local MySQL server through socket '/var/run/mysqld/mysqld.sock' (2 No such file or directory)
[INFO] [2024-11-10 07:46:43,886] [autotune] 2002: Can't connect to local MySQL server through socket '/var/run/mysqld/mysqld.sock' (2 No such file or directory)
[INFO] [2024-11-10 07:46:44,888] [autotune] 2002: Can't connect to local MySQL server through socket '/var/run/mysqld/mysqld.sock' (2 No such file or directory)
[INFO] [2024-11-10 07:46:45,891] [autotune] 2002: Can't connect to local MySQL server through socket '/var/run/mysqld/mysqld.sock' (2 No such file or directory)
[INFO] [2024-11-10 07:46:46,893] [autotune] 2002: Can't connect to local MySQL server through socket '/var/run/mysqld/mysqld.sock' (2 No such file or directory)
[INFO] [2024-11-10 07:46:47,896] [autotune] 2002: Can't connect to local MySQL server through socket '/var/run/mysqld/mysqld.sock' (2 No such file or directory)
[INFO] [2024-11-10 07:46:48,898] [autotune] 2002: Can't connect to local MySQL server through socket '/var/run/mysqld/mysqld.sock' (2 No such file or directory)
[INFO] [2024-11-10 07:46:49,900] [autotune] 2002: Can't connect to local MySQL server through socket '/var/run/mysqld/mysqld.sock' (2 No such file or directory)
[INFO] [2024-11-10 07:46:50,903] [autotune] 2002: Can't connect to local MySQL server through socket '/var/run/mysqld/mysqld.sock' (2 No such file or directory)
[INFO] [2024-11-10 07:46:51,905] [autotune] 2002: Can't connect to local MySQL server through socket '/var/run/mysqld/mysqld.sock' (2 No such file or directory)
[INFO] [2024-11-10 07:46:52,907] [autotune] 2002: Can't connect to local MySQL server through socket '/var/run/mysqld/mysqld.sock' (2 No such file or directory)
[INFO] [2024-11-10 07:46:53,910] [autotune] 2002: Can't connect to local MySQL server through socket '/var/run/mysqld/mysqld.sock' (2 No such file or directory)
[INFO] [2024-11-10 07:46:54,912] [autotune] 2002: Can't connect to local MySQL server through socket '/var/run/mysqld/mysqld.sock' (2 No such file or directory)
[INFO] [2024-11-10 07:46:55,914] [autotune] 2002: Can't connect to local MySQL server through socket '/var/run/mysqld/mysqld.sock' (2 No such file or directory)
[INFO] [2024-11-10 07:46:56,916] [autotune] 2002: Can't connect to local MySQL server through socket '/var/run/mysqld/mysqld.sock' (2 No such file or directory)
[INFO] [2024-11-10 07:46:57,919] [autotune] 2002: Can't connect to local MySQL server through socket '/var/run/mysqld/mysqld.sock' (2 No such file or directory)
[INFO] [2024-11-10 07:46:58,921] [autotune] 2002: Can't connect to local MySQL server through socket '/var/run/mysqld/mysqld.sock' (2 No such file or directory)
[INFO] [2024-11-10 07:46:59,924] [autotune] 2002: Can't connect to local MySQL server through socket '/var/run/mysqld/mysqld.sock' (2 No such file or directory)
[INFO] [2024-11-10 07:47:00,926] [autotune] 2002: Can't connect to local MySQL server through socket '/var/run/mysqld/mysqld.sock' (2 No such file or directory)
[INFO] [2024-11-10 07:47:01,929] [autotune] 2002: Can't connect to local MySQL server through socket '/var/run/mysqld/mysqld.sock' (2 No such file or directory)
[INFO] [2024-11-10 07:47:02,931] [autotune] 2002: Can't connect to local MySQL server through socket '/var/run/mysqld/mysqld.sock' (2 No such file or directory)
[INFO] [2024-11-10 07:47:03,933] [autotune] 2002: Can't connect to local MySQL server through socket '/var/run/mysqld/mysqld.sock' (2 No such file or directory)
[INFO] [2024-11-10 07:47:04,936] [autotune] 2002: Can't connect to local MySQL server through socket '/var/run/mysqld/mysqld.sock' (2 No such file or directory)
[INFO] [2024-11-10 07:47:05,938] [autotune] 2002: Can't connect to local MySQL server through socket '/var/run/mysqld/mysqld.sock' (2 No such file or directory)
[INFO] [2024-11-10 07:47:06,940] [autotune] 2002: Can't connect to local MySQL server through socket '/var/run/mysqld/mysqld.sock' (2 No such file or directory)
[INFO] [2024-11-10 07:47:07,943] [autotune] 2002: Can't connect to local MySQL server through socket '/var/run/mysqld/mysqld.sock' (2 No such file or directory)
[INFO] [2024-11-10 07:47:08,945] [autotune] 2002: Can't connect to local MySQL server through socket '/var/run/mysqld/mysqld.sock' (2 No such file or directory)
[INFO] [2024-11-10 07:47:09,947] [autotune] 2002: Can't connect to local MySQL server through socket '/var/run/mysqld/mysqld.sock' (2 No such file or directory)
[INFO] [2024-11-10 07:47:10,950] [autotune] 2002: Can't connect to local MySQL server through socket '/var/run/mysqld/mysqld.sock' (2 No such file or directory)
[INFO] [2024-11-10 07:47:11,952] [autotune] 2002: Can't connect to local MySQL server through socket '/var/run/mysqld/mysqld.sock' (2 No such file or directory)
[INFO] [2024-11-10 07:47:12,955] [autotune] 2002: Can't connect to local MySQL server through socket '/var/run/mysqld/mysqld.sock' (2 No such file or directory)
[INFO] [2024-11-10 07:47:13,957] [autotune] 2002: Can't connect to local MySQL server through socket '/var/run/mysqld/mysqld.sock' (2 No such file or directory)
[INFO] [2024-11-10 07:47:14,960] [autotune] 2002: Can't connect to local MySQL server through socket '/var/run/mysqld/mysqld.sock' (2 No such file or directory)
[INFO] [2024-11-10 07:47:15,962] [autotune] 2002: Can't connect to local MySQL server through socket '/var/run/mysqld/mysqld.sock' (2 No such file or directory)
[INFO] [2024-11-10 07:47:16,964] [autotune] 2002: Can't connect to local MySQL server through socket '/var/run/mysqld/mysqld.sock' (2 No such file or directory)
[INFO] [2024-11-10 07:47:17,967] [autotune] 2002: Can't connect to local MySQL server through socket '/var/run/mysqld/mysqld.sock' (2 No such file or directory)
[INFO] [2024-11-10 07:47:18,969] [autotune] 2002: Can't connect to local MySQL server through socket '/var/run/mysqld/mysqld.sock' (2 No such file or directory)
[INFO] [2024-11-10 07:47:19,972] [autotune] 2002: Can't connect to local MySQL server through socket '/var/run/mysqld/mysqld.sock' (2 No such file or directory)
[INFO] [2024-11-10 07:47:20,974] [autotune] 2002: Can't connect to local MySQL server through socket '/var/run/mysqld/mysqld.sock' (2 No such file or directory)
[INFO] [2024-11-10 07:47:21,976] [autotune] 2002: Can't connect to local MySQL server through socket '/var/run/mysqld/mysqld.sock' (2 No such file or directory)
[INFO] [2024-11-10 07:47:22,979] [autotune] 2002: Can't connect to local MySQL server through socket '/var/run/mysqld/mysqld.sock' (2 No such file or directory)
[INFO] [2024-11-10 07:47:23,981] [autotune] 2002: Can't connect to local MySQL server through socket '/var/run/mysqld/mysqld.sock' (2 No such file or directory)
[INFO] [2024-11-10 07:47:24,984] [autotune] 2002: Can't connect to local MySQL server through socket '/var/run/mysqld/mysqld.sock' (2 No such file or directory)
[INFO] [2024-11-10 07:47:25,986] [autotune] 2002: Can't connect to local MySQL server through socket '/var/run/mysqld/mysqld.sock' (2 No such file or directory)
[INFO] [2024-11-10 07:47:26,988] [autotune] 2002: Can't connect to local MySQL server through socket '/var/run/mysqld/mysqld.sock' (2 No such file or directory)
[INFO] [2024-11-10 07:47:27,990] [autotune] 2002: Can't connect to local MySQL server through socket '/var/run/mysqld/mysqld.sock' (2 No such file or directory)
[INFO] [2024-11-10 07:47:28,993] [autotune] 2002: Can't connect to local MySQL server through socket '/var/run/mysqld/mysqld.sock' (2 No such file or directory)
[INFO] [2024-11-10 07:47:29,995] [autotune] 2002: Can't connect to local MySQL server through socket '/var/run/mysqld/mysqld.sock' (2 No such file or directory)
[INFO] [2024-11-10 07:47:30,997] [autotune] 2002: Can't connect to local MySQL server through socket '/var/run/mysqld/mysqld.sock' (2 No such file or directory)
[INFO] [2024-11-10 07:47:31,999] [autotune] 2002: Can't connect to local MySQL server through socket '/var/run/mysqld/mysqld.sock' (2 No such file or directory)
[INFO] [2024-11-10 07:47:33,002] [autotune] 2002: Can't connect to local MySQL server through socket '/var/run/mysqld/mysqld.sock' (2 No such file or directory)
[INFO] [2024-11-10 07:47:34,004] [autotune] 2002: Can't connect to local MySQL server through socket '/var/run/mysqld/mysqld.sock' (2 No such file or directory)
[INFO] [2024-11-10 07:47:35,007] [autotune] 2002: Can't connect to local MySQL server through socket '/var/run/mysqld/mysqld.sock' (2 No such file or directory)
[INFO] [2024-11-10 07:47:36,009] [autotune] 2002: Can't connect to local MySQL server through socket '/var/run/mysqld/mysqld.sock' (2 No such file or directory)
[INFO] [2024-11-10 07:47:37,011] [autotune] 2002: Can't connect to local MySQL server through socket '/var/run/mysqld/mysqld.sock' (2 No such file or directory)
[INFO] [2024-11-10 07:47:38,014] [autotune] 2002: Can't connect to local MySQL server through socket '/var/run/mysqld/mysqld.sock' (2 No such file or directory)
[INFO] [2024-11-10 07:47:39,016] [autotune] 2002: Can't connect to local MySQL server through socket '/var/run/mysqld/mysqld.sock' (2 No such file or directory)
[INFO] [2024-11-10 07:47:40,018] [autotune] 2002: Can't connect to local MySQL server through socket '/var/run/mysqld/mysqld.sock' (2 No such file or directory)
[INFO] [2024-11-10 07:47:41,021] [autotune] 2002: Can't connect to local MySQL server through socket '/var/run/mysqld/mysqld.sock' (2 No such file or directory)
[INFO] [2024-11-10 07:47:42,023] [autotune] 2002: Can't connect to local MySQL server through socket '/var/run/mysqld/mysqld.sock' (2 No such file or directory)
[INFO] [2024-11-10 07:47:43,025] [autotune] 2002: Can't connect to local MySQL server through socket '/var/run/mysqld/mysqld.sock' (2 No such file or directory)
[INFO] [2024-11-10 07:47:44,028] [autotune] 2002: Can't connect to local MySQL server through socket '/var/run/mysqld/mysqld.sock' (2 No such file or directory)
[INFO] [2024-11-10 07:47:45,030] [autotune] 2002: Can't connect to local MySQL server through socket '/var/run/mysqld/mysqld.sock' (2 No such file or directory)
[INFO] [2024-11-10 07:47:46,032] [autotune] 2002: Can't connect to local MySQL server through socket '/var/run/mysqld/mysqld.sock' (2 No such file or directory)
[INFO] [2024-11-10 07:47:47,035] [autotune] 2002: Can't connect to local MySQL server through socket '/var/run/mysqld/mysqld.sock' (2 No such file or directory)
[INFO] [2024-11-10 07:47:48,037] [autotune] 2002: Can't connect to local MySQL server through socket '/var/run/mysqld/mysqld.sock' (2 No such file or directory)
[INFO] [2024-11-10 07:47:49,040] [autotune] 2002: Can't connect to local MySQL server through socket '/var/run/mysqld/mysqld.sock' (2 No such file or directory)
[INFO] [2024-11-10 07:47:50,042] [autotune] 2002: Can't connect to local MySQL server through socket '/var/run/mysqld/mysqld.sock' (2 No such file or directory)
[INFO] [2024-11-10 07:47:51,044] [autotune] 2002: Can't connect to local MySQL server through socket '/var/run/mysqld/mysqld.sock' (2 No such file or directory)
[INFO] [2024-11-10 07:47:52,047] [autotune] 2002: Can't connect to local MySQL server through socket '/var/run/mysqld/mysqld.sock' (2 No such file or directory)
[INFO] [2024-11-10 07:47:53,049] [autotune] 2002: Can't connect to local MySQL server through socket '/var/run/mysqld/mysqld.sock' (2 No such file or directory)
[INFO] [2024-11-10 07:47:54,051] [autotune] 2002: Can't connect to local MySQL server through socket '/var/run/mysqld/mysqld.sock' (2 No such file or directory)
[INFO] [2024-11-10 07:47:55,054] [autotune] 2002: Can't connect to local MySQL server through socket '/var/run/mysqld/mysqld.sock' (2 No such file or directory)
[INFO] [2024-11-10 07:47:56,056] [autotune] 2002: Can't connect to local MySQL server through socket '/var/run/mysqld/mysqld.sock' (2 No such file or directory)
[INFO] [2024-11-10 07:47:57,062] [autotune] Connected to MySQL db
[INFO] [2024-11-10 07:47:57,062] [autotune] finish 144 seconds waiting for connection
[INFO] [2024-11-10 07:47:57,062] [autotune] /usr/sbin/mysqld --defaults-file=scripts/template/experiment_normandy.cnf
[INFO] [2024-11-10 07:47:57,063] [autotune] mysql is up
[INFO] [2024-11-10 07:47:57,063] [autotune] sleeping for 5 seconds after restarting mysql
[INFO] [2024-11-10 07:48:02,432] [autotune] [DBG]. bash /usr/local/lib/python3.8/dist-packages/autotune/cli/run_oltpbench.sh wikipedia /oltpbench/config/sample_wikipedia_config.xml 1731224882
[INFO] [2024-11-10 07:51:07,748] [autotune] internal metrics: [11259201.82857143, 254934.62857142856, 113168032.91428572, 111292620.8, 3766.0857142857144, 6907.228571428572, 1608.6857142857143, 570425812.1142857, 115817559.77142857, 34816.02857142857, 7068.942857142857, 942917.6, 5186.342857142857, 982920.0, 0.0, 0.0, 34496369.28571428, 4237.257142857143, 16106127360.0, 0.0, 100106.5142857143, 0.0, 5486.4857142857145, 3223.285714285714, 33.0, 2669.9714285714285, 0.0, 0.0, 0.0, 0.0, 0.0, 2703.4857142857145, 0.0, 9882.114285714286, 1608.6857142857143, 358.8, 16384.0, 0.0, 5415.5142857142855, 0.0, 0.0, 1105.3142857142857, 71.62857142857143, 0.0, 11286.42857142857, 0.0, 19.257142857142856, 3.2857142857142856, 9806515.914285714, 2034.857142857143, 16568.6, 4272.742857142857, 0.0, 283296.9142857143, 0.0, 117981.45714285714, 78.2, 958.7714285714286, 6906.571428571428, 2130.457142857143, 58572478.17142857, 91.34285714285714, 0.0, 0.0, 188.57142857142858].
[INFO] [2024-11-10 07:51:07,770] [DBTune-oltpbench_wikipedia_smac_ground_truth] Iteration 11, objective value: [-174.93260725416627].
[INFO] [2024-11-10 07:51:23,024] [autotune] [step 12] generate knobs: {'autocommit': 'OFF', 'automatic_sp_privileges': 'ON', 'back_log': 59813, 'binlog_cache_size': 562961046, 'binlog_direct_non_transactional_updates': 'ON', 'binlog_error_action': 'IGNORE_ERROR', 'binlog_format': 'MIXED', 'binlog_group_commit_sync_delay': 907173, 'binlog_group_commit_sync_no_delay_count': 92010, 'binlog_order_commits': 'ON', 'binlog_row_image': 'minimal', 'binlog_rows_query_log_events': 'OFF', 'binlog_stmt_cache_size': 4059786342, 'bulk_insert_buffer_size': 80692925, 'check_proxy_users': 'ON', 'completion_type': 'RELEASE', 'concurrent_insert': 'ALWAYS', 'connect_timeout': 369327, 'default_week_format': 2, 'delay_key_write': 'OFF', 'div_precision_increment': 1, 'end_markers_in_json': 'OFF', 'eq_range_index_dive_limit': 3071217910, 'expire_logs_days': 54, 'explicit_defaults_for_timestamp': 'ON', 'flush': 'OFF', 'flush_time': 9, 'ft_min_word_len': 1, 'ft_query_expansion_limit': 652, 'general_log': 'ON', 'group_concat_max_len': 5965335173258132000, 'host_cache_size': 62996, 'innodb_adaptive_flushing': 'ON', 'innodb_adaptive_flushing_lwm': 28, 'innodb_adaptive_hash_index_parts': 57, 'innodb_adaptive_max_sleep_delay': 969256, 'innodb_api_bk_commit_interval': 1054714618, 'innodb_api_disable_rowlock': 'ON', 'innodb_api_enable_binlog': 'OFF', 'innodb_api_enable_mdl': 'OFF', 'innodb_autoextend_increment': 449, 'innodb_buffer_pool_size': 15680519047, 'innodb_change_buffer_max_size': 26, 'innodb_change_buffering': 'inserts', 'innodb_cmp_per_index_enabled': 'OFF', 'innodb_commit_concurrency': 353, 'innodb_compression_failure_threshold_pct': 49, 'innodb_compression_level': 7, 'innodb_compression_pad_pct_max': 16, 'innodb_concurrency_tickets': 1468414241, 'innodb_deadlock_detect': 'OFF', 'innodb_default_row_format': 'REDUNDANT', 'innodb_disable_sort_file_cache': 'ON', 'innodb_doublewrite': 'ON', 'innodb_file_per_table': 'OFF', 'innodb_fill_factor': 63, 'innodb_flush_log_at_timeout': 773, 'innodb_flush_log_at_trx_commit': '2', 'innodb_flush_neighbors': '1', 'innodb_flush_sync': 'OFF', 'innodb_flushing_avg_loops': 931, 'innodb_ft_cache_size': 42732666, 'innodb_ft_enable_diag_print': 'OFF', 'innodb_ft_enable_stopword': 'OFF', 'innodb_ft_max_token_size': 61, 'innodb_ft_min_token_size': 3, 'innodb_ft_num_word_optimize': 7910, 'innodb_ft_result_cache_limit': 4123344547, 'innodb_ft_sort_pll_degree': 13, 'innodb_ft_total_cache_size': 1210479305, 'innodb_io_capacity': 1533928, 'innodb_io_capacity_max': 20930, 'innodb_log_buffer_size': 2346516228, 'innodb_log_compressed_pages': 'ON', 'innodb_log_file_size': 319379210, 'innodb_log_files_in_group': 4, 'innodb_log_write_ahead_size': 14254, 'innodb_lru_scan_depth': 4891, 'innodb_max_dirty_pages_pct': 36, 'innodb_max_dirty_pages_pct_lwm': 23, 'innodb_max_purge_lag': 1704469272, 'innodb_max_purge_lag_delay': 719522, 'innodb_max_undo_log_size': 2369152768044930000, 'innodb_old_blocks_time': 3799042413, 'innodb_online_alter_log_max_size': 16742854885887444000, 'innodb_open_files': 372274, 'innodb_optimize_fulltext_only': 'OFF', 'innodb_page_cleaners': 1, 'innodb_print_all_deadlocks': 'OFF', 'innodb_purge_batch_size': 92, 'innodb_purge_rseg_truncate_frequency': 63, 'innodb_purge_threads': 7, 'innodb_random_read_ahead': 'ON', 'innodb_read_ahead_threshold': 31, 'innodb_read_io_threads': 46, 'innodb_replication_delay': 6207, 'innodb_rollback_on_timeout': 'OFF', 'innodb_rollback_segments': 19, 'innodb_sort_buffer_size': 5262320, 'innodb_spin_wait_delay': 299, 'innodb_stats_auto_recalc': 'ON', 'innodb_stats_include_delete_marked': 'ON', 'innodb_stats_method': 'nulls_unequal', 'innodb_stats_on_metadata': 'ON', 'innodb_stats_persistent': 'OFF', 'innodb_stats_transient_sample_pages': 90, 'innodb_strict_mode': 'OFF', 'innodb_sync_array_size': 233, 'innodb_sync_spin_loops': 28644, 'innodb_table_locks': 'ON', 'innodb_thread_concurrency': 233, 'innodb_thread_sleep_delay': 981452, 'innodb_undo_log_truncate': 'OFF', 'innodb_use_native_aio': 'ON', 'innodb_write_io_threads': 35, 'join_buffer_size': 262480687, 'keep_files_on_create': 'OFF', 'key_buffer_size': 3291335060, 'key_cache_age_threshold': 18099, 'key_cache_block_size': 10187, 'key_cache_division_limit': 13, 'local_infile': 'ON', 'log_bin_trust_function_creators': 'OFF', 'log_bin_use_v1_row_events': 'OFF', 'log_builtin_as_identified_by_password': 'ON', 'log_output': 'NONE', 'log_queries_not_using_indexes': 'OFF', 'log_slave_updates': 'ON', 'log_slow_admin_statements': 'OFF', 'log_statements_unsafe_for_binlog': 'ON', 'log_syslog_include_pid': 'ON', 'log_timestamps': 'UTC', 'long_query_time': 11, 'low_priority_updates': 'ON', 'lower_case_table_names': 0, 'master_verify_checksum': 'ON', 'max_allowed_packet': 118897586, 'max_binlog_cache_size': 8246104370484249000, 'max_binlog_size': 425789695, 'max_binlog_stmt_cache_size': 15399164064484642000, 'max_connections': 97867, 'max_delayed_threads': 7866, 'max_digest_length': 103037, 'max_error_count': 41492, 'max_heap_table_size': 656357253, 'max_join_size': 13228629996469100000, 'max_length_for_sort_data': 5119425, 'max_points_in_geometry': 949048, 'max_prepared_stmt_count': 18515, 'max_seeks_for_key': 4130948333934422000, 'max_sort_length': 4371306, 'max_user_connections': 3078435754, 'max_write_lock_count': 12263480476729164000, 'multi_range_count': 2706361434, 'mysql_native_password_proxy_users': 'ON', 'net_buffer_length': 107653, 'net_read_timeout': 33, 'net_write_timeout': 85, 'ngram_token_size': 5, 'offline_mode': 'OFF', 'old_alter_table': 'OFF', 'old_passwords': '2', 'open_files_limit': 454642, 'optimizer_prune_level': 1, 'optimizer_search_depth': 47, 'preload_buffer_size': 854352213, 'query_alloc_block_size': 8163465, 'query_cache_limit': 122308471, 'query_cache_min_res_unit': 37930, 'query_cache_size': 587981615, 'query_cache_wlock_invalidate': 'ON', 'query_prealloc_size': 115085180, 'range_alloc_block_size': 31438, 'read_buffer_size': 558738474, 'read_rnd_buffer_size': 91711459, 'require_secure_transport': 'ON', 'session_track_gtids': 'ALL_GTIDS', 'session_track_schema': 'ON', 'session_track_state_change': 'OFF', 'session_track_transaction_info': 'OFF', 'show_compatibility_56': 'ON', 'skip_external_locking': 'ON', 'skip_name_resolve': 'OFF', 'skip_networking': 'ON', 'slow_query_log': 'OFF', 'sort_buffer_size': 130666436, 'stored_program_cache': 437333, 'sync_binlog': 3177241309, 'sync_frm': 'OFF', 'table_definition_cache': 153034, 'table_open_cache': 147716, 'table_open_cache_instances': 52, 'thread_cache_size': 7319, 'tmp_table_size': 899130501, 'transaction_alloc_block_size': 93364, 'transaction_prealloc_size': 35624, 'updatable_views_with_limit': 'YES'}

[INFO] [2024-11-10 07:52:15,077] [autotune] Close db successfully
[INFO] [2024-11-10 07:52:15,078] [autotune] mysql is shut down
[INFO] [2024-11-10 07:52:15,081] [autotune] generated config file done
[INFO] [2024-11-10 07:52:15,115] [autotune] wait for connection
[INFO] [2024-11-10 07:52:34,154] [autotune] Connected to MySQL db
[INFO] [2024-11-10 07:52:34,155] [autotune] finish 19 seconds waiting for connection
[INFO] [2024-11-10 07:52:34,156] [autotune] /usr/sbin/mysqld --defaults-file=scripts/template/experiment_normandy.cnf
[INFO] [2024-11-10 07:52:34,156] [autotune] mysql is up
[INFO] [2024-11-10 07:52:34,156] [autotune] sleeping for 5 seconds after restarting mysql
[INFO] [2024-11-10 07:52:39,521] [autotune] [DBG]. bash /usr/local/lib/python3.8/dist-packages/autotune/cli/run_oltpbench.sh wikipedia /oltpbench/config/sample_wikipedia_config.xml 1731225159
[INFO] [2024-11-10 07:53:44,654] [DBTune-oltpbench_wikipedia_smac_ground_truth] Iteration 12, objective value: [2147483647].
[INFO] [2024-11-10 07:54:00,861] [autotune] [step 13] generate knobs: {'autocommit': 'OFF', 'automatic_sp_privileges': 'OFF', 'back_log': 40155, 'binlog_cache_size': 1834798324, 'binlog_direct_non_transactional_updates': 'ON', 'binlog_error_action': 'IGNORE_ERROR', 'binlog_format': 'STATEMENT', 'binlog_group_commit_sync_delay': 285515, 'binlog_group_commit_sync_no_delay_count': 89872, 'binlog_order_commits': 'OFF', 'binlog_row_image': 'full', 'binlog_rows_query_log_events': 'OFF', 'binlog_stmt_cache_size': 3223323565, 'bulk_insert_buffer_size': 76574854, 'check_proxy_users': 'ON', 'completion_type': 'RELEASE', 'concurrent_insert': 'NEVER', 'connect_timeout': 9482747, 'default_week_format': 2, 'delay_key_write': 'ON', 'div_precision_increment': 3, 'end_markers_in_json': 'ON', 'eq_range_index_dive_limit': 2732708178, 'expire_logs_days': 91, 'explicit_defaults_for_timestamp': 'OFF', 'flush': 'ON', 'flush_time': 5, 'ft_min_word_len': 2, 'ft_query_expansion_limit': 964, 'general_log': 'OFF', 'group_concat_max_len': 6240164834551109000, 'host_cache_size': 35274, 'innodb_adaptive_flushing': 'OFF', 'innodb_adaptive_flushing_lwm': 40, 'innodb_adaptive_hash_index_parts': 292, 'innodb_adaptive_max_sleep_delay': 304516, 'innodb_api_bk_commit_interval': 997935049, 'innodb_api_disable_rowlock': 'ON', 'innodb_api_enable_binlog': 'ON', 'innodb_api_enable_mdl': 'ON', 'innodb_autoextend_increment': 269, 'innodb_buffer_pool_size': 14584383829, 'innodb_change_buffer_max_size': 47, 'innodb_change_buffering': 'none', 'innodb_cmp_per_index_enabled': 'OFF', 'innodb_commit_concurrency': 888, 'innodb_compression_failure_threshold_pct': 3, 'innodb_compression_level': 0, 'innodb_compression_pad_pct_max': 10, 'innodb_concurrency_tickets': 3217712405, 'innodb_deadlock_detect': 'OFF', 'innodb_default_row_format': 'COMPACT', 'innodb_disable_sort_file_cache': 'ON', 'innodb_doublewrite': 'ON', 'innodb_file_per_table': 'OFF', 'innodb_fill_factor': 20, 'innodb_flush_log_at_timeout': 28, 'innodb_flush_log_at_trx_commit': '2', 'innodb_flush_neighbors': '1', 'innodb_flush_sync': 'ON', 'innodb_flushing_avg_loops': 270, 'innodb_ft_cache_size': 58390472, 'innodb_ft_enable_diag_print': 'ON', 'innodb_ft_enable_stopword': 'ON', 'innodb_ft_max_token_size': 79, 'innodb_ft_min_token_size': 13, 'innodb_ft_num_word_optimize': 3037, 'innodb_ft_result_cache_limit': 2585352749, 'innodb_ft_sort_pll_degree': 14, 'innodb_ft_total_cache_size': 1237317510, 'innodb_io_capacity': 707952, 'innodb_io_capacity_max': 8547, 'innodb_log_buffer_size': 1551476769, 'innodb_log_compressed_pages': 'OFF', 'innodb_log_file_size': 847000054, 'innodb_log_files_in_group': 2, 'innodb_log_write_ahead_size': 11382, 'innodb_lru_scan_depth': 362, 'innodb_max_dirty_pages_pct': 41, 'innodb_max_dirty_pages_pct_lwm': 26, 'innodb_max_purge_lag': 2613752811, 'innodb_max_purge_lag_delay': 8046388, 'innodb_max_undo_log_size': 7805302723144058000, 'innodb_old_blocks_time': 988935432, 'innodb_online_alter_log_max_size': 13476675879733332000, 'innodb_open_files': 336243, 'innodb_optimize_fulltext_only': 'ON', 'innodb_page_cleaners': 5, 'innodb_print_all_deadlocks': 'ON', 'innodb_purge_batch_size': 4320, 'innodb_purge_rseg_truncate_frequency': 83, 'innodb_purge_threads': 30, 'innodb_random_read_ahead': 'OFF', 'innodb_read_ahead_threshold': 64, 'innodb_read_io_threads': 51, 'innodb_replication_delay': 7845, 'innodb_rollback_on_timeout': 'ON', 'innodb_rollback_segments': 23, 'innodb_sort_buffer_size': 14827576, 'innodb_spin_wait_delay': 48, 'innodb_stats_auto_recalc': 'ON', 'innodb_stats_include_delete_marked': 'OFF', 'innodb_stats_method': 'nulls_ignored', 'innodb_stats_on_metadata': 'ON', 'innodb_stats_persistent': 'OFF', 'innodb_stats_transient_sample_pages': 20, 'innodb_strict_mode': 'ON', 'innodb_sync_array_size': 332, 'innodb_sync_spin_loops': 23684, 'innodb_table_locks': 'OFF', 'innodb_thread_concurrency': 926, 'innodb_thread_sleep_delay': 81045, 'innodb_undo_log_truncate': 'OFF', 'innodb_use_native_aio': 'OFF', 'innodb_write_io_threads': 21, 'join_buffer_size': 598538342, 'keep_files_on_create': 'OFF', 'key_buffer_size': 6280316351, 'key_cache_age_threshold': 5597, 'key_cache_block_size': 5582, 'key_cache_division_limit': 32, 'local_infile': 'OFF', 'log_bin_trust_function_creators': 'ON', 'log_bin_use_v1_row_events': 'ON', 'log_builtin_as_identified_by_password': 'ON', 'log_output': 'FILE', 'log_queries_not_using_indexes': 'OFF', 'log_slave_updates': 'ON', 'log_slow_admin_statements': 'OFF', 'log_statements_unsafe_for_binlog': 'OFF', 'log_syslog_include_pid': 'OFF', 'log_timestamps': 'UTC', 'long_query_time': 16, 'low_priority_updates': 'OFF', 'lower_case_table_names': 2, 'master_verify_checksum': 'OFF', 'max_allowed_packet': 1014956941, 'max_binlog_cache_size': 6757378508711349000, 'max_binlog_size': 917886479, 'max_binlog_stmt_cache_size': 3448361560101428000, 'max_connections': 54706, 'max_delayed_threads': 11576, 'max_digest_length': 705654, 'max_error_count': 39548, 'max_heap_table_size': 66636108, 'max_join_size': 4780533601613195000, 'max_length_for_sort_data': 1694456, 'max_points_in_geometry': 336322, 'max_prepared_stmt_count': 939472, 'max_seeks_for_key': 9408363739354336000, 'max_sort_length': 6470437, 'max_user_connections': 4259578936, 'max_write_lock_count': 11844571954158210000, 'multi_range_count': 2350734374, 'mysql_native_password_proxy_users': 'ON', 'net_buffer_length': 799934, 'net_read_timeout': 57, 'net_write_timeout': 78, 'ngram_token_size': 5, 'offline_mode': 'OFF', 'old_alter_table': 'ON', 'old_passwords': '0', 'open_files_limit': 482821, 'optimizer_prune_level': 0, 'optimizer_search_depth': 52, 'preload_buffer_size': 232124777, 'query_alloc_block_size': 63523624, 'query_cache_limit': 66421263, 'query_cache_min_res_unit': 53848, 'query_cache_size': 590148205, 'query_cache_wlock_invalidate': 'ON', 'query_prealloc_size': 4358486, 'range_alloc_block_size': 34274, 'read_buffer_size': 104887800, 'read_rnd_buffer_size': 84594294, 'require_secure_transport': 'ON', 'session_track_gtids': 'ALL_GTIDS', 'session_track_schema': 'ON', 'session_track_state_change': 'OFF', 'session_track_transaction_info': 'CHARACTERISTICS', 'show_compatibility_56': 'OFF', 'skip_external_locking': 'OFF', 'skip_name_resolve': 'ON', 'skip_networking': 'ON', 'slow_query_log': 'ON', 'sort_buffer_size': 100067732, 'stored_program_cache': 468200, 'sync_binlog': 2112408761, 'sync_frm': 'OFF', 'table_definition_cache': 171098, 'table_open_cache': 152808, 'table_open_cache_instances': 52, 'thread_cache_size': 6607, 'tmp_table_size': 507838862, 'transaction_alloc_block_size': 5695, 'transaction_prealloc_size': 118722, 'updatable_views_with_limit': 'NO'}

[INFO] [2024-11-10 07:54:05,906] [autotune] Close db successfully
[INFO] [2024-11-10 07:54:05,906] [autotune] mysql is shut down
[INFO] [2024-11-10 07:54:05,909] [autotune] generated config file done
[INFO] [2024-11-10 07:54:05,942] [autotune] wait for connection
[INFO] [2024-11-10 07:54:26,986] [autotune] Connected to MySQL db
[INFO] [2024-11-10 07:54:26,987] [autotune] finish 21 seconds waiting for connection
[INFO] [2024-11-10 07:54:26,987] [autotune] /usr/sbin/mysqld --defaults-file=scripts/template/experiment_normandy.cnf
[INFO] [2024-11-10 07:54:26,987] [autotune] mysql is up
[INFO] [2024-11-10 07:54:26,988] [autotune] sleeping for 5 seconds after restarting mysql
[INFO] [2024-11-10 07:54:32,367] [autotune] [DBG]. bash /usr/local/lib/python3.8/dist-packages/autotune/cli/run_oltpbench.sh wikipedia /oltpbench/config/sample_wikipedia_config.xml 1731225272
[INFO] [2024-11-10 07:55:37,497] [DBTune-oltpbench_wikipedia_smac_ground_truth] Iteration 13, objective value: [2147483647].
[INFO] [2024-11-10 07:55:51,466] [autotune] [step 14] generate knobs: {'autocommit': 'ON', 'automatic_sp_privileges': 'ON', 'back_log': 31582, 'binlog_cache_size': 643792219, 'binlog_direct_non_transactional_updates': 'OFF', 'binlog_error_action': 'IGNORE_ERROR', 'binlog_format': 'ROW', 'binlog_group_commit_sync_delay': 705630, 'binlog_group_commit_sync_no_delay_count': 68385, 'binlog_order_commits': 'OFF', 'binlog_row_image': 'full', 'binlog_rows_query_log_events': 'ON', 'binlog_stmt_cache_size': 3872361122, 'bulk_insert_buffer_size': 39643775, 'check_proxy_users': 'ON', 'completion_type': 'CHAIN', 'concurrent_insert': 'ALWAYS', 'connect_timeout': 14230492, 'default_week_format': 0, 'delay_key_write': 'ALL', 'div_precision_increment': 5, 'end_markers_in_json': 'OFF', 'eq_range_index_dive_limit': 1705944, 'expire_logs_days': 49, 'explicit_defaults_for_timestamp': 'OFF', 'flush': 'OFF', 'flush_time': 6, 'ft_min_word_len': 7, 'ft_query_expansion_limit': 835, 'general_log': 'OFF', 'group_concat_max_len': 8522302393073648000, 'host_cache_size': 62605, 'innodb_adaptive_flushing': 'OFF', 'innodb_adaptive_flushing_lwm': 46, 'innodb_adaptive_hash_index_parts': 88, 'innodb_adaptive_max_sleep_delay': 867418, 'innodb_api_bk_commit_interval': 43319964, 'innodb_api_disable_rowlock': 'ON', 'innodb_api_enable_binlog': 'ON', 'innodb_api_enable_mdl': 'ON', 'innodb_autoextend_increment': 862, 'innodb_buffer_pool_size': 13694834377, 'innodb_change_buffer_max_size': 49, 'innodb_change_buffering': 'changes', 'innodb_cmp_per_index_enabled': 'OFF', 'innodb_commit_concurrency': 100, 'innodb_compression_failure_threshold_pct': 80, 'innodb_compression_level': 8, 'innodb_compression_pad_pct_max': 28, 'innodb_concurrency_tickets': 3453384677, 'innodb_deadlock_detect': 'OFF', 'innodb_default_row_format': 'REDUNDANT', 'innodb_disable_sort_file_cache': 'OFF', 'innodb_doublewrite': 'OFF', 'innodb_file_per_table': 'OFF', 'innodb_fill_factor': 95, 'innodb_flush_log_at_timeout': 2644, 'innodb_flush_log_at_trx_commit': '0', 'innodb_flush_neighbors': '1', 'innodb_flush_sync': 'OFF', 'innodb_flushing_avg_loops': 725, 'innodb_ft_cache_size': 32677883, 'innodb_ft_enable_diag_print': 'ON', 'innodb_ft_enable_stopword': 'ON', 'innodb_ft_max_token_size': 52, 'innodb_ft_min_token_size': 6, 'innodb_ft_num_word_optimize': 3061, 'innodb_ft_result_cache_limit': 31498626, 'innodb_ft_sort_pll_degree': 2, 'innodb_ft_total_cache_size': 230513634, 'innodb_io_capacity': 418984, 'innodb_io_capacity_max': 16202, 'innodb_log_buffer_size': 4175811811, 'innodb_log_compressed_pages': 'OFF', 'innodb_log_file_size': 102414801, 'innodb_log_files_in_group': 3, 'innodb_log_write_ahead_size': 741, 'innodb_lru_scan_depth': 1170, 'innodb_max_dirty_pages_pct': 8, 'innodb_max_dirty_pages_pct_lwm': 73, 'innodb_max_purge_lag': 1474693919, 'innodb_max_purge_lag_delay': 7832858, 'innodb_max_undo_log_size': 8783205994529514000, 'innodb_old_blocks_time': 1227661796, 'innodb_online_alter_log_max_size': 12620512771052490000, 'innodb_open_files': 289899, 'innodb_optimize_fulltext_only': 'ON', 'innodb_page_cleaners': 6, 'innodb_print_all_deadlocks': 'OFF', 'innodb_purge_batch_size': 1379, 'innodb_purge_rseg_truncate_frequency': 23, 'innodb_purge_threads': 20, 'innodb_random_read_ahead': 'OFF', 'innodb_read_ahead_threshold': 36, 'innodb_read_io_threads': 25, 'innodb_replication_delay': 1328, 'innodb_rollback_on_timeout': 'OFF', 'innodb_rollback_segments': 49, 'innodb_sort_buffer_size': 3303401, 'innodb_spin_wait_delay': 1987, 'innodb_stats_auto_recalc': 'OFF', 'innodb_stats_include_delete_marked': 'OFF', 'innodb_stats_method': 'nulls_unequal', 'innodb_stats_on_metadata': 'ON', 'innodb_stats_persistent': 'ON', 'innodb_stats_transient_sample_pages': 88, 'innodb_strict_mode': 'ON', 'innodb_sync_array_size': 295, 'innodb_sync_spin_loops': 4838, 'innodb_table_locks': 'ON', 'innodb_thread_concurrency': 448, 'innodb_thread_sleep_delay': 633219, 'innodb_undo_log_truncate': 'OFF', 'innodb_use_native_aio': 'OFF', 'innodb_write_io_threads': 17, 'join_buffer_size': 1015098540, 'keep_files_on_create': 'OFF', 'key_buffer_size': 3882459558, 'key_cache_age_threshold': 19558, 'key_cache_block_size': 8977, 'key_cache_division_limit': 21, 'local_infile': 'OFF', 'log_bin_trust_function_creators': 'ON', 'log_bin_use_v1_row_events': 'ON', 'log_builtin_as_identified_by_password': 'ON', 'log_output': 'TABLE', 'log_queries_not_using_indexes': 'OFF', 'log_slave_updates': 'ON', 'log_slow_admin_statements': 'OFF', 'log_statements_unsafe_for_binlog': 'OFF', 'log_syslog_include_pid': 'ON', 'log_timestamps': 'SYSTEM', 'long_query_time': 13, 'low_priority_updates': 'ON', 'lower_case_table_names': 2, 'master_verify_checksum': 'OFF', 'max_allowed_packet': 686198373, 'max_binlog_cache_size': 15320508478118058000, 'max_binlog_size': 893921844, 'max_binlog_stmt_cache_size': 9960360593748764000, 'max_connections': 67220, 'max_delayed_threads': 11883, 'max_digest_length': 704293, 'max_error_count': 59615, 'max_heap_table_size': 764610473, 'max_join_size': 13810115029827250000, 'max_length_for_sort_data': 1431746, 'max_points_in_geometry': 557422, 'max_prepared_stmt_count': 107728, 'max_seeks_for_key': 15911235024167064000, 'max_sort_length': 2879829, 'max_user_connections': 1703315647, 'max_write_lock_count': 6277932607927730000, 'multi_range_count': 2020593754, 'mysql_native_password_proxy_users': 'ON', 'net_buffer_length': 734143, 'net_read_timeout': 16, 'net_write_timeout': 40, 'ngram_token_size': 9, 'offline_mode': 'OFF', 'old_alter_table': 'ON', 'old_passwords': '2', 'open_files_limit': 28923, 'optimizer_prune_level': 0, 'optimizer_search_depth': 19, 'preload_buffer_size': 449344893, 'query_alloc_block_size': 111462603, 'query_cache_limit': 74910871, 'query_cache_min_res_unit': 53735, 'query_cache_size': 1062700371, 'query_cache_wlock_invalidate': 'OFF', 'query_prealloc_size': 22923945, 'range_alloc_block_size': 28558, 'read_buffer_size': 506496902, 'read_rnd_buffer_size': 55472241, 'require_secure_transport': 'OFF', 'session_track_gtids': 'ALL_GTIDS', 'session_track_schema': 'OFF', 'session_track_state_change': 'ON', 'session_track_transaction_info': 'OFF', 'show_compatibility_56': 'ON', 'skip_external_locking': 'OFF', 'skip_name_resolve': 'ON', 'skip_networking': 'ON', 'slow_query_log': 'OFF', 'sort_buffer_size': 117926832, 'stored_program_cache': 222129, 'sync_binlog': 1731435444, 'sync_frm': 'OFF', 'table_definition_cache': 165471, 'table_open_cache': 215823, 'table_open_cache_instances': 26, 'thread_cache_size': 9565, 'tmp_table_size': 736669769, 'transaction_alloc_block_size': 21155, 'transaction_prealloc_size': 126235, 'updatable_views_with_limit': 'YES'}

[INFO] [2024-11-10 07:55:54,511] [autotune] Close db successfully
[INFO] [2024-11-10 07:55:54,511] [autotune] mysql is shut down
[INFO] [2024-11-10 07:55:54,514] [autotune] generated config file done
[INFO] [2024-11-10 07:55:54,544] [autotune] wait for connection
[INFO] [2024-11-10 07:56:04,567] [autotune] Connected to MySQL db
[INFO] [2024-11-10 07:56:04,568] [autotune] finish 10 seconds waiting for connection
[INFO] [2024-11-10 07:56:04,568] [autotune] /usr/sbin/mysqld --defaults-file=scripts/template/experiment_normandy.cnf
[INFO] [2024-11-10 07:56:04,568] [autotune] mysql is up
[INFO] [2024-11-10 07:56:04,569] [autotune] sleeping for 5 seconds after restarting mysql
[INFO] [2024-11-10 07:56:09,925] [autotune] [DBG]. bash /usr/local/lib/python3.8/dist-packages/autotune/cli/run_oltpbench.sh wikipedia /oltpbench/config/sample_wikipedia_config.xml 1731225369
[INFO] [2024-11-10 07:57:15,069] [DBTune-oltpbench_wikipedia_smac_ground_truth] Iteration 14, objective value: [2147483647].
[INFO] [2024-11-10 07:57:31,972] [autotune] [step 15] generate knobs: {'autocommit': 'ON', 'automatic_sp_privileges': 'ON', 'back_log': 10745, 'binlog_cache_size': 981016706, 'binlog_direct_non_transactional_updates': 'OFF', 'binlog_error_action': 'IGNORE_ERROR', 'binlog_format': 'ROW', 'binlog_group_commit_sync_delay': 35198, 'binlog_group_commit_sync_no_delay_count': 82427, 'binlog_order_commits': 'OFF', 'binlog_row_image': 'minimal', 'binlog_rows_query_log_events': 'OFF', 'binlog_stmt_cache_size': 1229647540, 'bulk_insert_buffer_size': 78801418, 'check_proxy_users': 'OFF', 'completion_type': 'RELEASE', 'concurrent_insert': 'ALWAYS', 'connect_timeout': 19932612, 'default_week_format': 5, 'delay_key_write': 'ON', 'div_precision_increment': 14, 'end_markers_in_json': 'ON', 'eq_range_index_dive_limit': 3154656307, 'expire_logs_days': 72, 'explicit_defaults_for_timestamp': 'OFF', 'flush': 'OFF', 'flush_time': 9, 'ft_min_word_len': 8, 'ft_query_expansion_limit': 999, 'general_log': 'ON', 'group_concat_max_len': 4146279305379364000, 'host_cache_size': 47080, 'innodb_adaptive_flushing': 'OFF', 'innodb_adaptive_flushing_lwm': 29, 'innodb_adaptive_hash_index_parts': 8, 'innodb_adaptive_max_sleep_delay': 842120, 'innodb_api_bk_commit_interval': 26732518, 'innodb_api_disable_rowlock': 'ON', 'innodb_api_enable_binlog': 'ON', 'innodb_api_enable_mdl': 'OFF', 'innodb_autoextend_increment': 117, 'innodb_buffer_pool_size': 19599558604, 'innodb_change_buffer_max_size': 24, 'innodb_change_buffering': 'purges', 'innodb_cmp_per_index_enabled': 'OFF', 'innodb_commit_concurrency': 418, 'innodb_compression_failure_threshold_pct': 18, 'innodb_compression_level': 0, 'innodb_compression_pad_pct_max': 36, 'innodb_concurrency_tickets': 19690016, 'innodb_deadlock_detect': 'ON', 'innodb_default_row_format': 'DYNAMIC', 'innodb_disable_sort_file_cache': 'OFF', 'innodb_doublewrite': 'OFF', 'innodb_file_per_table': 'OFF', 'innodb_fill_factor': 33, 'innodb_flush_log_at_timeout': 2439, 'innodb_flush_log_at_trx_commit': '2', 'innodb_flush_neighbors': '0', 'innodb_flush_sync': 'OFF', 'innodb_flushing_avg_loops': 157, 'innodb_ft_cache_size': 75289228, 'innodb_ft_enable_diag_print': 'ON', 'innodb_ft_enable_stopword': 'ON', 'innodb_ft_max_token_size': 39, 'innodb_ft_min_token_size': 12, 'innodb_ft_num_word_optimize': 1020, 'innodb_ft_result_cache_limit': 810743348, 'innodb_ft_sort_pll_degree': 11, 'innodb_ft_total_cache_size': 1573312440, 'innodb_io_capacity': 1972098, 'innodb_io_capacity_max': 33138, 'innodb_log_buffer_size': 45719050, 'innodb_log_compressed_pages': 'ON', 'innodb_log_file_size': 833393158, 'innodb_log_files_in_group': 8, 'innodb_log_write_ahead_size': 9433, 'innodb_lru_scan_depth': 148, 'innodb_max_dirty_pages_pct': 40, 'innodb_max_dirty_pages_pct_lwm': 7, 'innodb_max_purge_lag': 3508209984, 'innodb_max_purge_lag_delay': 4803185, 'innodb_max_undo_log_size': 1379625344600796000, 'innodb_old_blocks_time': 619089352, 'innodb_online_alter_log_max_size': 8905582524823276000, 'innodb_open_files': 130885, 'innodb_optimize_fulltext_only': 'OFF', 'innodb_page_cleaners': 4, 'innodb_print_all_deadlocks': 'ON', 'innodb_purge_batch_size': 2927, 'innodb_purge_rseg_truncate_frequency': 59, 'innodb_purge_threads': 20, 'innodb_random_read_ahead': 'OFF', 'innodb_read_ahead_threshold': 41, 'innodb_read_io_threads': 31, 'innodb_replication_delay': 5689, 'innodb_rollback_on_timeout': 'ON', 'innodb_rollback_segments': 64, 'innodb_sort_buffer_size': 10435363, 'innodb_spin_wait_delay': 1300, 'innodb_stats_auto_recalc': 'OFF', 'innodb_stats_include_delete_marked': 'OFF', 'innodb_stats_method': 'nulls_unequal', 'innodb_stats_on_metadata': 'ON', 'innodb_stats_persistent': 'ON', 'innodb_stats_transient_sample_pages': 48, 'innodb_strict_mode': 'OFF', 'innodb_sync_array_size': 19, 'innodb_sync_spin_loops': 24403, 'innodb_table_locks': 'OFF', 'innodb_thread_concurrency': 20, 'innodb_thread_sleep_delay': 117842, 'innodb_undo_log_truncate': 'ON', 'innodb_use_native_aio': 'ON', 'innodb_write_io_threads': 3, 'join_buffer_size': 711880953, 'keep_files_on_create': 'ON', 'key_buffer_size': 10105311840, 'key_cache_age_threshold': 15017, 'key_cache_block_size': 4600, 'key_cache_division_limit': 77, 'local_infile': 'ON', 'log_bin_trust_function_creators': 'OFF', 'log_bin_use_v1_row_events': 'OFF', 'log_builtin_as_identified_by_password': 'ON', 'log_output': 'TABLE', 'log_queries_not_using_indexes': 'ON', 'log_slave_updates': 'ON', 'log_slow_admin_statements': 'OFF', 'log_statements_unsafe_for_binlog': 'ON', 'log_syslog_include_pid': 'ON', 'log_timestamps': 'SYSTEM', 'long_query_time': 3, 'low_priority_updates': 'ON', 'lower_case_table_names': 2, 'master_verify_checksum': 'ON', 'max_allowed_packet': 91494742, 'max_binlog_cache_size': 15846563176641546000, 'max_binlog_size': 89860164, 'max_binlog_stmt_cache_size': 5188110732545551000, 'max_connections': 6882, 'max_delayed_threads': 10998, 'max_digest_length': 471821, 'max_error_count': 41270, 'max_heap_table_size': 310361318, 'max_join_size': 15293600843688808000, 'max_length_for_sort_data': 7822508, 'max_points_in_geometry': 198376, 'max_prepared_stmt_count': 72633, 'max_seeks_for_key': 17890184786156016000, 'max_sort_length': 2253513, 'max_user_connections': 1501144848, 'max_write_lock_count': 15611296629832852000, 'multi_range_count': 1578299707, 'mysql_native_password_proxy_users': 'ON', 'net_buffer_length': 500349, 'net_read_timeout': 52, 'net_write_timeout': 64, 'ngram_token_size': 7, 'offline_mode': 'ON', 'old_alter_table': 'OFF', 'old_passwords': '2', 'open_files_limit': 367502, 'optimizer_prune_level': 0, 'optimizer_search_depth': 0, 'preload_buffer_size': 439689693, 'query_alloc_block_size': 62836113, 'query_cache_limit': 49222390, 'query_cache_min_res_unit': 43570, 'query_cache_size': 120093678, 'query_cache_wlock_invalidate': 'ON', 'query_prealloc_size': 129552816, 'range_alloc_block_size': 23128, 'read_buffer_size': 181511692, 'read_rnd_buffer_size': 120305734, 'require_secure_transport': 'ON', 'session_track_gtids': 'OFF', 'session_track_schema': 'OFF', 'session_track_state_change': 'OFF', 'session_track_transaction_info': 'STATE', 'show_compatibility_56': 'ON', 'skip_external_locking': 'ON', 'skip_name_resolve': 'OFF', 'skip_networking': 'ON', 'slow_query_log': 'OFF', 'sort_buffer_size': 6465308, 'stored_program_cache': 454824, 'sync_binlog': 1856797310, 'sync_frm': 'ON', 'table_definition_cache': 343795, 'table_open_cache': 183859, 'table_open_cache_instances': 5, 'thread_cache_size': 16376, 'tmp_table_size': 55741124, 'transaction_alloc_block_size': 47588, 'transaction_prealloc_size': 48860, 'updatable_views_with_limit': 'NO'}

[INFO] [2024-11-10 07:57:35,015] [autotune] Close db successfully
[INFO] [2024-11-10 07:57:35,016] [autotune] mysql is shut down
[INFO] [2024-11-10 07:57:35,018] [autotune] generated config file done
[INFO] [2024-11-10 07:57:35,048] [autotune] wait for connection
[INFO] [2024-11-10 07:58:06,108] [autotune] 2002: Can't connect to local MySQL server through socket '/var/run/mysqld/mysqld.sock' (2 No such file or directory)
[INFO] [2024-11-10 07:58:07,111] [autotune] 2002: Can't connect to local MySQL server through socket '/var/run/mysqld/mysqld.sock' (2 No such file or directory)
[INFO] [2024-11-10 07:58:08,113] [autotune] 2002: Can't connect to local MySQL server through socket '/var/run/mysqld/mysqld.sock' (2 No such file or directory)
[INFO] [2024-11-10 07:58:09,115] [autotune] 2002: Can't connect to local MySQL server through socket '/var/run/mysqld/mysqld.sock' (2 No such file or directory)
[INFO] [2024-11-10 07:58:10,118] [autotune] 2002: Can't connect to local MySQL server through socket '/var/run/mysqld/mysqld.sock' (2 No such file or directory)
[INFO] [2024-11-10 07:58:11,120] [autotune] 2002: Can't connect to local MySQL server through socket '/var/run/mysqld/mysqld.sock' (2 No such file or directory)
[INFO] [2024-11-10 07:58:12,122] [autotune] 2002: Can't connect to local MySQL server through socket '/var/run/mysqld/mysqld.sock' (2 No such file or directory)
[INFO] [2024-11-10 07:58:13,125] [autotune] 2002: Can't connect to local MySQL server through socket '/var/run/mysqld/mysqld.sock' (2 No such file or directory)
[INFO] [2024-11-10 07:58:14,127] [autotune] 2002: Can't connect to local MySQL server through socket '/var/run/mysqld/mysqld.sock' (2 No such file or directory)
[INFO] [2024-11-10 07:58:15,129] [autotune] 2002: Can't connect to local MySQL server through socket '/var/run/mysqld/mysqld.sock' (2 No such file or directory)
[INFO] [2024-11-10 07:58:16,131] [autotune] 2002: Can't connect to local MySQL server through socket '/var/run/mysqld/mysqld.sock' (2 No such file or directory)
[INFO] [2024-11-10 07:58:17,133] [autotune] 2002: Can't connect to local MySQL server through socket '/var/run/mysqld/mysqld.sock' (2 No such file or directory)
[INFO] [2024-11-10 07:58:18,135] [autotune] 2002: Can't connect to local MySQL server through socket '/var/run/mysqld/mysqld.sock' (2 No such file or directory)
[INFO] [2024-11-10 07:58:19,137] [autotune] 2002: Can't connect to local MySQL server through socket '/var/run/mysqld/mysqld.sock' (2 No such file or directory)
[INFO] [2024-11-10 07:58:20,139] [autotune] 2002: Can't connect to local MySQL server through socket '/var/run/mysqld/mysqld.sock' (2 No such file or directory)
[INFO] [2024-11-10 07:58:21,142] [autotune] 2002: Can't connect to local MySQL server through socket '/var/run/mysqld/mysqld.sock' (2 No such file or directory)
[INFO] [2024-11-10 07:58:22,144] [autotune] 2002: Can't connect to local MySQL server through socket '/var/run/mysqld/mysqld.sock' (2 No such file or directory)
[INFO] [2024-11-10 07:58:23,146] [autotune] 2002: Can't connect to local MySQL server through socket '/var/run/mysqld/mysqld.sock' (2 No such file or directory)
[INFO] [2024-11-10 07:58:24,149] [autotune] 2002: Can't connect to local MySQL server through socket '/var/run/mysqld/mysqld.sock' (2 No such file or directory)
[INFO] [2024-11-10 07:58:25,151] [autotune] 2002: Can't connect to local MySQL server through socket '/var/run/mysqld/mysqld.sock' (2 No such file or directory)
[INFO] [2024-11-10 07:58:26,153] [autotune] 2002: Can't connect to local MySQL server through socket '/var/run/mysqld/mysqld.sock' (2 No such file or directory)
[INFO] [2024-11-10 07:58:27,155] [autotune] 2002: Can't connect to local MySQL server through socket '/var/run/mysqld/mysqld.sock' (2 No such file or directory)
[INFO] [2024-11-10 07:58:28,157] [autotune] 2002: Can't connect to local MySQL server through socket '/var/run/mysqld/mysqld.sock' (2 No such file or directory)
[INFO] [2024-11-10 07:58:29,159] [autotune] 2002: Can't connect to local MySQL server through socket '/var/run/mysqld/mysqld.sock' (2 No such file or directory)
[INFO] [2024-11-10 07:58:30,161] [autotune] 2002: Can't connect to local MySQL server through socket '/var/run/mysqld/mysqld.sock' (2 No such file or directory)
[INFO] [2024-11-10 07:58:31,163] [autotune] 2002: Can't connect to local MySQL server through socket '/var/run/mysqld/mysqld.sock' (2 No such file or directory)
[INFO] [2024-11-10 07:58:32,165] [autotune] 2002: Can't connect to local MySQL server through socket '/var/run/mysqld/mysqld.sock' (2 No such file or directory)
[INFO] [2024-11-10 07:58:33,167] [autotune] 2002: Can't connect to local MySQL server through socket '/var/run/mysqld/mysqld.sock' (2 No such file or directory)
[INFO] [2024-11-10 07:58:34,169] [autotune] 2002: Can't connect to local MySQL server through socket '/var/run/mysqld/mysqld.sock' (2 No such file or directory)
[INFO] [2024-11-10 07:58:35,171] [autotune] 2002: Can't connect to local MySQL server through socket '/var/run/mysqld/mysqld.sock' (2 No such file or directory)
[INFO] [2024-11-10 07:58:36,173] [autotune] 2002: Can't connect to local MySQL server through socket '/var/run/mysqld/mysqld.sock' (2 No such file or directory)
[INFO] [2024-11-10 07:58:37,175] [autotune] 2002: Can't connect to local MySQL server through socket '/var/run/mysqld/mysqld.sock' (2 No such file or directory)
[INFO] [2024-11-10 07:58:38,177] [autotune] 2002: Can't connect to local MySQL server through socket '/var/run/mysqld/mysqld.sock' (2 No such file or directory)
[INFO] [2024-11-10 07:58:39,179] [autotune] 2002: Can't connect to local MySQL server through socket '/var/run/mysqld/mysqld.sock' (2 No such file or directory)
[INFO] [2024-11-10 07:58:40,182] [autotune] 2002: Can't connect to local MySQL server through socket '/var/run/mysqld/mysqld.sock' (2 No such file or directory)
[INFO] [2024-11-10 07:58:41,184] [autotune] 2002: Can't connect to local MySQL server through socket '/var/run/mysqld/mysqld.sock' (2 No such file or directory)
[INFO] [2024-11-10 07:58:42,186] [autotune] 2002: Can't connect to local MySQL server through socket '/var/run/mysqld/mysqld.sock' (2 No such file or directory)
[INFO] [2024-11-10 07:58:43,188] [autotune] 2002: Can't connect to local MySQL server through socket '/var/run/mysqld/mysqld.sock' (2 No such file or directory)
[INFO] [2024-11-10 07:58:44,191] [autotune] 2002: Can't connect to local MySQL server through socket '/var/run/mysqld/mysqld.sock' (2 No such file or directory)
[INFO] [2024-11-10 07:58:45,193] [autotune] 2002: Can't connect to local MySQL server through socket '/var/run/mysqld/mysqld.sock' (2 No such file or directory)
[INFO] [2024-11-10 07:58:46,196] [autotune] 2002: Can't connect to local MySQL server through socket '/var/run/mysqld/mysqld.sock' (2 No such file or directory)
[INFO] [2024-11-10 07:58:47,198] [autotune] 2002: Can't connect to local MySQL server through socket '/var/run/mysqld/mysqld.sock' (2 No such file or directory)
[INFO] [2024-11-10 07:58:48,200] [autotune] 2002: Can't connect to local MySQL server through socket '/var/run/mysqld/mysqld.sock' (2 No such file or directory)
[INFO] [2024-11-10 07:58:49,202] [autotune] 2002: Can't connect to local MySQL server through socket '/var/run/mysqld/mysqld.sock' (2 No such file or directory)
[INFO] [2024-11-10 07:58:50,205] [autotune] 2002: Can't connect to local MySQL server through socket '/var/run/mysqld/mysqld.sock' (2 No such file or directory)
[INFO] [2024-11-10 07:58:51,207] [autotune] 2002: Can't connect to local MySQL server through socket '/var/run/mysqld/mysqld.sock' (2 No such file or directory)
[INFO] [2024-11-10 07:58:52,210] [autotune] 2002: Can't connect to local MySQL server through socket '/var/run/mysqld/mysqld.sock' (2 No such file or directory)
[INFO] [2024-11-10 07:58:53,237] [autotune] Connected to MySQL db
[INFO] [2024-11-10 07:58:53,238] [autotune] finish 78 seconds waiting for connection
[INFO] [2024-11-10 07:58:53,238] [autotune] /usr/sbin/mysqld --defaults-file=scripts/template/experiment_normandy.cnf
[INFO] [2024-11-10 07:58:53,238] [autotune] mysql is up
[INFO] [2024-11-10 07:58:53,239] [autotune] sleeping for 5 seconds after restarting mysql
[INFO] [2024-11-10 07:58:58,600] [autotune] [DBG]. bash /usr/local/lib/python3.8/dist-packages/autotune/cli/run_oltpbench.sh wikipedia /oltpbench/config/sample_wikipedia_config.xml 1731225538
[INFO] [2024-11-10 08:00:03,730] [DBTune-oltpbench_wikipedia_smac_ground_truth] Iteration 15, objective value: [2147483647].
[INFO] [2024-11-10 08:00:21,067] [autotune] [step 16] generate knobs: {'autocommit': 'ON', 'automatic_sp_privileges': 'ON', 'back_log': 25205, 'binlog_cache_size': 260970884, 'binlog_direct_non_transactional_updates': 'OFF', 'binlog_error_action': 'IGNORE_ERROR', 'binlog_format': 'MIXED', 'binlog_group_commit_sync_delay': 916751, 'binlog_group_commit_sync_no_delay_count': 30360, 'binlog_order_commits': 'OFF', 'binlog_row_image': 'full', 'binlog_rows_query_log_events': 'ON', 'binlog_stmt_cache_size': 3678571568, 'bulk_insert_buffer_size': 42884034, 'check_proxy_users': 'OFF', 'completion_type': 'RELEASE', 'concurrent_insert': 'AUTO', 'connect_timeout': 25671721, 'default_week_format': 3, 'delay_key_write': 'ALL', 'div_precision_increment': 3, 'end_markers_in_json': 'ON', 'eq_range_index_dive_limit': 65017208, 'expire_logs_days': 58, 'explicit_defaults_for_timestamp': 'OFF', 'flush': 'OFF', 'flush_time': 6, 'ft_min_word_len': 1, 'ft_query_expansion_limit': 775, 'general_log': 'ON', 'group_concat_max_len': 9554993212869040000, 'host_cache_size': 4858, 'innodb_adaptive_flushing': 'ON', 'innodb_adaptive_flushing_lwm': 28, 'innodb_adaptive_hash_index_parts': 443, 'innodb_adaptive_max_sleep_delay': 956804, 'innodb_api_bk_commit_interval': 203061871, 'innodb_api_disable_rowlock': 'ON', 'innodb_api_enable_binlog': 'ON', 'innodb_api_enable_mdl': 'OFF', 'innodb_autoextend_increment': 302, 'innodb_buffer_pool_size': 20064617758, 'innodb_change_buffer_max_size': 21, 'innodb_change_buffering': 'all', 'innodb_cmp_per_index_enabled': 'ON', 'innodb_commit_concurrency': 137, 'innodb_compression_failure_threshold_pct': 52, 'innodb_compression_level': 4, 'innodb_compression_pad_pct_max': 45, 'innodb_concurrency_tickets': 618890777, 'innodb_deadlock_detect': 'OFF', 'innodb_default_row_format': 'COMPACT', 'innodb_disable_sort_file_cache': 'OFF', 'innodb_doublewrite': 'ON', 'innodb_file_per_table': 'ON', 'innodb_fill_factor': 82, 'innodb_flush_log_at_timeout': 2351, 'innodb_flush_log_at_trx_commit': '2', 'innodb_flush_neighbors': '2', 'innodb_flush_sync': 'ON', 'innodb_flushing_avg_loops': 204, 'innodb_ft_cache_size': 38510122, 'innodb_ft_enable_diag_print': 'ON', 'innodb_ft_enable_stopword': 'OFF', 'innodb_ft_max_token_size': 79, 'innodb_ft_min_token_size': 11, 'innodb_ft_num_word_optimize': 6001, 'innodb_ft_result_cache_limit': 2749223563, 'innodb_ft_sort_pll_degree': 14, 'innodb_ft_total_cache_size': 605444148, 'innodb_io_capacity': 885452, 'innodb_io_capacity_max': 9412, 'innodb_log_buffer_size': 746832641, 'innodb_log_compressed_pages': 'ON', 'innodb_log_file_size': 329254159, 'innodb_log_files_in_group': 10, 'innodb_log_write_ahead_size': 6901, 'innodb_lru_scan_depth': 9247, 'innodb_max_dirty_pages_pct': 42, 'innodb_max_dirty_pages_pct_lwm': 65, 'innodb_max_purge_lag': 3739643019, 'innodb_max_purge_lag_delay': 4170907, 'innodb_max_undo_log_size': 1264568519010598000, 'innodb_old_blocks_time': 4249797145, 'innodb_online_alter_log_max_size': 3825296463600844000, 'innodb_open_files': 548391, 'innodb_optimize_fulltext_only': 'OFF', 'innodb_page_cleaners': 5, 'innodb_print_all_deadlocks': 'ON', 'innodb_purge_batch_size': 711, 'innodb_purge_rseg_truncate_frequency': 59, 'innodb_purge_threads': 23, 'innodb_random_read_ahead': 'OFF', 'innodb_read_ahead_threshold': 52, 'innodb_read_io_threads': 43, 'innodb_replication_delay': 6988, 'innodb_rollback_on_timeout': 'ON', 'innodb_rollback_segments': 8, 'innodb_sort_buffer_size': 62996748, 'innodb_spin_wait_delay': 307, 'innodb_stats_auto_recalc': 'OFF', 'innodb_stats_include_delete_marked': 'OFF', 'innodb_stats_method': 'nulls_ignored', 'innodb_stats_on_metadata': 'ON', 'innodb_stats_persistent': 'ON', 'innodb_stats_transient_sample_pages': 21, 'innodb_strict_mode': 'ON', 'innodb_sync_array_size': 630, 'innodb_sync_spin_loops': 24211, 'innodb_table_locks': 'OFF', 'innodb_thread_concurrency': 106, 'innodb_thread_sleep_delay': 78370, 'innodb_undo_log_truncate': 'OFF', 'innodb_use_native_aio': 'OFF', 'innodb_write_io_threads': 25, 'join_buffer_size': 115489353, 'keep_files_on_create': 'ON', 'key_buffer_size': 12672293713, 'key_cache_age_threshold': 25717, 'key_cache_block_size': 1295, 'key_cache_division_limit': 91, 'local_infile': 'ON', 'log_bin_trust_function_creators': 'OFF', 'log_bin_use_v1_row_events': 'OFF', 'log_builtin_as_identified_by_password': 'ON', 'log_output': 'NONE', 'log_queries_not_using_indexes': 'OFF', 'log_slave_updates': 'OFF', 'log_slow_admin_statements': 'ON', 'log_statements_unsafe_for_binlog': 'ON', 'log_syslog_include_pid': 'ON', 'log_timestamps': 'UTC', 'long_query_time': 19, 'low_priority_updates': 'OFF', 'lower_case_table_names': 2, 'master_verify_checksum': 'OFF', 'max_allowed_packet': 209051350, 'max_binlog_cache_size': 17802720407649674000, 'max_binlog_size': 281029038, 'max_binlog_stmt_cache_size': 7299266467418676000, 'max_connections': 75853, 'max_delayed_threads': 6821, 'max_digest_length': 1031372, 'max_error_count': 20116, 'max_heap_table_size': 340578113, 'max_join_size': 10586082255614150000, 'max_length_for_sort_data': 3942752, 'max_points_in_geometry': 552303, 'max_prepared_stmt_count': 380954, 'max_seeks_for_key': 17215621995530140000, 'max_sort_length': 3219536, 'max_user_connections': 2305486333, 'max_write_lock_count': 16881109942795604000, 'multi_range_count': 3649245706, 'mysql_native_password_proxy_users': 'ON', 'net_buffer_length': 1021237, 'net_read_timeout': 18, 'net_write_timeout': 62, 'ngram_token_size': 7, 'offline_mode': 'ON', 'old_alter_table': 'ON', 'old_passwords': '0', 'open_files_limit': 229050, 'optimizer_prune_level': 0, 'optimizer_search_depth': 22, 'preload_buffer_size': 327128976, 'query_alloc_block_size': 64019736, 'query_cache_limit': 71673848, 'query_cache_min_res_unit': 30109, 'query_cache_size': 142623106, 'query_cache_wlock_invalidate': 'ON', 'query_prealloc_size': 101392906, 'range_alloc_block_size': 48260, 'read_buffer_size': 287389540, 'read_rnd_buffer_size': 38132511, 'require_secure_transport': 'OFF', 'session_track_gtids': 'OFF', 'session_track_schema': 'OFF', 'session_track_state_change': 'OFF', 'session_track_transaction_info': 'CHARACTERISTICS', 'show_compatibility_56': 'ON', 'skip_external_locking': 'OFF', 'skip_name_resolve': 'OFF', 'skip_networking': 'ON', 'slow_query_log': 'OFF', 'sort_buffer_size': 133437104, 'stored_program_cache': 169998, 'sync_binlog': 4121199362, 'sync_frm': 'OFF', 'table_definition_cache': 360004, 'table_open_cache': 84640, 'table_open_cache_instances': 43, 'thread_cache_size': 15594, 'tmp_table_size': 521189595, 'transaction_alloc_block_size': 79278, 'transaction_prealloc_size': 126351, 'updatable_views_with_limit': 'YES'}

[INFO] [2024-11-10 08:00:24,687] [autotune] Close db successfully
[INFO] [2024-11-10 08:00:24,687] [autotune] mysql is shut down
[INFO] [2024-11-10 08:00:24,691] [autotune] generated config file done
[INFO] [2024-11-10 08:00:24,723] [autotune] wait for connection
[INFO] [2024-11-10 08:00:55,784] [autotune] 2002: Can't connect to local MySQL server through socket '/var/run/mysqld/mysqld.sock' (2 No such file or directory)
[INFO] [2024-11-10 08:00:56,786] [autotune] 2002: Can't connect to local MySQL server through socket '/var/run/mysqld/mysqld.sock' (2 No such file or directory)
[INFO] [2024-11-10 08:00:57,789] [autotune] 2002: Can't connect to local MySQL server through socket '/var/run/mysqld/mysqld.sock' (2 No such file or directory)
[INFO] [2024-11-10 08:00:58,791] [autotune] 2002: Can't connect to local MySQL server through socket '/var/run/mysqld/mysqld.sock' (2 No such file or directory)
[INFO] [2024-11-10 08:00:59,794] [autotune] 2002: Can't connect to local MySQL server through socket '/var/run/mysqld/mysqld.sock' (2 No such file or directory)
[INFO] [2024-11-10 08:01:00,796] [autotune] 2002: Can't connect to local MySQL server through socket '/var/run/mysqld/mysqld.sock' (2 No such file or directory)
[INFO] [2024-11-10 08:01:01,798] [autotune] 2002: Can't connect to local MySQL server through socket '/var/run/mysqld/mysqld.sock' (2 No such file or directory)
[INFO] [2024-11-10 08:01:02,801] [autotune] 2002: Can't connect to local MySQL server through socket '/var/run/mysqld/mysqld.sock' (2 No such file or directory)
[INFO] [2024-11-10 08:01:03,803] [autotune] 2002: Can't connect to local MySQL server through socket '/var/run/mysqld/mysqld.sock' (2 No such file or directory)
[INFO] [2024-11-10 08:01:04,805] [autotune] 2002: Can't connect to local MySQL server through socket '/var/run/mysqld/mysqld.sock' (2 No such file or directory)
[INFO] [2024-11-10 08:01:05,808] [autotune] 2002: Can't connect to local MySQL server through socket '/var/run/mysqld/mysqld.sock' (2 No such file or directory)
[INFO] [2024-11-10 08:01:06,810] [autotune] 2002: Can't connect to local MySQL server through socket '/var/run/mysqld/mysqld.sock' (2 No such file or directory)
[INFO] [2024-11-10 08:01:07,812] [autotune] 2002: Can't connect to local MySQL server through socket '/var/run/mysqld/mysqld.sock' (2 No such file or directory)
[INFO] [2024-11-10 08:01:08,814] [autotune] 2002: Can't connect to local MySQL server through socket '/var/run/mysqld/mysqld.sock' (2 No such file or directory)
[INFO] [2024-11-10 08:01:09,816] [autotune] 2002: Can't connect to local MySQL server through socket '/var/run/mysqld/mysqld.sock' (2 No such file or directory)
[INFO] [2024-11-10 08:01:10,819] [autotune] 2002: Can't connect to local MySQL server through socket '/var/run/mysqld/mysqld.sock' (2 No such file or directory)
[INFO] [2024-11-10 08:01:11,821] [autotune] 2002: Can't connect to local MySQL server through socket '/var/run/mysqld/mysqld.sock' (2 No such file or directory)
[INFO] [2024-11-10 08:01:12,823] [autotune] 2002: Can't connect to local MySQL server through socket '/var/run/mysqld/mysqld.sock' (2 No such file or directory)
[INFO] [2024-11-10 08:01:13,826] [autotune] 2002: Can't connect to local MySQL server through socket '/var/run/mysqld/mysqld.sock' (2 No such file or directory)
[INFO] [2024-11-10 08:01:14,829] [autotune] 2002: Can't connect to local MySQL server through socket '/var/run/mysqld/mysqld.sock' (2 No such file or directory)
[INFO] [2024-11-10 08:01:15,831] [autotune] 2002: Can't connect to local MySQL server through socket '/var/run/mysqld/mysqld.sock' (2 No such file or directory)
[INFO] [2024-11-10 08:01:16,833] [autotune] 2002: Can't connect to local MySQL server through socket '/var/run/mysqld/mysqld.sock' (2 No such file or directory)
[INFO] [2024-11-10 08:01:17,835] [autotune] 2002: Can't connect to local MySQL server through socket '/var/run/mysqld/mysqld.sock' (2 No such file or directory)
[INFO] [2024-11-10 08:01:18,838] [autotune] 2002: Can't connect to local MySQL server through socket '/var/run/mysqld/mysqld.sock' (2 No such file or directory)
[INFO] [2024-11-10 08:01:19,840] [autotune] 2002: Can't connect to local MySQL server through socket '/var/run/mysqld/mysqld.sock' (2 No such file or directory)
[INFO] [2024-11-10 08:01:20,843] [autotune] 2002: Can't connect to local MySQL server through socket '/var/run/mysqld/mysqld.sock' (2 No such file or directory)
[INFO] [2024-11-10 08:01:21,845] [autotune] 2002: Can't connect to local MySQL server through socket '/var/run/mysqld/mysqld.sock' (2 No such file or directory)
[INFO] [2024-11-10 08:01:22,846] [autotune] 2002: Can't connect to local MySQL server through socket '/var/run/mysqld/mysqld.sock' (2 No such file or directory)
[INFO] [2024-11-10 08:01:23,849] [autotune] 2002: Can't connect to local MySQL server through socket '/var/run/mysqld/mysqld.sock' (2 No such file or directory)
[INFO] [2024-11-10 08:01:24,851] [autotune] 2002: Can't connect to local MySQL server through socket '/var/run/mysqld/mysqld.sock' (2 No such file or directory)
[INFO] [2024-11-10 08:01:25,854] [autotune] 2002: Can't connect to local MySQL server through socket '/var/run/mysqld/mysqld.sock' (2 No such file or directory)
[INFO] [2024-11-10 08:01:26,856] [autotune] 2002: Can't connect to local MySQL server through socket '/var/run/mysqld/mysqld.sock' (2 No such file or directory)
[INFO] [2024-11-10 08:01:27,858] [autotune] 2002: Can't connect to local MySQL server through socket '/var/run/mysqld/mysqld.sock' (2 No such file or directory)
[INFO] [2024-11-10 08:01:28,861] [autotune] 2002: Can't connect to local MySQL server through socket '/var/run/mysqld/mysqld.sock' (2 No such file or directory)
[INFO] [2024-11-10 08:01:29,863] [autotune] 2002: Can't connect to local MySQL server through socket '/var/run/mysqld/mysqld.sock' (2 No such file or directory)
[INFO] [2024-11-10 08:01:30,865] [autotune] 2002: Can't connect to local MySQL server through socket '/var/run/mysqld/mysqld.sock' (2 No such file or directory)
[INFO] [2024-11-10 08:01:31,867] [autotune] 2002: Can't connect to local MySQL server through socket '/var/run/mysqld/mysqld.sock' (2 No such file or directory)
[INFO] [2024-11-10 08:01:32,869] [autotune] 2002: Can't connect to local MySQL server through socket '/var/run/mysqld/mysqld.sock' (2 No such file or directory)
[INFO] [2024-11-10 08:01:33,871] [autotune] 2002: Can't connect to local MySQL server through socket '/var/run/mysqld/mysqld.sock' (2 No such file or directory)
[INFO] [2024-11-10 08:01:34,874] [autotune] 2002: Can't connect to local MySQL server through socket '/var/run/mysqld/mysqld.sock' (2 No such file or directory)
[INFO] [2024-11-10 08:01:35,876] [autotune] 2002: Can't connect to local MySQL server through socket '/var/run/mysqld/mysqld.sock' (2 No such file or directory)
[INFO] [2024-11-10 08:01:36,879] [autotune] 2002: Can't connect to local MySQL server through socket '/var/run/mysqld/mysqld.sock' (2 No such file or directory)
[INFO] [2024-11-10 08:01:37,883] [autotune] Connected to MySQL db
[INFO] [2024-11-10 08:01:37,884] [autotune] finish 73 seconds waiting for connection
[INFO] [2024-11-10 08:01:37,884] [autotune] /usr/sbin/mysqld --defaults-file=scripts/template/experiment_normandy.cnf
[INFO] [2024-11-10 08:01:37,884] [autotune] mysql is up
[INFO] [2024-11-10 08:01:37,884] [autotune] sleeping for 5 seconds after restarting mysql
[INFO] [2024-11-10 08:01:43,204] [autotune] [DBG]. bash /usr/local/lib/python3.8/dist-packages/autotune/cli/run_oltpbench.sh wikipedia /oltpbench/config/sample_wikipedia_config.xml 1731225703
[INFO] [2024-11-10 08:02:48,334] [DBTune-oltpbench_wikipedia_smac_ground_truth] Iteration 16, objective value: [2147483647].
[INFO] [2024-11-10 08:03:08,415] [autotune] [step 17] generate knobs: {'autocommit': 'ON', 'automatic_sp_privileges': 'ON', 'back_log': 9743, 'binlog_cache_size': 1063750776, 'binlog_direct_non_transactional_updates': 'OFF', 'binlog_error_action': 'ABORT_SERVER', 'binlog_format': 'MIXED', 'binlog_group_commit_sync_delay': 587386, 'binlog_group_commit_sync_no_delay_count': 44315, 'binlog_order_commits': 'OFF', 'binlog_row_image': 'full', 'binlog_rows_query_log_events': 'ON', 'binlog_stmt_cache_size': 3129433017, 'bulk_insert_buffer_size': 73219333, 'check_proxy_users': 'ON', 'completion_type': 'RELEASE', 'concurrent_insert': 'AUTO', 'connect_timeout': 11577082, 'default_week_format': 7, 'delay_key_write': 'OFF', 'div_precision_increment': 4, 'end_markers_in_json': 'ON', 'eq_range_index_dive_limit': 4033943132, 'expire_logs_days': 50, 'explicit_defaults_for_timestamp': 'OFF', 'flush': 'OFF', 'flush_time': 4, 'ft_min_word_len': 2, 'ft_query_expansion_limit': 916, 'general_log': 'ON', 'group_concat_max_len': 10127931944760126000, 'host_cache_size': 46967, 'innodb_adaptive_flushing': 'ON', 'innodb_adaptive_flushing_lwm': 21, 'innodb_adaptive_hash_index_parts': 54, 'innodb_adaptive_max_sleep_delay': 466961, 'innodb_api_bk_commit_interval': 67183060, 'innodb_api_disable_rowlock': 'OFF', 'innodb_api_enable_binlog': 'OFF', 'innodb_api_enable_mdl': 'OFF', 'innodb_autoextend_increment': 809, 'innodb_buffer_pool_size': 27707944863, 'innodb_change_buffer_max_size': 15, 'innodb_change_buffering': 'purges', 'innodb_cmp_per_index_enabled': 'OFF', 'innodb_commit_concurrency': 235, 'innodb_compression_failure_threshold_pct': 59, 'innodb_compression_level': 5, 'innodb_compression_pad_pct_max': 42, 'innodb_concurrency_tickets': 2411097721, 'innodb_deadlock_detect': 'OFF', 'innodb_default_row_format': 'DYNAMIC', 'innodb_disable_sort_file_cache': 'OFF', 'innodb_doublewrite': 'OFF', 'innodb_file_per_table': 'ON', 'innodb_fill_factor': 55, 'innodb_flush_log_at_timeout': 701, 'innodb_flush_log_at_trx_commit': '0', 'innodb_flush_neighbors': '2', 'innodb_flush_sync': 'ON', 'innodb_flushing_avg_loops': 903, 'innodb_ft_cache_size': 18303903, 'innodb_ft_enable_diag_print': 'OFF', 'innodb_ft_enable_stopword': 'ON', 'innodb_ft_max_token_size': 77, 'innodb_ft_min_token_size': 9, 'innodb_ft_num_word_optimize': 4230, 'innodb_ft_result_cache_limit': 1849567970, 'innodb_ft_sort_pll_degree': 5, 'innodb_ft_total_cache_size': 866414388, 'innodb_io_capacity': 573739, 'innodb_io_capacity_max': 27526, 'innodb_log_buffer_size': 851927098, 'innodb_log_compressed_pages': 'OFF', 'innodb_log_file_size': 500846826, 'innodb_log_files_in_group': 2, 'innodb_log_write_ahead_size': 6097, 'innodb_lru_scan_depth': 8727, 'innodb_max_dirty_pages_pct': 61, 'innodb_max_dirty_pages_pct_lwm': 23, 'innodb_max_purge_lag': 3641367878, 'innodb_max_purge_lag_delay': 8391509, 'innodb_max_undo_log_size': 16564985121770468000, 'innodb_old_blocks_time': 1090678794, 'innodb_online_alter_log_max_size': 11327223400384364000, 'innodb_open_files': 600236, 'innodb_optimize_fulltext_only': 'OFF', 'innodb_page_cleaners': 7, 'innodb_print_all_deadlocks': 'OFF', 'innodb_purge_batch_size': 4845, 'innodb_purge_rseg_truncate_frequency': 8, 'innodb_purge_threads': 1, 'innodb_random_read_ahead': 'ON', 'innodb_read_ahead_threshold': 26, 'innodb_read_io_threads': 40, 'innodb_replication_delay': 5220, 'innodb_rollback_on_timeout': 'OFF', 'innodb_rollback_segments': 58, 'innodb_sort_buffer_size': 46881794, 'innodb_spin_wait_delay': 2914, 'innodb_stats_auto_recalc': 'OFF', 'innodb_stats_include_delete_marked': 'ON', 'innodb_stats_method': 'nulls_unequal', 'innodb_stats_on_metadata': 'ON', 'innodb_stats_persistent': 'OFF', 'innodb_stats_transient_sample_pages': 51, 'innodb_strict_mode': 'OFF', 'innodb_sync_array_size': 43, 'innodb_sync_spin_loops': 15804, 'innodb_table_locks': 'OFF', 'innodb_thread_concurrency': 706, 'innodb_thread_sleep_delay': 406086, 'innodb_undo_log_truncate': 'OFF', 'innodb_use_native_aio': 'ON', 'innodb_write_io_threads': 10, 'join_buffer_size': 514888330, 'keep_files_on_create': 'OFF', 'key_buffer_size': 15287876906, 'key_cache_age_threshold': 4483, 'key_cache_block_size': 12398, 'key_cache_division_limit': 6, 'local_infile': 'ON', 'log_bin_trust_function_creators': 'OFF', 'log_bin_use_v1_row_events': 'OFF', 'log_builtin_as_identified_by_password': 'ON', 'log_output': 'FILE', 'log_queries_not_using_indexes': 'ON', 'log_slave_updates': 'ON', 'log_slow_admin_statements': 'ON', 'log_statements_unsafe_for_binlog': 'ON', 'log_syslog_include_pid': 'OFF', 'log_timestamps': 'UTC', 'long_query_time': 6, 'low_priority_updates': 'ON', 'lower_case_table_names': 0, 'master_verify_checksum': 'OFF', 'max_allowed_packet': 936121820, 'max_binlog_cache_size': 1281125656822621000, 'max_binlog_size': 990905871, 'max_binlog_stmt_cache_size': 11689641081576010000, 'max_connections': 19122, 'max_delayed_threads': 1828, 'max_digest_length': 382422, 'max_error_count': 29381, 'max_heap_table_size': 789756532, 'max_join_size': 6306830358580275000, 'max_length_for_sort_data': 7559334, 'max_points_in_geometry': 384946, 'max_prepared_stmt_count': 707013, 'max_seeks_for_key': 2507190346662680000, 'max_sort_length': 3153147, 'max_user_connections': 1133214571, 'max_write_lock_count': 16122336594113544000, 'multi_range_count': 2018253686, 'mysql_native_password_proxy_users': 'OFF', 'net_buffer_length': 392230, 'net_read_timeout': 24, 'net_write_timeout': 29, 'ngram_token_size': 2, 'offline_mode': 'ON', 'old_alter_table': 'OFF', 'old_passwords': '2', 'open_files_limit': 347583, 'optimizer_prune_level': 0, 'optimizer_search_depth': 33, 'preload_buffer_size': 643060403, 'query_alloc_block_size': 23278849, 'query_cache_limit': 52663332, 'query_cache_min_res_unit': 25943, 'query_cache_size': 789142865, 'query_cache_wlock_invalidate': 'OFF', 'query_prealloc_size': 126123989, 'range_alloc_block_size': 13390, 'read_buffer_size': 1824423002, 'read_rnd_buffer_size': 1064125, 'require_secure_transport': 'ON', 'session_track_gtids': 'OFF', 'session_track_schema': 'ON', 'session_track_state_change': 'ON', 'session_track_transaction_info': 'OFF', 'show_compatibility_56': 'OFF', 'skip_external_locking': 'ON', 'skip_name_resolve': 'OFF', 'skip_networking': 'ON', 'slow_query_log': 'ON', 'sort_buffer_size': 83262842, 'stored_program_cache': 218741, 'sync_binlog': 137196299, 'sync_frm': 'OFF', 'table_definition_cache': 311797, 'table_open_cache': 97825, 'table_open_cache_instances': 13, 'thread_cache_size': 12901, 'tmp_table_size': 298699245, 'transaction_alloc_block_size': 71658, 'transaction_prealloc_size': 33945, 'updatable_views_with_limit': 'NO'}

[INFO] [2024-11-10 08:03:12,462] [autotune] Close db successfully
[INFO] [2024-11-10 08:03:12,462] [autotune] mysql is shut down
[INFO] [2024-11-10 08:03:12,465] [autotune] generated config file done
[INFO] [2024-11-10 08:03:12,495] [autotune] wait for connection
[INFO] [2024-11-10 08:03:37,547] [autotune] Connected to MySQL db
[INFO] [2024-11-10 08:03:37,547] [autotune] finish 25 seconds waiting for connection
[INFO] [2024-11-10 08:03:37,547] [autotune] /usr/sbin/mysqld --defaults-file=scripts/template/experiment_normandy.cnf
[INFO] [2024-11-10 08:03:37,548] [autotune] mysql is up
[INFO] [2024-11-10 08:03:37,548] [autotune] sleeping for 5 seconds after restarting mysql
[INFO] [2024-11-10 08:03:42,898] [autotune] [DBG]. bash /usr/local/lib/python3.8/dist-packages/autotune/cli/run_oltpbench.sh wikipedia /oltpbench/config/sample_wikipedia_config.xml 1731225822
[INFO] [2024-11-10 08:04:48,046] [DBTune-oltpbench_wikipedia_smac_ground_truth] Iteration 17, objective value: [2147483647].
[INFO] [2024-11-10 08:05:08,978] [autotune] [step 18] generate knobs: {'autocommit': 'OFF', 'automatic_sp_privileges': 'ON', 'back_log': 11670, 'binlog_cache_size': 456609356, 'binlog_direct_non_transactional_updates': 'ON', 'binlog_error_action': 'ABORT_SERVER', 'binlog_format': 'STATEMENT', 'binlog_group_commit_sync_delay': 301058, 'binlog_group_commit_sync_no_delay_count': 39212, 'binlog_order_commits': 'ON', 'binlog_row_image': 'minimal', 'binlog_rows_query_log_events': 'ON', 'binlog_stmt_cache_size': 791710417, 'bulk_insert_buffer_size': 18758202, 'check_proxy_users': 'OFF', 'completion_type': 'CHAIN', 'concurrent_insert': 'NEVER', 'connect_timeout': 15514326, 'default_week_format': 0, 'delay_key_write': 'ON', 'div_precision_increment': 22, 'end_markers_in_json': 'OFF', 'eq_range_index_dive_limit': 2289644745, 'expire_logs_days': 36, 'explicit_defaults_for_timestamp': 'ON', 'flush': 'ON', 'flush_time': 7, 'ft_min_word_len': 3, 'ft_query_expansion_limit': 821, 'general_log': 'OFF', 'group_concat_max_len': 13714890116414920000, 'host_cache_size': 54153, 'innodb_adaptive_flushing': 'OFF', 'innodb_adaptive_flushing_lwm': 38, 'innodb_adaptive_hash_index_parts': 121, 'innodb_adaptive_max_sleep_delay': 466204, 'innodb_api_bk_commit_interval': 272458735, 'innodb_api_disable_rowlock': 'OFF', 'innodb_api_enable_binlog': 'OFF', 'innodb_api_enable_mdl': 'OFF', 'innodb_autoextend_increment': 607, 'innodb_buffer_pool_size': 23250759497, 'innodb_change_buffer_max_size': 46, 'innodb_change_buffering': 'purges', 'innodb_cmp_per_index_enabled': 'ON', 'innodb_commit_concurrency': 22, 'innodb_compression_failure_threshold_pct': 1, 'innodb_compression_level': 8, 'innodb_compression_pad_pct_max': 60, 'innodb_concurrency_tickets': 3235471860, 'innodb_deadlock_detect': 'ON', 'innodb_default_row_format': 'COMPACT', 'innodb_disable_sort_file_cache': 'OFF', 'innodb_doublewrite': 'ON', 'innodb_file_per_table': 'OFF', 'innodb_fill_factor': 12, 'innodb_flush_log_at_timeout': 2117, 'innodb_flush_log_at_trx_commit': '0', 'innodb_flush_neighbors': '1', 'innodb_flush_sync': 'ON', 'innodb_flushing_avg_loops': 213, 'innodb_ft_cache_size': 55008491, 'innodb_ft_enable_diag_print': 'OFF', 'innodb_ft_enable_stopword': 'ON', 'innodb_ft_max_token_size': 38, 'innodb_ft_min_token_size': 2, 'innodb_ft_num_word_optimize': 1313, 'innodb_ft_result_cache_limit': 127620224, 'innodb_ft_sort_pll_degree': 16, 'innodb_ft_total_cache_size': 824224694, 'innodb_io_capacity': 157069, 'innodb_io_capacity_max': 12404, 'innodb_log_buffer_size': 3409585254, 'innodb_log_compressed_pages': 'OFF', 'innodb_log_file_size': 375923498, 'innodb_log_files_in_group': 3, 'innodb_log_write_ahead_size': 6537, 'innodb_lru_scan_depth': 9629, 'innodb_max_dirty_pages_pct': 19, 'innodb_max_dirty_pages_pct_lwm': 33, 'innodb_max_purge_lag': 3232066385, 'innodb_max_purge_lag_delay': 9862474, 'innodb_max_undo_log_size': 12587495171093650000, 'innodb_old_blocks_time': 3746946911, 'innodb_online_alter_log_max_size': 2819010511301512000, 'innodb_open_files': 39678, 'innodb_optimize_fulltext_only': 'ON', 'innodb_page_cleaners': 2, 'innodb_print_all_deadlocks': 'OFF', 'innodb_purge_batch_size': 4071, 'innodb_purge_rseg_truncate_frequency': 41, 'innodb_purge_threads': 16, 'innodb_random_read_ahead': 'ON', 'innodb_read_ahead_threshold': 17, 'innodb_read_io_threads': 59, 'innodb_replication_delay': 3755, 'innodb_rollback_on_timeout': 'ON', 'innodb_rollback_segments': 83, 'innodb_sort_buffer_size': 66314185, 'innodb_spin_wait_delay': 1745, 'innodb_stats_auto_recalc': 'ON', 'innodb_stats_include_delete_marked': 'OFF', 'innodb_stats_method': 'nulls_ignored', 'innodb_stats_on_metadata': 'ON', 'innodb_stats_persistent': 'OFF', 'innodb_stats_transient_sample_pages': 54, 'innodb_strict_mode': 'ON', 'innodb_sync_array_size': 533, 'innodb_sync_spin_loops': 17129, 'innodb_table_locks': 'ON', 'innodb_thread_concurrency': 483, 'innodb_thread_sleep_delay': 124557, 'innodb_undo_log_truncate': 'ON', 'innodb_use_native_aio': 'ON', 'innodb_write_io_threads': 11, 'join_buffer_size': 459270279, 'keep_files_on_create': 'ON', 'key_buffer_size': 12122689421, 'key_cache_age_threshold': 15583, 'key_cache_block_size': 13020, 'key_cache_division_limit': 63, 'local_infile': 'ON', 'log_bin_trust_function_creators': 'ON', 'log_bin_use_v1_row_events': 'ON', 'log_builtin_as_identified_by_password': 'ON', 'log_output': 'NONE', 'log_queries_not_using_indexes': 'ON', 'log_slave_updates': 'ON', 'log_slow_admin_statements': 'ON', 'log_statements_unsafe_for_binlog': 'OFF', 'log_syslog_include_pid': 'OFF', 'log_timestamps': 'SYSTEM', 'long_query_time': 16, 'low_priority_updates': 'ON', 'lower_case_table_names': 2, 'master_verify_checksum': 'ON', 'max_allowed_packet': 897349255, 'max_binlog_cache_size': 17832863947151686000, 'max_binlog_size': 527217359, 'max_binlog_stmt_cache_size': 7456049481960634000, 'max_connections': 38783, 'max_delayed_threads': 1986, 'max_digest_length': 280955, 'max_error_count': 8611, 'max_heap_table_size': 897667403, 'max_join_size': 8224128722706367000, 'max_length_for_sort_data': 1013653, 'max_points_in_geometry': 1033464, 'max_prepared_stmt_count': 983836, 'max_seeks_for_key': 12652686009560836000, 'max_sort_length': 8273510, 'max_user_connections': 3596289385, 'max_write_lock_count': 9137649779671298000, 'multi_range_count': 3129243036, 'mysql_native_password_proxy_users': 'ON', 'net_buffer_length': 854780, 'net_read_timeout': 14, 'net_write_timeout': 80, 'ngram_token_size': 3, 'offline_mode': 'OFF', 'old_alter_table': 'OFF', 'old_passwords': '2', 'open_files_limit': 164774, 'optimizer_prune_level': 0, 'optimizer_search_depth': 51, 'preload_buffer_size': 976896036, 'query_alloc_block_size': 31855244, 'query_cache_limit': 12640027, 'query_cache_min_res_unit': 12111, 'query_cache_size': 1481323194, 'query_cache_wlock_invalidate': 'ON', 'query_prealloc_size': 39685412, 'range_alloc_block_size': 45615, 'read_buffer_size': 694419710, 'read_rnd_buffer_size': 80572781, 'require_secure_transport': 'OFF', 'session_track_gtids': 'OWN_GTID', 'session_track_schema': 'OFF', 'session_track_state_change': 'ON', 'session_track_transaction_info': 'CHARACTERISTICS', 'show_compatibility_56': 'OFF', 'skip_external_locking': 'OFF', 'skip_name_resolve': 'OFF', 'skip_networking': 'ON', 'slow_query_log': 'OFF', 'sort_buffer_size': 46989398, 'stored_program_cache': 211524, 'sync_binlog': 1003662857, 'sync_frm': 'ON', 'table_definition_cache': 255631, 'table_open_cache': 44813, 'table_open_cache_instances': 59, 'thread_cache_size': 15323, 'tmp_table_size': 839158290, 'transaction_alloc_block_size': 22282, 'transaction_prealloc_size': 57130, 'updatable_views_with_limit': 'NO'}

[INFO] [2024-11-10 08:05:12,017] [autotune] Close db successfully
[INFO] [2024-11-10 08:05:12,018] [autotune] mysql is shut down
[INFO] [2024-11-10 08:05:12,021] [autotune] generated config file done
[INFO] [2024-11-10 08:05:12,051] [autotune] wait for connection
[INFO] [2024-11-10 08:05:40,111] [autotune] Connected to MySQL db
[INFO] [2024-11-10 08:05:40,111] [autotune] finish 28 seconds waiting for connection
[INFO] [2024-11-10 08:05:40,111] [autotune] /usr/sbin/mysqld --defaults-file=scripts/template/experiment_normandy.cnf
[INFO] [2024-11-10 08:05:40,112] [autotune] mysql is up
[INFO] [2024-11-10 08:05:40,112] [autotune] sleeping for 5 seconds after restarting mysql
[INFO] [2024-11-10 08:05:45,474] [autotune] [DBG]. bash /usr/local/lib/python3.8/dist-packages/autotune/cli/run_oltpbench.sh wikipedia /oltpbench/config/sample_wikipedia_config.xml 1731225945
[INFO] [2024-11-10 08:06:50,614] [DBTune-oltpbench_wikipedia_smac_ground_truth] Iteration 18, objective value: [2147483647].
[INFO] [2024-11-10 08:07:06,485] [autotune] [step 19] generate knobs: {'autocommit': 'ON', 'automatic_sp_privileges': 'OFF', 'back_log': 50656, 'binlog_cache_size': 2393827413, 'binlog_direct_non_transactional_updates': 'ON', 'binlog_error_action': 'ABORT_SERVER', 'binlog_format': 'STATEMENT', 'binlog_group_commit_sync_delay': 616690, 'binlog_group_commit_sync_no_delay_count': 36398, 'binlog_order_commits': 'OFF', 'binlog_row_image': 'minimal', 'binlog_rows_query_log_events': 'OFF', 'binlog_stmt_cache_size': 4265632357, 'bulk_insert_buffer_size': 22393692, 'check_proxy_users': 'ON', 'completion_type': 'RELEASE', 'concurrent_insert': 'AUTO', 'connect_timeout': 14246828, 'default_week_format': 1, 'delay_key_write': 'ON', 'div_precision_increment': 29, 'end_markers_in_json': 'OFF', 'eq_range_index_dive_limit': 2210939889, 'expire_logs_days': 58, 'explicit_defaults_for_timestamp': 'OFF', 'flush': 'OFF', 'flush_time': 2, 'ft_min_word_len': 8, 'ft_query_expansion_limit': 803, 'general_log': 'OFF', 'group_concat_max_len': 15835025374762182000, 'host_cache_size': 12584, 'innodb_adaptive_flushing': 'OFF', 'innodb_adaptive_flushing_lwm': 0, 'innodb_adaptive_hash_index_parts': 256, 'innodb_adaptive_max_sleep_delay': 114284, 'innodb_api_bk_commit_interval': 425386491, 'innodb_api_disable_rowlock': 'OFF', 'innodb_api_enable_binlog': 'ON', 'innodb_api_enable_mdl': 'ON', 'innodb_autoextend_increment': 171, 'innodb_buffer_pool_size': 22433800138, 'innodb_change_buffer_max_size': 16, 'innodb_change_buffering': 'purges', 'innodb_cmp_per_index_enabled': 'ON', 'innodb_commit_concurrency': 305, 'innodb_compression_failure_threshold_pct': 99, 'innodb_compression_level': 7, 'innodb_compression_pad_pct_max': 31, 'innodb_concurrency_tickets': 3925202882, 'innodb_deadlock_detect': 'OFF', 'innodb_default_row_format': 'DYNAMIC', 'innodb_disable_sort_file_cache': 'OFF', 'innodb_doublewrite': 'OFF', 'innodb_file_per_table': 'ON', 'innodb_fill_factor': 71, 'innodb_flush_log_at_timeout': 348, 'innodb_flush_log_at_trx_commit': '0', 'innodb_flush_neighbors': '0', 'innodb_flush_sync': 'ON', 'innodb_flushing_avg_loops': 634, 'innodb_ft_cache_size': 72142419, 'innodb_ft_enable_diag_print': 'OFF', 'innodb_ft_enable_stopword': 'ON', 'innodb_ft_max_token_size': 37, 'innodb_ft_min_token_size': 11, 'innodb_ft_num_word_optimize': 1898, 'innodb_ft_result_cache_limit': 238567699, 'innodb_ft_sort_pll_degree': 2, 'innodb_ft_total_cache_size': 1390711058, 'innodb_io_capacity': 1486027, 'innodb_io_capacity_max': 25316, 'innodb_log_buffer_size': 3494226542, 'innodb_log_compressed_pages': 'OFF', 'innodb_log_file_size': 739275779, 'innodb_log_files_in_group': 8, 'innodb_log_write_ahead_size': 4779, 'innodb_lru_scan_depth': 9290, 'innodb_max_dirty_pages_pct': 23, 'innodb_max_dirty_pages_pct_lwm': 59, 'innodb_max_purge_lag': 559665682, 'innodb_max_purge_lag_delay': 9328251, 'innodb_max_undo_log_size': 12086581727274630000, 'innodb_old_blocks_time': 528689640, 'innodb_online_alter_log_max_size': 7847148080041058000, 'innodb_open_files': 565610, 'innodb_optimize_fulltext_only': 'ON', 'innodb_page_cleaners': 1, 'innodb_print_all_deadlocks': 'OFF', 'innodb_purge_batch_size': 3625, 'innodb_purge_rseg_truncate_frequency': 61, 'innodb_purge_threads': 3, 'innodb_random_read_ahead': 'OFF', 'innodb_read_ahead_threshold': 47, 'innodb_read_io_threads': 62, 'innodb_replication_delay': 9746, 'innodb_rollback_on_timeout': 'ON', 'innodb_rollback_segments': 87, 'innodb_sort_buffer_size': 16086082, 'innodb_spin_wait_delay': 1760, 'innodb_stats_auto_recalc': 'ON', 'innodb_stats_include_delete_marked': 'OFF', 'innodb_stats_method': 'nulls_ignored', 'innodb_stats_on_metadata': 'OFF', 'innodb_stats_persistent': 'OFF', 'innodb_stats_transient_sample_pages': 15, 'innodb_strict_mode': 'OFF', 'innodb_sync_array_size': 94, 'innodb_sync_spin_loops': 3764, 'innodb_table_locks': 'ON', 'innodb_thread_concurrency': 984, 'innodb_thread_sleep_delay': 715911, 'innodb_undo_log_truncate': 'OFF', 'innodb_use_native_aio': 'ON', 'innodb_write_io_threads': 33, 'join_buffer_size': 956502180, 'keep_files_on_create': 'ON', 'key_buffer_size': 5507422221, 'key_cache_age_threshold': 9883, 'key_cache_block_size': 15068, 'key_cache_division_limit': 2, 'local_infile': 'ON', 'log_bin_trust_function_creators': 'OFF', 'log_bin_use_v1_row_events': 'ON', 'log_builtin_as_identified_by_password': 'ON', 'log_output': 'TABLE', 'log_queries_not_using_indexes': 'ON', 'log_slave_updates': 'ON', 'log_slow_admin_statements': 'OFF', 'log_statements_unsafe_for_binlog': 'OFF', 'log_syslog_include_pid': 'OFF', 'log_timestamps': 'UTC', 'long_query_time': 11, 'low_priority_updates': 'ON', 'lower_case_table_names': 1, 'master_verify_checksum': 'ON', 'max_allowed_packet': 448749088, 'max_binlog_cache_size': 5725058173771017000, 'max_binlog_size': 36839471, 'max_binlog_stmt_cache_size': 18073065743306316000, 'max_connections': 96504, 'max_delayed_threads': 12069, 'max_digest_length': 132683, 'max_error_count': 10510, 'max_heap_table_size': 450119352, 'max_join_size': 16091877470331050000, 'max_length_for_sort_data': 1760777, 'max_points_in_geometry': 105468, 'max_prepared_stmt_count': 692958, 'max_seeks_for_key': 15205790447349962000, 'max_sort_length': 1479370, 'max_user_connections': 3144422264, 'max_write_lock_count': 7927528081546588000, 'multi_range_count': 754316511, 'mysql_native_password_proxy_users': 'OFF', 'net_buffer_length': 886402, 'net_read_timeout': 45, 'net_write_timeout': 15, 'ngram_token_size': 9, 'offline_mode': 'OFF', 'old_alter_table': 'ON', 'old_passwords': '2', 'open_files_limit': 314005, 'optimizer_prune_level': 0, 'optimizer_search_depth': 36, 'preload_buffer_size': 355087792, 'query_alloc_block_size': 40064438, 'query_cache_limit': 31328078, 'query_cache_min_res_unit': 51460, 'query_cache_size': 64873388, 'query_cache_wlock_invalidate': 'ON', 'query_prealloc_size': 51732063, 'range_alloc_block_size': 48834, 'read_buffer_size': 1405701429, 'read_rnd_buffer_size': 50139722, 'require_secure_transport': 'ON', 'session_track_gtids': 'OFF', 'session_track_schema': 'ON', 'session_track_state_change': 'OFF', 'session_track_transaction_info': 'OFF', 'show_compatibility_56': 'ON', 'skip_external_locking': 'ON', 'skip_name_resolve': 'ON', 'skip_networking': 'OFF', 'slow_query_log': 'ON', 'sort_buffer_size': 19738758, 'stored_program_cache': 174038, 'sync_binlog': 2435947250, 'sync_frm': 'ON', 'table_definition_cache': 56677, 'table_open_cache': 6130, 'table_open_cache_instances': 32, 'thread_cache_size': 12009, 'tmp_table_size': 423597048, 'transaction_alloc_block_size': 124687, 'transaction_prealloc_size': 109707, 'updatable_views_with_limit': 'NO'}

[INFO] [2024-11-10 08:07:10,528] [autotune] Close db successfully
[INFO] [2024-11-10 08:07:10,528] [autotune] mysql is shut down
[INFO] [2024-11-10 08:07:10,530] [autotune] generated config file done
[INFO] [2024-11-10 08:07:10,558] [autotune] wait for connection
[INFO] [2024-11-10 08:07:41,618] [autotune] 2002: Can't connect to local MySQL server through socket '/var/run/mysqld/mysqld.sock' (2 No such file or directory)
[INFO] [2024-11-10 08:07:42,621] [autotune] 2002: Can't connect to local MySQL server through socket '/var/run/mysqld/mysqld.sock' (2 No such file or directory)
[INFO] [2024-11-10 08:07:43,623] [autotune] 2002: Can't connect to local MySQL server through socket '/var/run/mysqld/mysqld.sock' (2 No such file or directory)
[INFO] [2024-11-10 08:07:44,626] [autotune] 2002: Can't connect to local MySQL server through socket '/var/run/mysqld/mysqld.sock' (2 No such file or directory)
[INFO] [2024-11-10 08:07:45,628] [autotune] 2002: Can't connect to local MySQL server through socket '/var/run/mysqld/mysqld.sock' (2 No such file or directory)
[INFO] [2024-11-10 08:07:46,630] [autotune] 2002: Can't connect to local MySQL server through socket '/var/run/mysqld/mysqld.sock' (2 No such file or directory)
[INFO] [2024-11-10 08:07:47,633] [autotune] 2002: Can't connect to local MySQL server through socket '/var/run/mysqld/mysqld.sock' (2 No such file or directory)
[INFO] [2024-11-10 08:07:48,635] [autotune] 2002: Can't connect to local MySQL server through socket '/var/run/mysqld/mysqld.sock' (2 No such file or directory)
[INFO] [2024-11-10 08:07:49,638] [autotune] 2002: Can't connect to local MySQL server through socket '/var/run/mysqld/mysqld.sock' (2 No such file or directory)
[INFO] [2024-11-10 08:07:50,640] [autotune] 2002: Can't connect to local MySQL server through socket '/var/run/mysqld/mysqld.sock' (2 No such file or directory)
[INFO] [2024-11-10 08:07:51,643] [autotune] 2002: Can't connect to local MySQL server through socket '/var/run/mysqld/mysqld.sock' (2 No such file or directory)
[INFO] [2024-11-10 08:07:52,645] [autotune] 2002: Can't connect to local MySQL server through socket '/var/run/mysqld/mysqld.sock' (2 No such file or directory)
[INFO] [2024-11-10 08:07:53,647] [autotune] 2002: Can't connect to local MySQL server through socket '/var/run/mysqld/mysqld.sock' (2 No such file or directory)
[INFO] [2024-11-10 08:07:54,650] [autotune] 2002: Can't connect to local MySQL server through socket '/var/run/mysqld/mysqld.sock' (2 No such file or directory)
[INFO] [2024-11-10 08:07:55,652] [autotune] 2002: Can't connect to local MySQL server through socket '/var/run/mysqld/mysqld.sock' (2 No such file or directory)
[INFO] [2024-11-10 08:07:56,655] [autotune] 2002: Can't connect to local MySQL server through socket '/var/run/mysqld/mysqld.sock' (2 No such file or directory)
[INFO] [2024-11-10 08:07:57,657] [autotune] 2002: Can't connect to local MySQL server through socket '/var/run/mysqld/mysqld.sock' (2 No such file or directory)
[INFO] [2024-11-10 08:07:58,659] [autotune] 2002: Can't connect to local MySQL server through socket '/var/run/mysqld/mysqld.sock' (2 No such file or directory)
[INFO] [2024-11-10 08:07:59,661] [autotune] 2002: Can't connect to local MySQL server through socket '/var/run/mysqld/mysqld.sock' (2 No such file or directory)
[INFO] [2024-11-10 08:08:00,663] [autotune] 2002: Can't connect to local MySQL server through socket '/var/run/mysqld/mysqld.sock' (2 No such file or directory)
[INFO] [2024-11-10 08:08:01,665] [autotune] 2002: Can't connect to local MySQL server through socket '/var/run/mysqld/mysqld.sock' (2 No such file or directory)
[INFO] [2024-11-10 08:08:02,667] [autotune] 2002: Can't connect to local MySQL server through socket '/var/run/mysqld/mysqld.sock' (2 No such file or directory)
[INFO] [2024-11-10 08:08:03,670] [autotune] 2002: Can't connect to local MySQL server through socket '/var/run/mysqld/mysqld.sock' (2 No such file or directory)
[INFO] [2024-11-10 08:08:04,672] [autotune] 2002: Can't connect to local MySQL server through socket '/var/run/mysqld/mysqld.sock' (2 No such file or directory)
[INFO] [2024-11-10 08:08:05,674] [autotune] 2002: Can't connect to local MySQL server through socket '/var/run/mysqld/mysqld.sock' (2 No such file or directory)
[INFO] [2024-11-10 08:08:06,677] [autotune] 2002: Can't connect to local MySQL server through socket '/var/run/mysqld/mysqld.sock' (2 No such file or directory)
[INFO] [2024-11-10 08:08:07,679] [autotune] 2002: Can't connect to local MySQL server through socket '/var/run/mysqld/mysqld.sock' (2 No such file or directory)
[INFO] [2024-11-10 08:08:08,682] [autotune] 2002: Can't connect to local MySQL server through socket '/var/run/mysqld/mysqld.sock' (2 No such file or directory)
[INFO] [2024-11-10 08:08:09,684] [autotune] 2002: Can't connect to local MySQL server through socket '/var/run/mysqld/mysqld.sock' (2 No such file or directory)
[INFO] [2024-11-10 08:08:10,686] [autotune] 2002: Can't connect to local MySQL server through socket '/var/run/mysqld/mysqld.sock' (2 No such file or directory)
[INFO] [2024-11-10 08:08:11,689] [autotune] 2002: Can't connect to local MySQL server through socket '/var/run/mysqld/mysqld.sock' (2 No such file or directory)
[INFO] [2024-11-10 08:08:12,691] [autotune] 2002: Can't connect to local MySQL server through socket '/var/run/mysqld/mysqld.sock' (2 No such file or directory)
[INFO] [2024-11-10 08:08:13,694] [autotune] 2002: Can't connect to local MySQL server through socket '/var/run/mysqld/mysqld.sock' (2 No such file or directory)
[INFO] [2024-11-10 08:08:14,696] [autotune] 2002: Can't connect to local MySQL server through socket '/var/run/mysqld/mysqld.sock' (2 No such file or directory)
[INFO] [2024-11-10 08:08:15,698] [autotune] 2002: Can't connect to local MySQL server through socket '/var/run/mysqld/mysqld.sock' (2 No such file or directory)
[INFO] [2024-11-10 08:08:16,701] [autotune] 2002: Can't connect to local MySQL server through socket '/var/run/mysqld/mysqld.sock' (2 No such file or directory)
[INFO] [2024-11-10 08:08:17,703] [autotune] 2002: Can't connect to local MySQL server through socket '/var/run/mysqld/mysqld.sock' (2 No such file or directory)
[INFO] [2024-11-10 08:08:18,705] [autotune] 2002: Can't connect to local MySQL server through socket '/var/run/mysqld/mysqld.sock' (2 No such file or directory)
[INFO] [2024-11-10 08:08:19,707] [autotune] 2002: Can't connect to local MySQL server through socket '/var/run/mysqld/mysqld.sock' (2 No such file or directory)
[INFO] [2024-11-10 08:08:20,709] [autotune] 2002: Can't connect to local MySQL server through socket '/var/run/mysqld/mysqld.sock' (2 No such file or directory)
[INFO] [2024-11-10 08:08:21,711] [autotune] 2002: Can't connect to local MySQL server through socket '/var/run/mysqld/mysqld.sock' (2 No such file or directory)
[INFO] [2024-11-10 08:08:22,713] [autotune] 2002: Can't connect to local MySQL server through socket '/var/run/mysqld/mysqld.sock' (2 No such file or directory)
[INFO] [2024-11-10 08:08:23,715] [autotune] 2002: Can't connect to local MySQL server through socket '/var/run/mysqld/mysqld.sock' (2 No such file or directory)
[INFO] [2024-11-10 08:08:24,718] [autotune] 2002: Can't connect to local MySQL server through socket '/var/run/mysqld/mysqld.sock' (2 No such file or directory)
[INFO] [2024-11-10 08:08:25,720] [autotune] 2002: Can't connect to local MySQL server through socket '/var/run/mysqld/mysqld.sock' (2 No such file or directory)
[INFO] [2024-11-10 08:08:26,723] [autotune] 2002: Can't connect to local MySQL server through socket '/var/run/mysqld/mysqld.sock' (2 No such file or directory)
[INFO] [2024-11-10 08:08:27,725] [autotune] 2002: Can't connect to local MySQL server through socket '/var/run/mysqld/mysqld.sock' (2 No such file or directory)
[INFO] [2024-11-10 08:08:28,727] [autotune] 2002: Can't connect to local MySQL server through socket '/var/run/mysqld/mysqld.sock' (2 No such file or directory)
[INFO] [2024-11-10 08:08:29,730] [autotune] 2002: Can't connect to local MySQL server through socket '/var/run/mysqld/mysqld.sock' (2 No such file or directory)
[INFO] [2024-11-10 08:08:30,732] [autotune] 2002: Can't connect to local MySQL server through socket '/var/run/mysqld/mysqld.sock' (2 No such file or directory)
[INFO] [2024-11-10 08:08:31,735] [autotune] 2002: Can't connect to local MySQL server through socket '/var/run/mysqld/mysqld.sock' (2 No such file or directory)
[INFO] [2024-11-10 08:08:32,737] [autotune] 2002: Can't connect to local MySQL server through socket '/var/run/mysqld/mysqld.sock' (2 No such file or directory)
[INFO] [2024-11-10 08:08:33,739] [autotune] 2002: Can't connect to local MySQL server through socket '/var/run/mysqld/mysqld.sock' (2 No such file or directory)
[INFO] [2024-11-10 08:08:34,742] [autotune] 2002: Can't connect to local MySQL server through socket '/var/run/mysqld/mysqld.sock' (2 No such file or directory)
[INFO] [2024-11-10 08:08:35,744] [autotune] 2002: Can't connect to local MySQL server through socket '/var/run/mysqld/mysqld.sock' (2 No such file or directory)
[INFO] [2024-11-10 08:08:36,746] [autotune] 2002: Can't connect to local MySQL server through socket '/var/run/mysqld/mysqld.sock' (2 No such file or directory)
[INFO] [2024-11-10 08:08:37,749] [autotune] 2002: Can't connect to local MySQL server through socket '/var/run/mysqld/mysqld.sock' (2 No such file or directory)
[INFO] [2024-11-10 08:08:38,751] [autotune] 2002: Can't connect to local MySQL server through socket '/var/run/mysqld/mysqld.sock' (2 No such file or directory)
[INFO] [2024-11-10 08:08:39,754] [autotune] 2002: Can't connect to local MySQL server through socket '/var/run/mysqld/mysqld.sock' (2 No such file or directory)
[INFO] [2024-11-10 08:08:40,756] [autotune] 2002: Can't connect to local MySQL server through socket '/var/run/mysqld/mysqld.sock' (2 No such file or directory)
[INFO] [2024-11-10 08:08:41,758] [autotune] 2002: Can't connect to local MySQL server through socket '/var/run/mysqld/mysqld.sock' (2 No such file or directory)
[INFO] [2024-11-10 08:08:42,761] [autotune] 2002: Can't connect to local MySQL server through socket '/var/run/mysqld/mysqld.sock' (2 No such file or directory)
[INFO] [2024-11-10 08:08:43,763] [autotune] 2002: Can't connect to local MySQL server through socket '/var/run/mysqld/mysqld.sock' (2 No such file or directory)
[INFO] [2024-11-10 08:08:44,765] [autotune] 2002: Can't connect to local MySQL server through socket '/var/run/mysqld/mysqld.sock' (2 No such file or directory)
[INFO] [2024-11-10 08:08:45,767] [autotune] 2002: Can't connect to local MySQL server through socket '/var/run/mysqld/mysqld.sock' (2 No such file or directory)
[INFO] [2024-11-10 08:08:46,770] [autotune] 2002: Can't connect to local MySQL server through socket '/var/run/mysqld/mysqld.sock' (2 No such file or directory)
[INFO] [2024-11-10 08:08:47,772] [autotune] 2002: Can't connect to local MySQL server through socket '/var/run/mysqld/mysqld.sock' (2 No such file or directory)
[INFO] [2024-11-10 08:08:48,774] [autotune] 2002: Can't connect to local MySQL server through socket '/var/run/mysqld/mysqld.sock' (2 No such file or directory)
[INFO] [2024-11-10 08:08:49,777] [autotune] 2002: Can't connect to local MySQL server through socket '/var/run/mysqld/mysqld.sock' (2 No such file or directory)
[INFO] [2024-11-10 08:08:50,779] [autotune] 2002: Can't connect to local MySQL server through socket '/var/run/mysqld/mysqld.sock' (2 No such file or directory)
[INFO] [2024-11-10 08:08:51,782] [autotune] 2002: Can't connect to local MySQL server through socket '/var/run/mysqld/mysqld.sock' (2 No such file or directory)
[INFO] [2024-11-10 08:08:52,784] [autotune] 2002: Can't connect to local MySQL server through socket '/var/run/mysqld/mysqld.sock' (2 No such file or directory)
[INFO] [2024-11-10 08:08:53,787] [autotune] 2002: Can't connect to local MySQL server through socket '/var/run/mysqld/mysqld.sock' (2 No such file or directory)
[INFO] [2024-11-10 08:08:54,789] [autotune] 2002: Can't connect to local MySQL server through socket '/var/run/mysqld/mysqld.sock' (2 No such file or directory)
[INFO] [2024-11-10 08:08:55,791] [autotune] 2002: Can't connect to local MySQL server through socket '/var/run/mysqld/mysqld.sock' (2 No such file or directory)
[INFO] [2024-11-10 08:08:56,794] [autotune] 2002: Can't connect to local MySQL server through socket '/var/run/mysqld/mysqld.sock' (2 No such file or directory)
[INFO] [2024-11-10 08:08:57,796] [autotune] 2002: Can't connect to local MySQL server through socket '/var/run/mysqld/mysqld.sock' (2 No such file or directory)
[INFO] [2024-11-10 08:08:58,799] [autotune] 2002: Can't connect to local MySQL server through socket '/var/run/mysqld/mysqld.sock' (2 No such file or directory)
[INFO] [2024-11-10 08:08:59,801] [autotune] 2002: Can't connect to local MySQL server through socket '/var/run/mysqld/mysqld.sock' (2 No such file or directory)
[INFO] [2024-11-10 08:09:00,803] [autotune] 2002: Can't connect to local MySQL server through socket '/var/run/mysqld/mysqld.sock' (2 No such file or directory)
[INFO] [2024-11-10 08:09:01,809] [autotune] Connected to MySQL db
[INFO] [2024-11-10 08:09:01,810] [autotune] finish 111 seconds waiting for connection
[INFO] [2024-11-10 08:09:01,810] [autotune] /usr/sbin/mysqld --defaults-file=scripts/template/experiment_normandy.cnf
[INFO] [2024-11-10 08:09:01,810] [autotune] mysql is up
[INFO] [2024-11-10 08:09:01,810] [autotune] sleeping for 5 seconds after restarting mysql
[INFO] [2024-11-10 08:09:07,177] [autotune] [DBG]. bash /usr/local/lib/python3.8/dist-packages/autotune/cli/run_oltpbench.sh wikipedia /oltpbench/config/sample_wikipedia_config.xml 1731226147
[INFO] [2024-11-10 08:10:12,313] [DBTune-oltpbench_wikipedia_smac_ground_truth] Iteration 19, objective value: [2147483647].
[INFO] [2024-11-10 08:10:29,515] [autotune] [step 20] generate knobs: {'autocommit': 'OFF', 'automatic_sp_privileges': 'OFF', 'back_log': 58942, 'binlog_cache_size': 817215400, 'binlog_direct_non_transactional_updates': 'ON', 'binlog_error_action': 'ABORT_SERVER', 'binlog_format': 'STATEMENT', 'binlog_group_commit_sync_delay': 838048, 'binlog_group_commit_sync_no_delay_count': 34466, 'binlog_order_commits': 'OFF', 'binlog_row_image': 'full', 'binlog_rows_query_log_events': 'OFF', 'binlog_stmt_cache_size': 3426945495, 'bulk_insert_buffer_size': 647753, 'check_proxy_users': 'OFF', 'completion_type': 'NO_CHAIN', 'concurrent_insert': 'NEVER', 'connect_timeout': 17179564, 'default_week_format': 6, 'delay_key_write': 'ALL', 'div_precision_increment': 29, 'end_markers_in_json': 'OFF', 'eq_range_index_dive_limit': 2735608821, 'expire_logs_days': 64, 'explicit_defaults_for_timestamp': 'OFF', 'flush': 'ON', 'flush_time': 5, 'ft_min_word_len': 5, 'ft_query_expansion_limit': 171, 'general_log': 'ON', 'group_concat_max_len': 17025451829788872000, 'host_cache_size': 64258, 'innodb_adaptive_flushing': 'ON', 'innodb_adaptive_flushing_lwm': 32, 'innodb_adaptive_hash_index_parts': 110, 'innodb_adaptive_max_sleep_delay': 379646, 'innodb_api_bk_commit_interval': 586746106, 'innodb_api_disable_rowlock': 'OFF', 'innodb_api_enable_binlog': 'ON', 'innodb_api_enable_mdl': 'OFF', 'innodb_autoextend_increment': 701, 'innodb_buffer_pool_size': 30402804431, 'innodb_change_buffer_max_size': 48, 'innodb_change_buffering': 'none', 'innodb_cmp_per_index_enabled': 'OFF', 'innodb_commit_concurrency': 809, 'innodb_compression_failure_threshold_pct': 20, 'innodb_compression_level': 9, 'innodb_compression_pad_pct_max': 32, 'innodb_concurrency_tickets': 188960883, 'innodb_deadlock_detect': 'ON', 'innodb_default_row_format': 'DYNAMIC', 'innodb_disable_sort_file_cache': 'OFF', 'innodb_doublewrite': 'OFF', 'innodb_file_per_table': 'ON', 'innodb_fill_factor': 31, 'innodb_flush_log_at_timeout': 1641, 'innodb_flush_log_at_trx_commit': '0', 'innodb_flush_neighbors': '2', 'innodb_flush_sync': 'ON', 'innodb_flushing_avg_loops': 823, 'innodb_ft_cache_size': 51689481, 'innodb_ft_enable_diag_print': 'ON', 'innodb_ft_enable_stopword': 'OFF', 'innodb_ft_max_token_size': 74, 'innodb_ft_min_token_size': 2, 'innodb_ft_num_word_optimize': 8239, 'innodb_ft_result_cache_limit': 3244901980, 'innodb_ft_sort_pll_degree': 10, 'innodb_ft_total_cache_size': 1543921481, 'innodb_io_capacity': 162135, 'innodb_io_capacity_max': 29176, 'innodb_log_buffer_size': 420985150, 'innodb_log_compressed_pages': 'OFF', 'innodb_log_file_size': 593024538, 'innodb_log_files_in_group': 2, 'innodb_log_write_ahead_size': 14681, 'innodb_lru_scan_depth': 919, 'innodb_max_dirty_pages_pct': 97, 'innodb_max_dirty_pages_pct_lwm': 9, 'innodb_max_purge_lag': 3568814457, 'innodb_max_purge_lag_delay': 9830583, 'innodb_max_undo_log_size': 6147593073580429000, 'innodb_old_blocks_time': 3450271081, 'innodb_online_alter_log_max_size': 15279652388829940000, 'innodb_open_files': 484643, 'innodb_optimize_fulltext_only': 'OFF', 'innodb_page_cleaners': 6, 'innodb_print_all_deadlocks': 'ON', 'innodb_purge_batch_size': 3828, 'innodb_purge_rseg_truncate_frequency': 104, 'innodb_purge_threads': 18, 'innodb_random_read_ahead': 'ON', 'innodb_read_ahead_threshold': 16, 'innodb_read_io_threads': 54, 'innodb_replication_delay': 925, 'innodb_rollback_on_timeout': 'ON', 'innodb_rollback_segments': 35, 'innodb_sort_buffer_size': 6278912, 'innodb_spin_wait_delay': 3926, 'innodb_stats_auto_recalc': 'ON', 'innodb_stats_include_delete_marked': 'ON', 'innodb_stats_method': 'nulls_ignored', 'innodb_stats_on_metadata': 'ON', 'innodb_stats_persistent': 'ON', 'innodb_stats_transient_sample_pages': 61, 'innodb_strict_mode': 'ON', 'innodb_sync_array_size': 716, 'innodb_sync_spin_loops': 22175, 'innodb_table_locks': 'ON', 'innodb_thread_concurrency': 410, 'innodb_thread_sleep_delay': 290096, 'innodb_undo_log_truncate': 'ON', 'innodb_use_native_aio': 'OFF', 'innodb_write_io_threads': 23, 'join_buffer_size': 119955166, 'keep_files_on_create': 'ON', 'key_buffer_size': 3609844842, 'key_cache_age_threshold': 28563, 'key_cache_block_size': 11735, 'key_cache_division_limit': 25, 'local_infile': 'ON', 'log_bin_trust_function_creators': 'OFF', 'log_bin_use_v1_row_events': 'ON', 'log_builtin_as_identified_by_password': 'OFF', 'log_output': 'TABLE', 'log_queries_not_using_indexes': 'ON', 'log_slave_updates': 'ON', 'log_slow_admin_statements': 'OFF', 'log_statements_unsafe_for_binlog': 'ON', 'log_syslog_include_pid': 'OFF', 'log_timestamps': 'UTC', 'long_query_time': 6, 'low_priority_updates': 'OFF', 'lower_case_table_names': 2, 'master_verify_checksum': 'OFF', 'max_allowed_packet': 853314895, 'max_binlog_cache_size': 7802273198888805000, 'max_binlog_size': 608940289, 'max_binlog_stmt_cache_size': 6608740149914137000, 'max_connections': 60451, 'max_delayed_threads': 8749, 'max_digest_length': 748588, 'max_error_count': 43849, 'max_heap_table_size': 654102475, 'max_join_size': 2929768657567562000, 'max_length_for_sort_data': 7135823, 'max_points_in_geometry': 881549, 'max_prepared_stmt_count': 440233, 'max_seeks_for_key': 8142291968749396000, 'max_sort_length': 6062356, 'max_user_connections': 3836358457, 'max_write_lock_count': 9238245963135020000, 'multi_range_count': 1184632131, 'mysql_native_password_proxy_users': 'ON', 'net_buffer_length': 1038899, 'net_read_timeout': 30, 'net_write_timeout': 99, 'ngram_token_size': 7, 'offline_mode': 'OFF', 'old_alter_table': 'ON', 'old_passwords': '0', 'open_files_limit': 510508, 'optimizer_prune_level': 1, 'optimizer_search_depth': 16, 'preload_buffer_size': 496440262, 'query_alloc_block_size': 96774913, 'query_cache_limit': 19586499, 'query_cache_min_res_unit': 50691, 'query_cache_size': 31692290, 'query_cache_wlock_invalidate': 'OFF', 'query_prealloc_size': 48761937, 'range_alloc_block_size': 20490, 'read_buffer_size': 1518871664, 'read_rnd_buffer_size': 81971783, 'require_secure_transport': 'ON', 'session_track_gtids': 'OFF', 'session_track_schema': 'ON', 'session_track_state_change': 'OFF', 'session_track_transaction_info': 'CHARACTERISTICS', 'show_compatibility_56': 'OFF', 'skip_external_locking': 'ON', 'skip_name_resolve': 'OFF', 'skip_networking': 'OFF', 'slow_query_log': 'ON', 'sort_buffer_size': 29704059, 'stored_program_cache': 66709, 'sync_binlog': 3446247233, 'sync_frm': 'ON', 'table_definition_cache': 48376, 'table_open_cache': 52918, 'table_open_cache_instances': 39, 'thread_cache_size': 656, 'tmp_table_size': 310964549, 'transaction_alloc_block_size': 115874, 'transaction_prealloc_size': 32841, 'updatable_views_with_limit': 'NO'}

[INFO] [2024-11-10 08:10:34,563] [autotune] Close db successfully
[INFO] [2024-11-10 08:10:34,564] [autotune] mysql is shut down
[INFO] [2024-11-10 08:10:34,570] [autotune] generated config file done
[INFO] [2024-11-10 08:10:34,603] [autotune] wait for connection
[INFO] [2024-11-10 08:11:03,692] [autotune] Connected to MySQL db
[INFO] [2024-11-10 08:11:03,692] [autotune] finish 29 seconds waiting for connection
[INFO] [2024-11-10 08:11:03,692] [autotune] /usr/sbin/mysqld --defaults-file=scripts/template/experiment_normandy.cnf
[INFO] [2024-11-10 08:11:03,693] [autotune] mysql is up
[INFO] [2024-11-10 08:11:03,693] [autotune] sleeping for 5 seconds after restarting mysql
[INFO] [2024-11-10 08:11:09,056] [autotune] [DBG]. bash /usr/local/lib/python3.8/dist-packages/autotune/cli/run_oltpbench.sh wikipedia /oltpbench/config/sample_wikipedia_config.xml 1731226269
[INFO] [2024-11-10 08:12:14,185] [DBTune-oltpbench_wikipedia_smac_ground_truth] Iteration 20, objective value: [2147483647].
[INFO] [2024-11-10 08:12:30,569] [autotune] [step 21] generate knobs: {'autocommit': 'ON', 'automatic_sp_privileges': 'ON', 'back_log': 14124, 'binlog_cache_size': 2477084318, 'binlog_direct_non_transactional_updates': 'ON', 'binlog_error_action': 'ABORT_SERVER', 'binlog_format': 'MIXED', 'binlog_group_commit_sync_delay': 483770, 'binlog_group_commit_sync_no_delay_count': 69190, 'binlog_order_commits': 'OFF', 'binlog_row_image': 'minimal', 'binlog_rows_query_log_events': 'ON', 'binlog_stmt_cache_size': 171643842, 'bulk_insert_buffer_size': 3477098, 'check_proxy_users': 'ON', 'completion_type': 'RELEASE', 'concurrent_insert': 'NEVER', 'connect_timeout': 3143689, 'default_week_format': 2, 'delay_key_write': 'ON', 'div_precision_increment': 16, 'end_markers_in_json': 'ON', 'eq_range_index_dive_limit': 4279907813, 'expire_logs_days': 82, 'explicit_defaults_for_timestamp': 'OFF', 'flush': 'OFF', 'flush_time': 5, 'ft_min_word_len': 8, 'ft_query_expansion_limit': 984, 'general_log': 'OFF', 'group_concat_max_len': 14956914475450352000, 'host_cache_size': 47287, 'innodb_adaptive_flushing': 'ON', 'innodb_adaptive_flushing_lwm': 50, 'innodb_adaptive_hash_index_parts': 443, 'innodb_adaptive_max_sleep_delay': 492434, 'innodb_api_bk_commit_interval': 785629931, 'innodb_api_disable_rowlock': 'ON', 'innodb_api_enable_binlog': 'OFF', 'innodb_api_enable_mdl': 'ON', 'innodb_autoextend_increment': 14, 'innodb_buffer_pool_size': 22610067416, 'innodb_change_buffer_max_size': 31, 'innodb_change_buffering': 'deletes', 'innodb_cmp_per_index_enabled': 'OFF', 'innodb_commit_concurrency': 495, 'innodb_compression_failure_threshold_pct': 7, 'innodb_compression_level': 8, 'innodb_compression_pad_pct_max': 39, 'innodb_concurrency_tickets': 1774605939, 'innodb_deadlock_detect': 'ON', 'innodb_default_row_format': 'DYNAMIC', 'innodb_disable_sort_file_cache': 'OFF', 'innodb_doublewrite': 'ON', 'innodb_file_per_table': 'ON', 'innodb_fill_factor': 99, 'innodb_flush_log_at_timeout': 1022, 'innodb_flush_log_at_trx_commit': '1', 'innodb_flush_neighbors': '1', 'innodb_flush_sync': 'ON', 'innodb_flushing_avg_loops': 53, 'innodb_ft_cache_size': 22900302, 'innodb_ft_enable_diag_print': 'OFF', 'innodb_ft_enable_stopword': 'ON', 'innodb_ft_max_token_size': 84, 'innodb_ft_min_token_size': 12, 'innodb_ft_num_word_optimize': 3196, 'innodb_ft_result_cache_limit': 1466427435, 'innodb_ft_sort_pll_degree': 6, 'innodb_ft_total_cache_size': 229431119, 'innodb_io_capacity': 167680, 'innodb_io_capacity_max': 33006, 'innodb_log_buffer_size': 1245077144, 'innodb_log_compressed_pages': 'ON', 'innodb_log_file_size': 791642484, 'innodb_log_files_in_group': 9, 'innodb_log_write_ahead_size': 11152, 'innodb_lru_scan_depth': 2629, 'innodb_max_dirty_pages_pct': 25, 'innodb_max_dirty_pages_pct_lwm': 33, 'innodb_max_purge_lag': 4106356572, 'innodb_max_purge_lag_delay': 4996425, 'innodb_max_undo_log_size': 5217413226348788000, 'innodb_old_blocks_time': 3160976084, 'innodb_online_alter_log_max_size': 17766005108987282000, 'innodb_open_files': 543972, 'innodb_optimize_fulltext_only': 'ON', 'innodb_page_cleaners': 4, 'innodb_print_all_deadlocks': 'ON', 'innodb_purge_batch_size': 3472, 'innodb_purge_rseg_truncate_frequency': 41, 'innodb_purge_threads': 23, 'innodb_random_read_ahead': 'ON', 'innodb_read_ahead_threshold': 46, 'innodb_read_io_threads': 58, 'innodb_replication_delay': 3192, 'innodb_rollback_on_timeout': 'OFF', 'innodb_rollback_segments': 110, 'innodb_sort_buffer_size': 28853440, 'innodb_spin_wait_delay': 3146, 'innodb_stats_auto_recalc': 'ON', 'innodb_stats_include_delete_marked': 'ON', 'innodb_stats_method': 'nulls_ignored', 'innodb_stats_on_metadata': 'ON', 'innodb_stats_persistent': 'ON', 'innodb_stats_transient_sample_pages': 18, 'innodb_strict_mode': 'OFF', 'innodb_sync_array_size': 793, 'innodb_sync_spin_loops': 10741, 'innodb_table_locks': 'ON', 'innodb_thread_concurrency': 329, 'innodb_thread_sleep_delay': 494894, 'innodb_undo_log_truncate': 'OFF', 'innodb_use_native_aio': 'ON', 'innodb_write_io_threads': 63, 'join_buffer_size': 409268643, 'keep_files_on_create': 'ON', 'key_buffer_size': 14590219290, 'key_cache_age_threshold': 3066, 'key_cache_block_size': 8294, 'key_cache_division_limit': 98, 'local_infile': 'ON', 'log_bin_trust_function_creators': 'ON', 'log_bin_use_v1_row_events': 'ON', 'log_builtin_as_identified_by_password': 'ON', 'log_output': 'TABLE', 'log_queries_not_using_indexes': 'OFF', 'log_slave_updates': 'ON', 'log_slow_admin_statements': 'ON', 'log_statements_unsafe_for_binlog': 'ON', 'log_syslog_include_pid': 'OFF', 'log_timestamps': 'SYSTEM', 'long_query_time': 9, 'low_priority_updates': 'OFF', 'lower_case_table_names': 1, 'master_verify_checksum': 'OFF', 'max_allowed_packet': 796998497, 'max_binlog_cache_size': 15017571647523018000, 'max_binlog_size': 258693678, 'max_binlog_stmt_cache_size': 8539850767509974000, 'max_connections': 8321, 'max_delayed_threads': 13900, 'max_digest_length': 968341, 'max_error_count': 20469, 'max_heap_table_size': 1035136733, 'max_join_size': 17539784657932288000, 'max_length_for_sort_data': 1726605, 'max_points_in_geometry': 767869, 'max_prepared_stmt_count': 627835, 'max_seeks_for_key': 16990226703468234000, 'max_sort_length': 7734064, 'max_user_connections': 2650308612, 'max_write_lock_count': 2384279652875782000, 'multi_range_count': 2132827153, 'mysql_native_password_proxy_users': 'OFF', 'net_buffer_length': 716142, 'net_read_timeout': 10, 'net_write_timeout': 86, 'ngram_token_size': 10, 'offline_mode': 'OFF', 'old_alter_table': 'OFF', 'old_passwords': '2', 'open_files_limit': 182142, 'optimizer_prune_level': 1, 'optimizer_search_depth': 61, 'preload_buffer_size': 9803835, 'query_alloc_block_size': 43356386, 'query_cache_limit': 17860212, 'query_cache_min_res_unit': 31200, 'query_cache_size': 1735915857, 'query_cache_wlock_invalidate': 'OFF', 'query_prealloc_size': 112887528, 'range_alloc_block_size': 34804, 'read_buffer_size': 1248925379, 'read_rnd_buffer_size': 35317207, 'require_secure_transport': 'ON', 'session_track_gtids': 'OWN_GTID', 'session_track_schema': 'ON', 'session_track_state_change': 'ON', 'session_track_transaction_info': 'OFF', 'show_compatibility_56': 'ON', 'skip_external_locking': 'ON', 'skip_name_resolve': 'ON', 'skip_networking': 'OFF', 'slow_query_log': 'ON', 'sort_buffer_size': 102025827, 'stored_program_cache': 21270, 'sync_binlog': 1215744977, 'sync_frm': 'OFF', 'table_definition_cache': 195196, 'table_open_cache': 88351, 'table_open_cache_instances': 14, 'thread_cache_size': 3734, 'tmp_table_size': 883093343, 'transaction_alloc_block_size': 113275, 'transaction_prealloc_size': 109421, 'updatable_views_with_limit': 'YES'}

[INFO] [2024-11-10 08:12:35,614] [autotune] Close db successfully
[INFO] [2024-11-10 08:12:35,615] [autotune] mysql is shut down
[INFO] [2024-11-10 08:12:35,618] [autotune] generated config file done
[INFO] [2024-11-10 08:12:35,646] [autotune] wait for connection
[INFO] [2024-11-10 08:13:06,707] [autotune] 2002: Can't connect to local MySQL server through socket '/var/run/mysqld/mysqld.sock' (2 No such file or directory)
[INFO] [2024-11-10 08:13:07,709] [autotune] 2002: Can't connect to local MySQL server through socket '/var/run/mysqld/mysqld.sock' (2 No such file or directory)
[INFO] [2024-11-10 08:13:08,712] [autotune] 2002: Can't connect to local MySQL server through socket '/var/run/mysqld/mysqld.sock' (2 No such file or directory)
[INFO] [2024-11-10 08:13:09,714] [autotune] 2002: Can't connect to local MySQL server through socket '/var/run/mysqld/mysqld.sock' (2 No such file or directory)
[INFO] [2024-11-10 08:13:10,716] [autotune] 2002: Can't connect to local MySQL server through socket '/var/run/mysqld/mysqld.sock' (2 No such file or directory)
[INFO] [2024-11-10 08:13:11,719] [autotune] 2002: Can't connect to local MySQL server through socket '/var/run/mysqld/mysqld.sock' (2 No such file or directory)
[INFO] [2024-11-10 08:13:12,721] [autotune] 2002: Can't connect to local MySQL server through socket '/var/run/mysqld/mysqld.sock' (2 No such file or directory)
[INFO] [2024-11-10 08:13:13,724] [autotune] 2002: Can't connect to local MySQL server through socket '/var/run/mysqld/mysqld.sock' (2 No such file or directory)
[INFO] [2024-11-10 08:13:14,726] [autotune] 2002: Can't connect to local MySQL server through socket '/var/run/mysqld/mysqld.sock' (2 No such file or directory)
[INFO] [2024-11-10 08:13:15,728] [autotune] 2002: Can't connect to local MySQL server through socket '/var/run/mysqld/mysqld.sock' (2 No such file or directory)
[INFO] [2024-11-10 08:13:16,731] [autotune] 2002: Can't connect to local MySQL server through socket '/var/run/mysqld/mysqld.sock' (2 No such file or directory)
[INFO] [2024-11-10 08:13:17,733] [autotune] 2002: Can't connect to local MySQL server through socket '/var/run/mysqld/mysqld.sock' (2 No such file or directory)
[INFO] [2024-11-10 08:13:18,736] [autotune] 2002: Can't connect to local MySQL server through socket '/var/run/mysqld/mysqld.sock' (2 No such file or directory)
[INFO] [2024-11-10 08:13:19,738] [autotune] 2002: Can't connect to local MySQL server through socket '/var/run/mysqld/mysqld.sock' (2 No such file or directory)
[INFO] [2024-11-10 08:13:20,740] [autotune] 2002: Can't connect to local MySQL server through socket '/var/run/mysqld/mysqld.sock' (2 No such file or directory)
[INFO] [2024-11-10 08:13:21,743] [autotune] 2002: Can't connect to local MySQL server through socket '/var/run/mysqld/mysqld.sock' (2 No such file or directory)
[INFO] [2024-11-10 08:13:22,745] [autotune] 2002: Can't connect to local MySQL server through socket '/var/run/mysqld/mysqld.sock' (2 No such file or directory)
[INFO] [2024-11-10 08:13:23,748] [autotune] 2002: Can't connect to local MySQL server through socket '/var/run/mysqld/mysqld.sock' (2 No such file or directory)
[INFO] [2024-11-10 08:13:24,750] [autotune] 2002: Can't connect to local MySQL server through socket '/var/run/mysqld/mysqld.sock' (2 No such file or directory)
[INFO] [2024-11-10 08:13:25,753] [autotune] 2002: Can't connect to local MySQL server through socket '/var/run/mysqld/mysqld.sock' (2 No such file or directory)
[INFO] [2024-11-10 08:13:26,755] [autotune] 2002: Can't connect to local MySQL server through socket '/var/run/mysqld/mysqld.sock' (2 No such file or directory)
[INFO] [2024-11-10 08:13:27,757] [autotune] 2002: Can't connect to local MySQL server through socket '/var/run/mysqld/mysqld.sock' (2 No such file or directory)
[INFO] [2024-11-10 08:13:28,760] [autotune] 2002: Can't connect to local MySQL server through socket '/var/run/mysqld/mysqld.sock' (2 No such file or directory)
[INFO] [2024-11-10 08:13:29,762] [autotune] 2002: Can't connect to local MySQL server through socket '/var/run/mysqld/mysqld.sock' (2 No such file or directory)
[INFO] [2024-11-10 08:13:30,765] [autotune] 2002: Can't connect to local MySQL server through socket '/var/run/mysqld/mysqld.sock' (2 No such file or directory)
[INFO] [2024-11-10 08:13:31,767] [autotune] 2002: Can't connect to local MySQL server through socket '/var/run/mysqld/mysqld.sock' (2 No such file or directory)
[INFO] [2024-11-10 08:13:32,769] [autotune] 2002: Can't connect to local MySQL server through socket '/var/run/mysqld/mysqld.sock' (2 No such file or directory)
[INFO] [2024-11-10 08:13:33,771] [autotune] 2002: Can't connect to local MySQL server through socket '/var/run/mysqld/mysqld.sock' (2 No such file or directory)
[INFO] [2024-11-10 08:13:34,773] [autotune] 2002: Can't connect to local MySQL server through socket '/var/run/mysqld/mysqld.sock' (2 No such file or directory)
[INFO] [2024-11-10 08:13:35,775] [autotune] 2002: Can't connect to local MySQL server through socket '/var/run/mysqld/mysqld.sock' (2 No such file or directory)
[INFO] [2024-11-10 08:13:36,778] [autotune] 2002: Can't connect to local MySQL server through socket '/var/run/mysqld/mysqld.sock' (2 No such file or directory)
[INFO] [2024-11-10 08:13:37,780] [autotune] 2002: Can't connect to local MySQL server through socket '/var/run/mysqld/mysqld.sock' (2 No such file or directory)
[INFO] [2024-11-10 08:13:38,782] [autotune] 2002: Can't connect to local MySQL server through socket '/var/run/mysqld/mysqld.sock' (2 No such file or directory)
[INFO] [2024-11-10 08:13:39,784] [autotune] 2002: Can't connect to local MySQL server through socket '/var/run/mysqld/mysqld.sock' (2 No such file or directory)
[INFO] [2024-11-10 08:13:40,787] [autotune] 2002: Can't connect to local MySQL server through socket '/var/run/mysqld/mysqld.sock' (2 No such file or directory)
[INFO] [2024-11-10 08:13:41,789] [autotune] 2002: Can't connect to local MySQL server through socket '/var/run/mysqld/mysqld.sock' (2 No such file or directory)
[INFO] [2024-11-10 08:13:42,791] [autotune] 2002: Can't connect to local MySQL server through socket '/var/run/mysqld/mysqld.sock' (2 No such file or directory)
[INFO] [2024-11-10 08:13:43,793] [autotune] 2002: Can't connect to local MySQL server through socket '/var/run/mysqld/mysqld.sock' (2 No such file or directory)
[INFO] [2024-11-10 08:13:44,795] [autotune] 2002: Can't connect to local MySQL server through socket '/var/run/mysqld/mysqld.sock' (2 No such file or directory)
[INFO] [2024-11-10 08:13:45,798] [autotune] 2002: Can't connect to local MySQL server through socket '/var/run/mysqld/mysqld.sock' (2 No such file or directory)
[INFO] [2024-11-10 08:13:46,800] [autotune] 2002: Can't connect to local MySQL server through socket '/var/run/mysqld/mysqld.sock' (2 No such file or directory)
[INFO] [2024-11-10 08:13:47,803] [autotune] 2002: Can't connect to local MySQL server through socket '/var/run/mysqld/mysqld.sock' (2 No such file or directory)
[INFO] [2024-11-10 08:13:48,805] [autotune] 2002: Can't connect to local MySQL server through socket '/var/run/mysqld/mysqld.sock' (2 No such file or directory)
[INFO] [2024-11-10 08:13:49,807] [autotune] 2002: Can't connect to local MySQL server through socket '/var/run/mysqld/mysqld.sock' (2 No such file or directory)
[INFO] [2024-11-10 08:13:50,809] [autotune] 2002: Can't connect to local MySQL server through socket '/var/run/mysqld/mysqld.sock' (2 No such file or directory)
[INFO] [2024-11-10 08:13:51,812] [autotune] 2002: Can't connect to local MySQL server through socket '/var/run/mysqld/mysqld.sock' (2 No such file or directory)
[INFO] [2024-11-10 08:13:52,814] [autotune] 2002: Can't connect to local MySQL server through socket '/var/run/mysqld/mysqld.sock' (2 No such file or directory)
[INFO] [2024-11-10 08:13:53,816] [autotune] 2002: Can't connect to local MySQL server through socket '/var/run/mysqld/mysqld.sock' (2 No such file or directory)
[INFO] [2024-11-10 08:13:54,819] [autotune] 2002: Can't connect to local MySQL server through socket '/var/run/mysqld/mysqld.sock' (2 No such file or directory)
[INFO] [2024-11-10 08:13:55,821] [autotune] 2002: Can't connect to local MySQL server through socket '/var/run/mysqld/mysqld.sock' (2 No such file or directory)
[INFO] [2024-11-10 08:13:56,823] [autotune] 2002: Can't connect to local MySQL server through socket '/var/run/mysqld/mysqld.sock' (2 No such file or directory)
[INFO] [2024-11-10 08:13:57,826] [autotune] 2002: Can't connect to local MySQL server through socket '/var/run/mysqld/mysqld.sock' (2 No such file or directory)
[INFO] [2024-11-10 08:13:58,828] [autotune] 2002: Can't connect to local MySQL server through socket '/var/run/mysqld/mysqld.sock' (2 No such file or directory)
[INFO] [2024-11-10 08:13:59,830] [autotune] 2002: Can't connect to local MySQL server through socket '/var/run/mysqld/mysqld.sock' (2 No such file or directory)
[INFO] [2024-11-10 08:14:00,833] [autotune] 2002: Can't connect to local MySQL server through socket '/var/run/mysqld/mysqld.sock' (2 No such file or directory)
[INFO] [2024-11-10 08:14:01,835] [autotune] 2002: Can't connect to local MySQL server through socket '/var/run/mysqld/mysqld.sock' (2 No such file or directory)
[INFO] [2024-11-10 08:14:02,837] [autotune] 2002: Can't connect to local MySQL server through socket '/var/run/mysqld/mysqld.sock' (2 No such file or directory)
[INFO] [2024-11-10 08:14:03,840] [autotune] 2002: Can't connect to local MySQL server through socket '/var/run/mysqld/mysqld.sock' (2 No such file or directory)
[INFO] [2024-11-10 08:14:04,842] [autotune] 2002: Can't connect to local MySQL server through socket '/var/run/mysqld/mysqld.sock' (2 No such file or directory)
[INFO] [2024-11-10 08:14:05,845] [autotune] 2002: Can't connect to local MySQL server through socket '/var/run/mysqld/mysqld.sock' (2 No such file or directory)
[INFO] [2024-11-10 08:14:06,847] [autotune] 2002: Can't connect to local MySQL server through socket '/var/run/mysqld/mysqld.sock' (2 No such file or directory)
[INFO] [2024-11-10 08:14:07,849] [autotune] 2002: Can't connect to local MySQL server through socket '/var/run/mysqld/mysqld.sock' (2 No such file or directory)
[INFO] [2024-11-10 08:14:08,852] [autotune] 2002: Can't connect to local MySQL server through socket '/var/run/mysqld/mysqld.sock' (2 No such file or directory)
[INFO] [2024-11-10 08:14:09,854] [autotune] 2002: Can't connect to local MySQL server through socket '/var/run/mysqld/mysqld.sock' (2 No such file or directory)
[INFO] [2024-11-10 08:14:10,857] [autotune] 2002: Can't connect to local MySQL server through socket '/var/run/mysqld/mysqld.sock' (2 No such file or directory)
[INFO] [2024-11-10 08:14:11,859] [autotune] 2002: Can't connect to local MySQL server through socket '/var/run/mysqld/mysqld.sock' (2 No such file or directory)
[INFO] [2024-11-10 08:14:12,861] [autotune] 2002: Can't connect to local MySQL server through socket '/var/run/mysqld/mysqld.sock' (2 No such file or directory)
[INFO] [2024-11-10 08:14:13,864] [autotune] 2002: Can't connect to local MySQL server through socket '/var/run/mysqld/mysqld.sock' (2 No such file or directory)
[INFO] [2024-11-10 08:14:14,866] [autotune] 2002: Can't connect to local MySQL server through socket '/var/run/mysqld/mysqld.sock' (2 No such file or directory)
[INFO] [2024-11-10 08:14:15,869] [autotune] 2002: Can't connect to local MySQL server through socket '/var/run/mysqld/mysqld.sock' (2 No such file or directory)
[INFO] [2024-11-10 08:14:16,871] [autotune] 2002: Can't connect to local MySQL server through socket '/var/run/mysqld/mysqld.sock' (2 No such file or directory)
[INFO] [2024-11-10 08:14:17,873] [autotune] 2002: Can't connect to local MySQL server through socket '/var/run/mysqld/mysqld.sock' (2 No such file or directory)
[INFO] [2024-11-10 08:14:18,875] [autotune] 2002: Can't connect to local MySQL server through socket '/var/run/mysqld/mysqld.sock' (2 No such file or directory)
[INFO] [2024-11-10 08:14:19,878] [autotune] 2002: Can't connect to local MySQL server through socket '/var/run/mysqld/mysqld.sock' (2 No such file or directory)
[INFO] [2024-11-10 08:14:20,880] [autotune] 2002: Can't connect to local MySQL server through socket '/var/run/mysqld/mysqld.sock' (2 No such file or directory)
[INFO] [2024-11-10 08:14:21,882] [autotune] 2002: Can't connect to local MySQL server through socket '/var/run/mysqld/mysqld.sock' (2 No such file or directory)
[INFO] [2024-11-10 08:14:22,884] [autotune] 2002: Can't connect to local MySQL server through socket '/var/run/mysqld/mysqld.sock' (2 No such file or directory)
[INFO] [2024-11-10 08:14:23,887] [autotune] 2002: Can't connect to local MySQL server through socket '/var/run/mysqld/mysqld.sock' (2 No such file or directory)
[INFO] [2024-11-10 08:14:24,889] [autotune] 2002: Can't connect to local MySQL server through socket '/var/run/mysqld/mysqld.sock' (2 No such file or directory)
[INFO] [2024-11-10 08:14:25,891] [autotune] 2002: Can't connect to local MySQL server through socket '/var/run/mysqld/mysqld.sock' (2 No such file or directory)
[INFO] [2024-11-10 08:14:26,894] [autotune] 2002: Can't connect to local MySQL server through socket '/var/run/mysqld/mysqld.sock' (2 No such file or directory)
[INFO] [2024-11-10 08:14:27,896] [autotune] 2002: Can't connect to local MySQL server through socket '/var/run/mysqld/mysqld.sock' (2 No such file or directory)
[INFO] [2024-11-10 08:14:28,898] [autotune] 2002: Can't connect to local MySQL server through socket '/var/run/mysqld/mysqld.sock' (2 No such file or directory)
[INFO] [2024-11-10 08:14:29,901] [autotune] 2002: Can't connect to local MySQL server through socket '/var/run/mysqld/mysqld.sock' (2 No such file or directory)
[INFO] [2024-11-10 08:14:30,903] [autotune] 2002: Can't connect to local MySQL server through socket '/var/run/mysqld/mysqld.sock' (2 No such file or directory)
[INFO] [2024-11-10 08:14:31,906] [autotune] 2002: Can't connect to local MySQL server through socket '/var/run/mysqld/mysqld.sock' (2 No such file or directory)
[INFO] [2024-11-10 08:14:32,908] [autotune] 2002: Can't connect to local MySQL server through socket '/var/run/mysqld/mysqld.sock' (2 No such file or directory)
[INFO] [2024-11-10 08:14:33,910] [autotune] 2002: Can't connect to local MySQL server through socket '/var/run/mysqld/mysqld.sock' (2 No such file or directory)
[INFO] [2024-11-10 08:14:34,913] [autotune] 2002: Can't connect to local MySQL server through socket '/var/run/mysqld/mysqld.sock' (2 No such file or directory)
[INFO] [2024-11-10 08:14:35,915] [autotune] 2002: Can't connect to local MySQL server through socket '/var/run/mysqld/mysqld.sock' (2 No such file or directory)
[INFO] [2024-11-10 08:14:36,917] [autotune] 2002: Can't connect to local MySQL server through socket '/var/run/mysqld/mysqld.sock' (2 No such file or directory)
[INFO] [2024-11-10 08:14:37,920] [autotune] 2002: Can't connect to local MySQL server through socket '/var/run/mysqld/mysqld.sock' (2 No such file or directory)
[INFO] [2024-11-10 08:14:38,922] [autotune] 2002: Can't connect to local MySQL server through socket '/var/run/mysqld/mysqld.sock' (2 No such file or directory)
[INFO] [2024-11-10 08:14:39,925] [autotune] 2002: Can't connect to local MySQL server through socket '/var/run/mysqld/mysqld.sock' (2 No such file or directory)
[INFO] [2024-11-10 08:14:40,927] [autotune] 2002: Can't connect to local MySQL server through socket '/var/run/mysqld/mysqld.sock' (2 No such file or directory)
[INFO] [2024-11-10 08:14:41,929] [autotune] 2002: Can't connect to local MySQL server through socket '/var/run/mysqld/mysqld.sock' (2 No such file or directory)
[INFO] [2024-11-10 08:14:42,932] [autotune] 2002: Can't connect to local MySQL server through socket '/var/run/mysqld/mysqld.sock' (2 No such file or directory)
[INFO] [2024-11-10 08:14:43,934] [autotune] 2002: Can't connect to local MySQL server through socket '/var/run/mysqld/mysqld.sock' (2 No such file or directory)
[INFO] [2024-11-10 08:14:44,936] [autotune] 2002: Can't connect to local MySQL server through socket '/var/run/mysqld/mysqld.sock' (2 No such file or directory)
[INFO] [2024-11-10 08:14:45,939] [autotune] 2002: Can't connect to local MySQL server through socket '/var/run/mysqld/mysqld.sock' (2 No such file or directory)
[INFO] [2024-11-10 08:14:46,941] [autotune] 2002: Can't connect to local MySQL server through socket '/var/run/mysqld/mysqld.sock' (2 No such file or directory)
[INFO] [2024-11-10 08:14:47,943] [autotune] 2002: Can't connect to local MySQL server through socket '/var/run/mysqld/mysqld.sock' (2 No such file or directory)
[INFO] [2024-11-10 08:14:48,945] [autotune] 2002: Can't connect to local MySQL server through socket '/var/run/mysqld/mysqld.sock' (2 No such file or directory)
[INFO] [2024-11-10 08:14:49,948] [autotune] 2002: Can't connect to local MySQL server through socket '/var/run/mysqld/mysqld.sock' (2 No such file or directory)
[INFO] [2024-11-10 08:14:50,950] [autotune] 2002: Can't connect to local MySQL server through socket '/var/run/mysqld/mysqld.sock' (2 No such file or directory)
[INFO] [2024-11-10 08:14:51,953] [autotune] 2002: Can't connect to local MySQL server through socket '/var/run/mysqld/mysqld.sock' (2 No such file or directory)
[INFO] [2024-11-10 08:14:52,959] [autotune] Connected to MySQL db
[INFO] [2024-11-10 08:14:52,959] [autotune] finish 137 seconds waiting for connection
[INFO] [2024-11-10 08:14:52,959] [autotune] /usr/sbin/mysqld --defaults-file=scripts/template/experiment_normandy.cnf
[INFO] [2024-11-10 08:14:52,959] [autotune] mysql is up
[INFO] [2024-11-10 08:14:52,960] [autotune] sleeping for 5 seconds after restarting mysql
[INFO] [2024-11-10 08:14:58,326] [autotune] [DBG]. bash /usr/local/lib/python3.8/dist-packages/autotune/cli/run_oltpbench.sh wikipedia /oltpbench/config/sample_wikipedia_config.xml 1731226498
[INFO] [2024-11-10 08:16:03,475] [DBTune-oltpbench_wikipedia_smac_ground_truth] Iteration 21, objective value: [2147483647].
[INFO] [2024-11-10 08:16:18,112] [autotune] [step 22] generate knobs: {'autocommit': 'ON', 'automatic_sp_privileges': 'ON', 'back_log': 17188, 'binlog_cache_size': 1771145579, 'binlog_direct_non_transactional_updates': 'OFF', 'binlog_error_action': 'ABORT_SERVER', 'binlog_format': 'ROW', 'binlog_group_commit_sync_delay': 735346, 'binlog_group_commit_sync_no_delay_count': 24431, 'binlog_order_commits': 'ON', 'binlog_row_image': 'noblob', 'binlog_rows_query_log_events': 'ON', 'binlog_stmt_cache_size': 521242150, 'bulk_insert_buffer_size': 3293261, 'check_proxy_users': 'ON', 'completion_type': 'CHAIN', 'concurrent_insert': 'ALWAYS', 'connect_timeout': 8803382, 'default_week_format': 6, 'delay_key_write': 'ON', 'div_precision_increment': 17, 'end_markers_in_json': 'ON', 'eq_range_index_dive_limit': 3610513495, 'expire_logs_days': 5, 'explicit_defaults_for_timestamp': 'OFF', 'flush': 'ON', 'flush_time': 9, 'ft_min_word_len': 8, 'ft_query_expansion_limit': 958, 'general_log': 'ON', 'group_concat_max_len': 5214301504362345000, 'host_cache_size': 24829, 'innodb_adaptive_flushing': 'ON', 'innodb_adaptive_flushing_lwm': 41, 'innodb_adaptive_hash_index_parts': 186, 'innodb_adaptive_max_sleep_delay': 430670, 'innodb_api_bk_commit_interval': 749056968, 'innodb_api_disable_rowlock': 'OFF', 'innodb_api_enable_binlog': 'OFF', 'innodb_api_enable_mdl': 'OFF', 'innodb_autoextend_increment': 456, 'innodb_buffer_pool_size': 24117000318, 'innodb_change_buffer_max_size': 47, 'innodb_change_buffering': 'changes', 'innodb_cmp_per_index_enabled': 'ON', 'innodb_commit_concurrency': 458, 'innodb_compression_failure_threshold_pct': 96, 'innodb_compression_level': 7, 'innodb_compression_pad_pct_max': 11, 'innodb_concurrency_tickets': 366218420, 'innodb_deadlock_detect': 'ON', 'innodb_default_row_format': 'COMPACT', 'innodb_disable_sort_file_cache': 'OFF', 'innodb_doublewrite': 'OFF', 'innodb_file_per_table': 'ON', 'innodb_fill_factor': 61, 'innodb_flush_log_at_timeout': 318, 'innodb_flush_log_at_trx_commit': '1', 'innodb_flush_neighbors': '0', 'innodb_flush_sync': 'ON', 'innodb_flushing_avg_loops': 991, 'innodb_ft_cache_size': 26292502, 'innodb_ft_enable_diag_print': 'ON', 'innodb_ft_enable_stopword': 'OFF', 'innodb_ft_max_token_size': 40, 'innodb_ft_min_token_size': 13, 'innodb_ft_num_word_optimize': 3698, 'innodb_ft_result_cache_limit': 2090071183, 'innodb_ft_sort_pll_degree': 1, 'innodb_ft_total_cache_size': 407682509, 'innodb_io_capacity': 821219, 'innodb_io_capacity_max': 20769, 'innodb_log_buffer_size': 3425212089, 'innodb_log_compressed_pages': 'OFF', 'innodb_log_file_size': 952440266, 'innodb_log_files_in_group': 8, 'innodb_log_write_ahead_size': 10928, 'innodb_lru_scan_depth': 5060, 'innodb_max_dirty_pages_pct': 32, 'innodb_max_dirty_pages_pct_lwm': 72, 'innodb_max_purge_lag': 543004120, 'innodb_max_purge_lag_delay': 8318201, 'innodb_max_undo_log_size': 8862020151568667000, 'innodb_old_blocks_time': 380174329, 'innodb_online_alter_log_max_size': 8870230462840076000, 'innodb_open_files': 351842, 'innodb_optimize_fulltext_only': 'OFF', 'innodb_page_cleaners': 6, 'innodb_print_all_deadlocks': 'OFF', 'innodb_purge_batch_size': 1891, 'innodb_purge_rseg_truncate_frequency': 13, 'innodb_purge_threads': 11, 'innodb_random_read_ahead': 'ON', 'innodb_read_ahead_threshold': 1, 'innodb_read_io_threads': 13, 'innodb_replication_delay': 5988, 'innodb_rollback_on_timeout': 'OFF', 'innodb_rollback_segments': 80, 'innodb_sort_buffer_size': 42636918, 'innodb_spin_wait_delay': 2031, 'innodb_stats_auto_recalc': 'ON', 'innodb_stats_include_delete_marked': 'ON', 'innodb_stats_method': 'nulls_unequal', 'innodb_stats_on_metadata': 'OFF', 'innodb_stats_persistent': 'OFF', 'innodb_stats_transient_sample_pages': 48, 'innodb_strict_mode': 'OFF', 'innodb_sync_array_size': 321, 'innodb_sync_spin_loops': 24996, 'innodb_table_locks': 'ON', 'innodb_thread_concurrency': 969, 'innodb_thread_sleep_delay': 198600, 'innodb_undo_log_truncate': 'ON', 'innodb_use_native_aio': 'ON', 'innodb_write_io_threads': 24, 'join_buffer_size': 466518401, 'keep_files_on_create': 'ON', 'key_buffer_size': 12257151423, 'key_cache_age_threshold': 23407, 'key_cache_block_size': 14129, 'key_cache_division_limit': 27, 'local_infile': 'ON', 'log_bin_trust_function_creators': 'OFF', 'log_bin_use_v1_row_events': 'ON', 'log_builtin_as_identified_by_password': 'OFF', 'log_output': 'NONE', 'log_queries_not_using_indexes': 'ON', 'log_slave_updates': 'OFF', 'log_slow_admin_statements': 'ON', 'log_statements_unsafe_for_binlog': 'OFF', 'log_syslog_include_pid': 'ON', 'log_timestamps': 'UTC', 'long_query_time': 14, 'low_priority_updates': 'ON', 'lower_case_table_names': 1, 'master_verify_checksum': 'ON', 'max_allowed_packet': 527357192, 'max_binlog_cache_size': 664645098252074000, 'max_binlog_size': 264891207, 'max_binlog_stmt_cache_size': 7613920718451410000, 'max_connections': 69723, 'max_delayed_threads': 4610, 'max_digest_length': 718208, 'max_error_count': 56112, 'max_heap_table_size': 30023506, 'max_join_size': 3643093320915933000, 'max_length_for_sort_data': 957070, 'max_points_in_geometry': 317850, 'max_prepared_stmt_count': 248218, 'max_seeks_for_key': 3513645033174270000, 'max_sort_length': 6868455, 'max_user_connections': 2128747662, 'max_write_lock_count': 1825162825101012000, 'multi_range_count': 3537543199, 'mysql_native_password_proxy_users': 'OFF', 'net_buffer_length': 443311, 'net_read_timeout': 39, 'net_write_timeout': 71, 'ngram_token_size': 3, 'offline_mode': 'ON', 'old_alter_table': 'ON', 'old_passwords': '2', 'open_files_limit': 115349, 'optimizer_prune_level': 0, 'optimizer_search_depth': 48, 'preload_buffer_size': 349617089, 'query_alloc_block_size': 103602082, 'query_cache_limit': 111152700, 'query_cache_min_res_unit': 7293, 'query_cache_size': 916710441, 'query_cache_wlock_invalidate': 'ON', 'query_prealloc_size': 39295454, 'range_alloc_block_size': 49267, 'read_buffer_size': 984769198, 'read_rnd_buffer_size': 27199605, 'require_secure_transport': 'OFF', 'session_track_gtids': 'OFF', 'session_track_schema': 'OFF', 'session_track_state_change': 'ON', 'session_track_transaction_info': 'STATE', 'show_compatibility_56': 'ON', 'skip_external_locking': 'OFF', 'skip_name_resolve': 'OFF', 'skip_networking': 'ON', 'slow_query_log': 'ON', 'sort_buffer_size': 76559069, 'stored_program_cache': 496044, 'sync_binlog': 3925071823, 'sync_frm': 'ON', 'table_definition_cache': 223489, 'table_open_cache': 221368, 'table_open_cache_instances': 46, 'thread_cache_size': 12594, 'tmp_table_size': 152657763, 'transaction_alloc_block_size': 69469, 'transaction_prealloc_size': 101421, 'updatable_views_with_limit': 'YES'}

[INFO] [2024-11-10 08:16:21,155] [autotune] Close db successfully
[INFO] [2024-11-10 08:16:21,155] [autotune] mysql is shut down
[INFO] [2024-11-10 08:16:21,157] [autotune] generated config file done
[INFO] [2024-11-10 08:16:21,186] [autotune] wait for connection
[INFO] [2024-11-10 08:16:52,247] [autotune] 2002: Can't connect to local MySQL server through socket '/var/run/mysqld/mysqld.sock' (2 No such file or directory)
[INFO] [2024-11-10 08:16:53,249] [autotune] 2002: Can't connect to local MySQL server through socket '/var/run/mysqld/mysqld.sock' (2 No such file or directory)
[INFO] [2024-11-10 08:16:54,251] [autotune] 2002: Can't connect to local MySQL server through socket '/var/run/mysqld/mysqld.sock' (2 No such file or directory)
[INFO] [2024-11-10 08:16:55,254] [autotune] 2002: Can't connect to local MySQL server through socket '/var/run/mysqld/mysqld.sock' (2 No such file or directory)
[INFO] [2024-11-10 08:16:56,256] [autotune] 2002: Can't connect to local MySQL server through socket '/var/run/mysqld/mysqld.sock' (2 No such file or directory)
[INFO] [2024-11-10 08:16:57,258] [autotune] 2002: Can't connect to local MySQL server through socket '/var/run/mysqld/mysqld.sock' (2 No such file or directory)
[INFO] [2024-11-10 08:16:58,261] [autotune] 2002: Can't connect to local MySQL server through socket '/var/run/mysqld/mysqld.sock' (2 No such file or directory)
[INFO] [2024-11-10 08:16:59,263] [autotune] 2002: Can't connect to local MySQL server through socket '/var/run/mysqld/mysqld.sock' (2 No such file or directory)
[INFO] [2024-11-10 08:17:00,266] [autotune] 2002: Can't connect to local MySQL server through socket '/var/run/mysqld/mysqld.sock' (2 No such file or directory)
[INFO] [2024-11-10 08:17:01,268] [autotune] 2002: Can't connect to local MySQL server through socket '/var/run/mysqld/mysqld.sock' (2 No such file or directory)
[INFO] [2024-11-10 08:17:02,270] [autotune] 2002: Can't connect to local MySQL server through socket '/var/run/mysqld/mysqld.sock' (2 No such file or directory)
[INFO] [2024-11-10 08:17:03,273] [autotune] 2002: Can't connect to local MySQL server through socket '/var/run/mysqld/mysqld.sock' (2 No such file or directory)
[INFO] [2024-11-10 08:17:04,275] [autotune] 2002: Can't connect to local MySQL server through socket '/var/run/mysqld/mysqld.sock' (2 No such file or directory)
[INFO] [2024-11-10 08:17:05,277] [autotune] 2002: Can't connect to local MySQL server through socket '/var/run/mysqld/mysqld.sock' (2 No such file or directory)
[INFO] [2024-11-10 08:17:06,280] [autotune] 2002: Can't connect to local MySQL server through socket '/var/run/mysqld/mysqld.sock' (2 No such file or directory)
[INFO] [2024-11-10 08:17:07,282] [autotune] 2002: Can't connect to local MySQL server through socket '/var/run/mysqld/mysqld.sock' (2 No such file or directory)
[INFO] [2024-11-10 08:17:08,284] [autotune] 2002: Can't connect to local MySQL server through socket '/var/run/mysqld/mysqld.sock' (2 No such file or directory)
[INFO] [2024-11-10 08:17:09,286] [autotune] 2002: Can't connect to local MySQL server through socket '/var/run/mysqld/mysqld.sock' (2 No such file or directory)
[INFO] [2024-11-10 08:17:10,289] [autotune] 2002: Can't connect to local MySQL server through socket '/var/run/mysqld/mysqld.sock' (2 No such file or directory)
[INFO] [2024-11-10 08:17:11,291] [autotune] 2002: Can't connect to local MySQL server through socket '/var/run/mysqld/mysqld.sock' (2 No such file or directory)
[INFO] [2024-11-10 08:17:12,293] [autotune] 2002: Can't connect to local MySQL server through socket '/var/run/mysqld/mysqld.sock' (2 No such file or directory)
[INFO] [2024-11-10 08:17:13,295] [autotune] 2002: Can't connect to local MySQL server through socket '/var/run/mysqld/mysqld.sock' (2 No such file or directory)
[INFO] [2024-11-10 08:17:14,298] [autotune] 2002: Can't connect to local MySQL server through socket '/var/run/mysqld/mysqld.sock' (2 No such file or directory)
[INFO] [2024-11-10 08:17:15,300] [autotune] 2002: Can't connect to local MySQL server through socket '/var/run/mysqld/mysqld.sock' (2 No such file or directory)
[INFO] [2024-11-10 08:17:16,302] [autotune] 2002: Can't connect to local MySQL server through socket '/var/run/mysqld/mysqld.sock' (2 No such file or directory)
[INFO] [2024-11-10 08:17:17,305] [autotune] 2002: Can't connect to local MySQL server through socket '/var/run/mysqld/mysqld.sock' (2 No such file or directory)
[INFO] [2024-11-10 08:17:18,307] [autotune] 2002: Can't connect to local MySQL server through socket '/var/run/mysqld/mysqld.sock' (2 No such file or directory)
[INFO] [2024-11-10 08:17:19,308] [autotune] 2002: Can't connect to local MySQL server through socket '/var/run/mysqld/mysqld.sock' (2 No such file or directory)
[INFO] [2024-11-10 08:17:20,311] [autotune] 2002: Can't connect to local MySQL server through socket '/var/run/mysqld/mysqld.sock' (2 No such file or directory)
[INFO] [2024-11-10 08:17:21,313] [autotune] 2002: Can't connect to local MySQL server through socket '/var/run/mysqld/mysqld.sock' (2 No such file or directory)
[INFO] [2024-11-10 08:17:22,315] [autotune] 2002: Can't connect to local MySQL server through socket '/var/run/mysqld/mysqld.sock' (2 No such file or directory)
[INFO] [2024-11-10 08:17:23,318] [autotune] 2002: Can't connect to local MySQL server through socket '/var/run/mysqld/mysqld.sock' (2 No such file or directory)
[INFO] [2024-11-10 08:17:24,320] [autotune] 2002: Can't connect to local MySQL server through socket '/var/run/mysqld/mysqld.sock' (2 No such file or directory)
[INFO] [2024-11-10 08:17:25,322] [autotune] 2002: Can't connect to local MySQL server through socket '/var/run/mysqld/mysqld.sock' (2 No such file or directory)
[INFO] [2024-11-10 08:17:26,324] [autotune] 2002: Can't connect to local MySQL server through socket '/var/run/mysqld/mysqld.sock' (2 No such file or directory)
[INFO] [2024-11-10 08:17:27,327] [autotune] 2002: Can't connect to local MySQL server through socket '/var/run/mysqld/mysqld.sock' (2 No such file or directory)
[INFO] [2024-11-10 08:17:28,329] [autotune] 2002: Can't connect to local MySQL server through socket '/var/run/mysqld/mysqld.sock' (2 No such file or directory)
[INFO] [2024-11-10 08:17:29,331] [autotune] 2002: Can't connect to local MySQL server through socket '/var/run/mysqld/mysqld.sock' (2 No such file or directory)
[INFO] [2024-11-10 08:17:30,333] [autotune] 2002: Can't connect to local MySQL server through socket '/var/run/mysqld/mysqld.sock' (2 No such file or directory)
[INFO] [2024-11-10 08:17:31,335] [autotune] 2002: Can't connect to local MySQL server through socket '/var/run/mysqld/mysqld.sock' (2 No such file or directory)
[INFO] [2024-11-10 08:17:32,338] [autotune] 2002: Can't connect to local MySQL server through socket '/var/run/mysqld/mysqld.sock' (2 No such file or directory)
[INFO] [2024-11-10 08:17:33,340] [autotune] 2002: Can't connect to local MySQL server through socket '/var/run/mysqld/mysqld.sock' (2 No such file or directory)
[INFO] [2024-11-10 08:17:34,342] [autotune] 2002: Can't connect to local MySQL server through socket '/var/run/mysqld/mysqld.sock' (2 No such file or directory)
[INFO] [2024-11-10 08:17:35,344] [autotune] 2002: Can't connect to local MySQL server through socket '/var/run/mysqld/mysqld.sock' (2 No such file or directory)
[INFO] [2024-11-10 08:17:36,347] [autotune] 2002: Can't connect to local MySQL server through socket '/var/run/mysqld/mysqld.sock' (2 No such file or directory)
[INFO] [2024-11-10 08:17:37,349] [autotune] 2002: Can't connect to local MySQL server through socket '/var/run/mysqld/mysqld.sock' (2 No such file or directory)
[INFO] [2024-11-10 08:17:38,351] [autotune] 2002: Can't connect to local MySQL server through socket '/var/run/mysqld/mysqld.sock' (2 No such file or directory)
[INFO] [2024-11-10 08:17:39,353] [autotune] 2002: Can't connect to local MySQL server through socket '/var/run/mysqld/mysqld.sock' (2 No such file or directory)
[INFO] [2024-11-10 08:17:40,355] [autotune] 2002: Can't connect to local MySQL server through socket '/var/run/mysqld/mysqld.sock' (2 No such file or directory)
[INFO] [2024-11-10 08:17:41,357] [autotune] 2002: Can't connect to local MySQL server through socket '/var/run/mysqld/mysqld.sock' (2 No such file or directory)
[INFO] [2024-11-10 08:17:42,359] [autotune] 2002: Can't connect to local MySQL server through socket '/var/run/mysqld/mysqld.sock' (2 No such file or directory)
[INFO] [2024-11-10 08:17:43,362] [autotune] 2002: Can't connect to local MySQL server through socket '/var/run/mysqld/mysqld.sock' (2 No such file or directory)
[INFO] [2024-11-10 08:17:44,364] [autotune] 2002: Can't connect to local MySQL server through socket '/var/run/mysqld/mysqld.sock' (2 No such file or directory)
[INFO] [2024-11-10 08:17:45,366] [autotune] 2002: Can't connect to local MySQL server through socket '/var/run/mysqld/mysqld.sock' (2 No such file or directory)
[INFO] [2024-11-10 08:17:46,368] [autotune] 2002: Can't connect to local MySQL server through socket '/var/run/mysqld/mysqld.sock' (2 No such file or directory)
[INFO] [2024-11-10 08:17:47,371] [autotune] 2002: Can't connect to local MySQL server through socket '/var/run/mysqld/mysqld.sock' (2 No such file or directory)
[INFO] [2024-11-10 08:17:48,373] [autotune] 2002: Can't connect to local MySQL server through socket '/var/run/mysqld/mysqld.sock' (2 No such file or directory)
[INFO] [2024-11-10 08:17:49,375] [autotune] 2002: Can't connect to local MySQL server through socket '/var/run/mysqld/mysqld.sock' (2 No such file or directory)
[INFO] [2024-11-10 08:17:50,378] [autotune] 2002: Can't connect to local MySQL server through socket '/var/run/mysqld/mysqld.sock' (2 No such file or directory)
[INFO] [2024-11-10 08:17:51,380] [autotune] 2002: Can't connect to local MySQL server through socket '/var/run/mysqld/mysqld.sock' (2 No such file or directory)
[INFO] [2024-11-10 08:17:52,383] [autotune] 2002: Can't connect to local MySQL server through socket '/var/run/mysqld/mysqld.sock' (2 No such file or directory)
[INFO] [2024-11-10 08:17:53,385] [autotune] 2002: Can't connect to local MySQL server through socket '/var/run/mysqld/mysqld.sock' (2 No such file or directory)
[INFO] [2024-11-10 08:17:54,387] [autotune] 2002: Can't connect to local MySQL server through socket '/var/run/mysqld/mysqld.sock' (2 No such file or directory)
[INFO] [2024-11-10 08:17:55,389] [autotune] 2002: Can't connect to local MySQL server through socket '/var/run/mysqld/mysqld.sock' (2 No such file or directory)
[INFO] [2024-11-10 08:17:56,392] [autotune] 2002: Can't connect to local MySQL server through socket '/var/run/mysqld/mysqld.sock' (2 No such file or directory)
[INFO] [2024-11-10 08:17:57,394] [autotune] 2002: Can't connect to local MySQL server through socket '/var/run/mysqld/mysqld.sock' (2 No such file or directory)
[INFO] [2024-11-10 08:17:58,397] [autotune] 2002: Can't connect to local MySQL server through socket '/var/run/mysqld/mysqld.sock' (2 No such file or directory)
[INFO] [2024-11-10 08:17:59,399] [autotune] 2002: Can't connect to local MySQL server through socket '/var/run/mysqld/mysqld.sock' (2 No such file or directory)
[INFO] [2024-11-10 08:18:00,401] [autotune] 2002: Can't connect to local MySQL server through socket '/var/run/mysqld/mysqld.sock' (2 No such file or directory)
[INFO] [2024-11-10 08:18:01,404] [autotune] 2002: Can't connect to local MySQL server through socket '/var/run/mysqld/mysqld.sock' (2 No such file or directory)
[INFO] [2024-11-10 08:18:02,406] [autotune] 2002: Can't connect to local MySQL server through socket '/var/run/mysqld/mysqld.sock' (2 No such file or directory)
[INFO] [2024-11-10 08:18:03,408] [autotune] 2002: Can't connect to local MySQL server through socket '/var/run/mysqld/mysqld.sock' (2 No such file or directory)
[INFO] [2024-11-10 08:18:04,411] [autotune] 2002: Can't connect to local MySQL server through socket '/var/run/mysqld/mysqld.sock' (2 No such file or directory)
[INFO] [2024-11-10 08:18:05,413] [autotune] 2002: Can't connect to local MySQL server through socket '/var/run/mysqld/mysqld.sock' (2 No such file or directory)
[INFO] [2024-11-10 08:18:06,415] [autotune] 2002: Can't connect to local MySQL server through socket '/var/run/mysqld/mysqld.sock' (2 No such file or directory)
[INFO] [2024-11-10 08:18:07,418] [autotune] 2002: Can't connect to local MySQL server through socket '/var/run/mysqld/mysqld.sock' (2 No such file or directory)
[INFO] [2024-11-10 08:18:08,420] [autotune] 2002: Can't connect to local MySQL server through socket '/var/run/mysqld/mysqld.sock' (2 No such file or directory)
[INFO] [2024-11-10 08:18:09,423] [autotune] 2002: Can't connect to local MySQL server through socket '/var/run/mysqld/mysqld.sock' (2 No such file or directory)
[INFO] [2024-11-10 08:18:10,425] [autotune] 2002: Can't connect to local MySQL server through socket '/var/run/mysqld/mysqld.sock' (2 No such file or directory)
[INFO] [2024-11-10 08:18:11,427] [autotune] 2002: Can't connect to local MySQL server through socket '/var/run/mysqld/mysqld.sock' (2 No such file or directory)
[INFO] [2024-11-10 08:18:12,430] [autotune] 2002: Can't connect to local MySQL server through socket '/var/run/mysqld/mysqld.sock' (2 No such file or directory)
[INFO] [2024-11-10 08:18:13,432] [autotune] 2002: Can't connect to local MySQL server through socket '/var/run/mysqld/mysqld.sock' (2 No such file or directory)
[INFO] [2024-11-10 08:18:14,434] [autotune] 2002: Can't connect to local MySQL server through socket '/var/run/mysqld/mysqld.sock' (2 No such file or directory)
[INFO] [2024-11-10 08:18:15,437] [autotune] 2002: Can't connect to local MySQL server through socket '/var/run/mysqld/mysqld.sock' (2 No such file or directory)
[INFO] [2024-11-10 08:18:16,439] [autotune] 2002: Can't connect to local MySQL server through socket '/var/run/mysqld/mysqld.sock' (2 No such file or directory)
[INFO] [2024-11-10 08:18:17,442] [autotune] 2002: Can't connect to local MySQL server through socket '/var/run/mysqld/mysqld.sock' (2 No such file or directory)
[INFO] [2024-11-10 08:18:18,444] [autotune] 2002: Can't connect to local MySQL server through socket '/var/run/mysqld/mysqld.sock' (2 No such file or directory)
[INFO] [2024-11-10 08:18:19,447] [autotune] 2002: Can't connect to local MySQL server through socket '/var/run/mysqld/mysqld.sock' (2 No such file or directory)
[INFO] [2024-11-10 08:18:20,449] [autotune] 2002: Can't connect to local MySQL server through socket '/var/run/mysqld/mysqld.sock' (2 No such file or directory)
[INFO] [2024-11-10 08:18:21,451] [autotune] 2002: Can't connect to local MySQL server through socket '/var/run/mysqld/mysqld.sock' (2 No such file or directory)
[INFO] [2024-11-10 08:18:22,454] [autotune] 2002: Can't connect to local MySQL server through socket '/var/run/mysqld/mysqld.sock' (2 No such file or directory)
[INFO] [2024-11-10 08:18:23,456] [autotune] 2002: Can't connect to local MySQL server through socket '/var/run/mysqld/mysqld.sock' (2 No such file or directory)
[INFO] [2024-11-10 08:18:24,459] [autotune] 2002: Can't connect to local MySQL server through socket '/var/run/mysqld/mysqld.sock' (2 No such file or directory)
[INFO] [2024-11-10 08:18:25,461] [autotune] 2002: Can't connect to local MySQL server through socket '/var/run/mysqld/mysqld.sock' (2 No such file or directory)
[INFO] [2024-11-10 08:18:26,463] [autotune] 2002: Can't connect to local MySQL server through socket '/var/run/mysqld/mysqld.sock' (2 No such file or directory)
[INFO] [2024-11-10 08:18:27,466] [autotune] 2002: Can't connect to local MySQL server through socket '/var/run/mysqld/mysqld.sock' (2 No such file or directory)
[INFO] [2024-11-10 08:18:28,468] [autotune] 2002: Can't connect to local MySQL server through socket '/var/run/mysqld/mysqld.sock' (2 No such file or directory)
[INFO] [2024-11-10 08:18:29,471] [autotune] 2002: Can't connect to local MySQL server through socket '/var/run/mysqld/mysqld.sock' (2 No such file or directory)
[INFO] [2024-11-10 08:18:30,473] [autotune] 2002: Can't connect to local MySQL server through socket '/var/run/mysqld/mysqld.sock' (2 No such file or directory)
[INFO] [2024-11-10 08:18:31,475] [autotune] 2002: Can't connect to local MySQL server through socket '/var/run/mysqld/mysqld.sock' (2 No such file or directory)
[INFO] [2024-11-10 08:18:32,478] [autotune] 2002: Can't connect to local MySQL server through socket '/var/run/mysqld/mysqld.sock' (2 No such file or directory)
[INFO] [2024-11-10 08:18:33,480] [autotune] 2002: Can't connect to local MySQL server through socket '/var/run/mysqld/mysqld.sock' (2 No such file or directory)
[INFO] [2024-11-10 08:18:34,483] [autotune] 2002: Can't connect to local MySQL server through socket '/var/run/mysqld/mysqld.sock' (2 No such file or directory)
[INFO] [2024-11-10 08:18:35,485] [autotune] 2002: Can't connect to local MySQL server through socket '/var/run/mysqld/mysqld.sock' (2 No such file or directory)
[INFO] [2024-11-10 08:18:36,488] [autotune] 2002: Can't connect to local MySQL server through socket '/var/run/mysqld/mysqld.sock' (2 No such file or directory)
[INFO] [2024-11-10 08:18:37,490] [autotune] 2002: Can't connect to local MySQL server through socket '/var/run/mysqld/mysqld.sock' (2 No such file or directory)
[INFO] [2024-11-10 08:18:38,493] [autotune] 2002: Can't connect to local MySQL server through socket '/var/run/mysqld/mysqld.sock' (2 No such file or directory)
[INFO] [2024-11-10 08:18:39,495] [autotune] 2002: Can't connect to local MySQL server through socket '/var/run/mysqld/mysqld.sock' (2 No such file or directory)
[INFO] [2024-11-10 08:18:40,500] [autotune] Connected to MySQL db
[INFO] [2024-11-10 08:18:40,500] [autotune] finish 139 seconds waiting for connection
[INFO] [2024-11-10 08:18:40,500] [autotune] /usr/sbin/mysqld --defaults-file=scripts/template/experiment_normandy.cnf
[INFO] [2024-11-10 08:18:40,500] [autotune] mysql is up
[INFO] [2024-11-10 08:18:40,501] [autotune] sleeping for 5 seconds after restarting mysql
[INFO] [2024-11-10 08:18:45,852] [autotune] [DBG]. bash /usr/local/lib/python3.8/dist-packages/autotune/cli/run_oltpbench.sh wikipedia /oltpbench/config/sample_wikipedia_config.xml 1731226725
[INFO] [2024-11-10 08:19:50,984] [DBTune-oltpbench_wikipedia_smac_ground_truth] Iteration 22, objective value: [2147483647].
[INFO] [2024-11-10 08:20:05,756] [autotune] [step 23] generate knobs: {'autocommit': 'OFF', 'automatic_sp_privileges': 'ON', 'back_log': 45731, 'binlog_cache_size': 2383109239, 'binlog_direct_non_transactional_updates': 'ON', 'binlog_error_action': 'ABORT_SERVER', 'binlog_format': 'ROW', 'binlog_group_commit_sync_delay': 942837, 'binlog_group_commit_sync_no_delay_count': 69974, 'binlog_order_commits': 'ON', 'binlog_row_image': 'minimal', 'binlog_rows_query_log_events': 'ON', 'binlog_stmt_cache_size': 3642003949, 'bulk_insert_buffer_size': 31019067, 'check_proxy_users': 'ON', 'completion_type': 'RELEASE', 'concurrent_insert': 'ALWAYS', 'connect_timeout': 31376174, 'default_week_format': 6, 'delay_key_write': 'ALL', 'div_precision_increment': 10, 'end_markers_in_json': 'OFF', 'eq_range_index_dive_limit': 1685258408, 'expire_logs_days': 64, 'explicit_defaults_for_timestamp': 'OFF', 'flush': 'OFF', 'flush_time': 5, 'ft_min_word_len': 7, 'ft_query_expansion_limit': 716, 'general_log': 'OFF', 'group_concat_max_len': 8975129548811765000, 'host_cache_size': 52063, 'innodb_adaptive_flushing': 'ON', 'innodb_adaptive_flushing_lwm': 52, 'innodb_adaptive_hash_index_parts': 255, 'innodb_adaptive_max_sleep_delay': 788434, 'innodb_api_bk_commit_interval': 978412673, 'innodb_api_disable_rowlock': 'ON', 'innodb_api_enable_binlog': 'OFF', 'innodb_api_enable_mdl': 'OFF', 'innodb_autoextend_increment': 518, 'innodb_buffer_pool_size': 29112859240, 'innodb_change_buffer_max_size': 45, 'innodb_change_buffering': 'none', 'innodb_cmp_per_index_enabled': 'OFF', 'innodb_commit_concurrency': 70, 'innodb_compression_failure_threshold_pct': 18, 'innodb_compression_level': 2, 'innodb_compression_pad_pct_max': 37, 'innodb_concurrency_tickets': 243324695, 'innodb_deadlock_detect': 'OFF', 'innodb_default_row_format': 'DYNAMIC', 'innodb_disable_sort_file_cache': 'ON', 'innodb_doublewrite': 'OFF', 'innodb_file_per_table': 'ON', 'innodb_fill_factor': 10, 'innodb_flush_log_at_timeout': 1827, 'innodb_flush_log_at_trx_commit': '0', 'innodb_flush_neighbors': '1', 'innodb_flush_sync': 'OFF', 'innodb_flushing_avg_loops': 103, 'innodb_ft_cache_size': 26295400, 'innodb_ft_enable_diag_print': 'ON', 'innodb_ft_enable_stopword': 'OFF', 'innodb_ft_max_token_size': 75, 'innodb_ft_min_token_size': 4, 'innodb_ft_num_word_optimize': 3009, 'innodb_ft_result_cache_limit': 2802814268, 'innodb_ft_sort_pll_degree': 10, 'innodb_ft_total_cache_size': 1020835907, 'innodb_io_capacity': 1497295, 'innodb_io_capacity_max': 244, 'innodb_log_buffer_size': 989757529, 'innodb_log_compressed_pages': 'OFF', 'innodb_log_file_size': 593883345, 'innodb_log_files_in_group': 10, 'innodb_log_write_ahead_size': 5730, 'innodb_lru_scan_depth': 2943, 'innodb_max_dirty_pages_pct': 51, 'innodb_max_dirty_pages_pct_lwm': 6, 'innodb_max_purge_lag': 3805924973, 'innodb_max_purge_lag_delay': 6091986, 'innodb_max_undo_log_size': 1079380758217072000, 'innodb_old_blocks_time': 3847808522, 'innodb_online_alter_log_max_size': 9601320747410812000, 'innodb_open_files': 489842, 'innodb_optimize_fulltext_only': 'ON', 'innodb_page_cleaners': 4, 'innodb_print_all_deadlocks': 'OFF', 'innodb_purge_batch_size': 1134, 'innodb_purge_rseg_truncate_frequency': 2, 'innodb_purge_threads': 7, 'innodb_random_read_ahead': 'ON', 'innodb_read_ahead_threshold': 62, 'innodb_read_io_threads': 4, 'innodb_replication_delay': 8004, 'innodb_rollback_on_timeout': 'OFF', 'innodb_rollback_segments': 77, 'innodb_sort_buffer_size': 44435694, 'innodb_spin_wait_delay': 5304, 'innodb_stats_auto_recalc': 'ON', 'innodb_stats_include_delete_marked': 'ON', 'innodb_stats_method': 'nulls_ignored', 'innodb_stats_on_metadata': 'OFF', 'innodb_stats_persistent': 'OFF', 'innodb_stats_transient_sample_pages': 92, 'innodb_strict_mode': 'ON', 'innodb_sync_array_size': 95, 'innodb_sync_spin_loops': 14977, 'innodb_table_locks': 'ON', 'innodb_thread_concurrency': 639, 'innodb_thread_sleep_delay': 753738, 'innodb_undo_log_truncate': 'ON', 'innodb_use_native_aio': 'OFF', 'innodb_write_io_threads': 28, 'join_buffer_size': 706682178, 'keep_files_on_create': 'OFF', 'key_buffer_size': 14984164541, 'key_cache_age_threshold': 275, 'key_cache_block_size': 16123, 'key_cache_division_limit': 3, 'local_infile': 'ON', 'log_bin_trust_function_creators': 'OFF', 'log_bin_use_v1_row_events': 'ON', 'log_builtin_as_identified_by_password': 'OFF', 'log_output': 'NONE', 'log_queries_not_using_indexes': 'ON', 'log_slave_updates': 'OFF', 'log_slow_admin_statements': 'ON', 'log_statements_unsafe_for_binlog': 'OFF', 'log_syslog_include_pid': 'ON', 'log_timestamps': 'SYSTEM', 'long_query_time': 19, 'low_priority_updates': 'OFF', 'lower_case_table_names': 1, 'master_verify_checksum': 'OFF', 'max_allowed_packet': 259083452, 'max_binlog_cache_size': 11294208880774862000, 'max_binlog_size': 355147950, 'max_binlog_stmt_cache_size': 18026738951006320000, 'max_connections': 11031, 'max_delayed_threads': 13010, 'max_digest_length': 235734, 'max_error_count': 2235, 'max_heap_table_size': 550335360, 'max_join_size': 8935148609841035000, 'max_length_for_sort_data': 685921, 'max_points_in_geometry': 431618, 'max_prepared_stmt_count': 1048105, 'max_seeks_for_key': 15419422189142864000, 'max_sort_length': 828906, 'max_user_connections': 280471300, 'max_write_lock_count': 877426173680234000, 'multi_range_count': 333623625, 'mysql_native_password_proxy_users': 'OFF', 'net_buffer_length': 746032, 'net_read_timeout': 44, 'net_write_timeout': 61, 'ngram_token_size': 7, 'offline_mode': 'OFF', 'old_alter_table': 'OFF', 'old_passwords': '0', 'open_files_limit': 269045, 'optimizer_prune_level': 1, 'optimizer_search_depth': 16, 'preload_buffer_size': 65890799, 'query_alloc_block_size': 61291145, 'query_cache_limit': 91127094, 'query_cache_min_res_unit': 28826, 'query_cache_size': 935937926, 'query_cache_wlock_invalidate': 'OFF', 'query_prealloc_size': 126283866, 'range_alloc_block_size': 37674, 'read_buffer_size': 2114973200, 'read_rnd_buffer_size': 58018969, 'require_secure_transport': 'ON', 'session_track_gtids': 'ALL_GTIDS', 'session_track_schema': 'OFF', 'session_track_state_change': 'OFF', 'session_track_transaction_info': 'OFF', 'show_compatibility_56': 'ON', 'skip_external_locking': 'OFF', 'skip_name_resolve': 'ON', 'skip_networking': 'OFF', 'slow_query_log': 'ON', 'sort_buffer_size': 75662546, 'stored_program_cache': 105703, 'sync_binlog': 1794465184, 'sync_frm': 'OFF', 'table_definition_cache': 172701, 'table_open_cache': 160964, 'table_open_cache_instances': 23, 'thread_cache_size': 794, 'tmp_table_size': 186369597, 'transaction_alloc_block_size': 93937, 'transaction_prealloc_size': 131033, 'updatable_views_with_limit': 'NO'}

[INFO] [2024-11-10 08:20:08,798] [autotune] Close db successfully
[INFO] [2024-11-10 08:20:08,799] [autotune] mysql is shut down
[INFO] [2024-11-10 08:20:08,801] [autotune] generated config file done
[INFO] [2024-11-10 08:20:08,829] [autotune] wait for connection
[INFO] [2024-11-10 08:20:39,890] [autotune] 2002: Can't connect to local MySQL server through socket '/var/run/mysqld/mysqld.sock' (2 No such file or directory)
[INFO] [2024-11-10 08:20:40,892] [autotune] 2002: Can't connect to local MySQL server through socket '/var/run/mysqld/mysqld.sock' (2 No such file or directory)
[INFO] [2024-11-10 08:20:41,895] [autotune] 2002: Can't connect to local MySQL server through socket '/var/run/mysqld/mysqld.sock' (2 No such file or directory)
[INFO] [2024-11-10 08:20:42,897] [autotune] 2002: Can't connect to local MySQL server through socket '/var/run/mysqld/mysqld.sock' (2 No such file or directory)
[INFO] [2024-11-10 08:20:43,899] [autotune] 2002: Can't connect to local MySQL server through socket '/var/run/mysqld/mysqld.sock' (2 No such file or directory)
[INFO] [2024-11-10 08:20:44,902] [autotune] 2002: Can't connect to local MySQL server through socket '/var/run/mysqld/mysqld.sock' (2 No such file or directory)
[INFO] [2024-11-10 08:20:45,904] [autotune] 2002: Can't connect to local MySQL server through socket '/var/run/mysqld/mysqld.sock' (2 No such file or directory)
[INFO] [2024-11-10 08:20:46,906] [autotune] 2002: Can't connect to local MySQL server through socket '/var/run/mysqld/mysqld.sock' (2 No such file or directory)
[INFO] [2024-11-10 08:20:47,909] [autotune] 2002: Can't connect to local MySQL server through socket '/var/run/mysqld/mysqld.sock' (2 No such file or directory)
[INFO] [2024-11-10 08:20:48,911] [autotune] 2002: Can't connect to local MySQL server through socket '/var/run/mysqld/mysqld.sock' (2 No such file or directory)
[INFO] [2024-11-10 08:20:49,914] [autotune] 2002: Can't connect to local MySQL server through socket '/var/run/mysqld/mysqld.sock' (2 No such file or directory)
[INFO] [2024-11-10 08:20:50,916] [autotune] 2002: Can't connect to local MySQL server through socket '/var/run/mysqld/mysqld.sock' (2 No such file or directory)
[INFO] [2024-11-10 08:20:51,918] [autotune] 2002: Can't connect to local MySQL server through socket '/var/run/mysqld/mysqld.sock' (2 No such file or directory)
[INFO] [2024-11-10 08:20:52,921] [autotune] 2002: Can't connect to local MySQL server through socket '/var/run/mysqld/mysqld.sock' (2 No such file or directory)
[INFO] [2024-11-10 08:20:53,923] [autotune] 2002: Can't connect to local MySQL server through socket '/var/run/mysqld/mysqld.sock' (2 No such file or directory)
[INFO] [2024-11-10 08:20:54,926] [autotune] 2002: Can't connect to local MySQL server through socket '/var/run/mysqld/mysqld.sock' (2 No such file or directory)
[INFO] [2024-11-10 08:20:55,928] [autotune] 2002: Can't connect to local MySQL server through socket '/var/run/mysqld/mysqld.sock' (2 No such file or directory)
[INFO] [2024-11-10 08:20:56,930] [autotune] 2002: Can't connect to local MySQL server through socket '/var/run/mysqld/mysqld.sock' (2 No such file or directory)
[INFO] [2024-11-10 08:20:57,933] [autotune] 2002: Can't connect to local MySQL server through socket '/var/run/mysqld/mysqld.sock' (2 No such file or directory)
[INFO] [2024-11-10 08:20:58,935] [autotune] 2002: Can't connect to local MySQL server through socket '/var/run/mysqld/mysqld.sock' (2 No such file or directory)
[INFO] [2024-11-10 08:20:59,937] [autotune] 2002: Can't connect to local MySQL server through socket '/var/run/mysqld/mysqld.sock' (2 No such file or directory)
[INFO] [2024-11-10 08:21:00,940] [autotune] 2002: Can't connect to local MySQL server through socket '/var/run/mysqld/mysqld.sock' (2 No such file or directory)
[INFO] [2024-11-10 08:21:01,942] [autotune] 2002: Can't connect to local MySQL server through socket '/var/run/mysqld/mysqld.sock' (2 No such file or directory)
[INFO] [2024-11-10 08:21:02,945] [autotune] 2002: Can't connect to local MySQL server through socket '/var/run/mysqld/mysqld.sock' (2 No such file or directory)
[INFO] [2024-11-10 08:21:03,947] [autotune] 2002: Can't connect to local MySQL server through socket '/var/run/mysqld/mysqld.sock' (2 No such file or directory)
[INFO] [2024-11-10 08:21:04,949] [autotune] 2002: Can't connect to local MySQL server through socket '/var/run/mysqld/mysqld.sock' (2 No such file or directory)
[INFO] [2024-11-10 08:21:05,952] [autotune] 2002: Can't connect to local MySQL server through socket '/var/run/mysqld/mysqld.sock' (2 No such file or directory)
[INFO] [2024-11-10 08:21:06,954] [autotune] 2002: Can't connect to local MySQL server through socket '/var/run/mysqld/mysqld.sock' (2 No such file or directory)
[INFO] [2024-11-10 08:21:07,956] [autotune] 2002: Can't connect to local MySQL server through socket '/var/run/mysqld/mysqld.sock' (2 No such file or directory)
[INFO] [2024-11-10 08:21:08,958] [autotune] 2002: Can't connect to local MySQL server through socket '/var/run/mysqld/mysqld.sock' (2 No such file or directory)
[INFO] [2024-11-10 08:21:09,961] [autotune] 2002: Can't connect to local MySQL server through socket '/var/run/mysqld/mysqld.sock' (2 No such file or directory)
[INFO] [2024-11-10 08:21:10,963] [autotune] 2002: Can't connect to local MySQL server through socket '/var/run/mysqld/mysqld.sock' (2 No such file or directory)
[INFO] [2024-11-10 08:21:11,965] [autotune] 2002: Can't connect to local MySQL server through socket '/var/run/mysqld/mysqld.sock' (2 No such file or directory)
[INFO] [2024-11-10 08:21:12,967] [autotune] 2002: Can't connect to local MySQL server through socket '/var/run/mysqld/mysqld.sock' (2 No such file or directory)
[INFO] [2024-11-10 08:21:13,969] [autotune] 2002: Can't connect to local MySQL server through socket '/var/run/mysqld/mysqld.sock' (2 No such file or directory)
[INFO] [2024-11-10 08:21:14,972] [autotune] 2002: Can't connect to local MySQL server through socket '/var/run/mysqld/mysqld.sock' (2 No such file or directory)
[INFO] [2024-11-10 08:21:15,974] [autotune] 2002: Can't connect to local MySQL server through socket '/var/run/mysqld/mysqld.sock' (2 No such file or directory)
[INFO] [2024-11-10 08:21:16,976] [autotune] 2002: Can't connect to local MySQL server through socket '/var/run/mysqld/mysqld.sock' (2 No such file or directory)
[INFO] [2024-11-10 08:21:17,978] [autotune] 2002: Can't connect to local MySQL server through socket '/var/run/mysqld/mysqld.sock' (2 No such file or directory)
[INFO] [2024-11-10 08:21:18,981] [autotune] 2002: Can't connect to local MySQL server through socket '/var/run/mysqld/mysqld.sock' (2 No such file or directory)
[INFO] [2024-11-10 08:21:19,983] [autotune] 2002: Can't connect to local MySQL server through socket '/var/run/mysqld/mysqld.sock' (2 No such file or directory)
[INFO] [2024-11-10 08:21:20,985] [autotune] 2002: Can't connect to local MySQL server through socket '/var/run/mysqld/mysqld.sock' (2 No such file or directory)
[INFO] [2024-11-10 08:21:21,988] [autotune] 2002: Can't connect to local MySQL server through socket '/var/run/mysqld/mysqld.sock' (2 No such file or directory)
[INFO] [2024-11-10 08:21:22,990] [autotune] 2002: Can't connect to local MySQL server through socket '/var/run/mysqld/mysqld.sock' (2 No such file or directory)
[INFO] [2024-11-10 08:21:23,992] [autotune] 2002: Can't connect to local MySQL server through socket '/var/run/mysqld/mysqld.sock' (2 No such file or directory)
[INFO] [2024-11-10 08:21:24,995] [autotune] 2002: Can't connect to local MySQL server through socket '/var/run/mysqld/mysqld.sock' (2 No such file or directory)
[INFO] [2024-11-10 08:21:25,996] [autotune] 2002: Can't connect to local MySQL server through socket '/var/run/mysqld/mysqld.sock' (2 No such file or directory)
[INFO] [2024-11-10 08:21:26,998] [autotune] 2002: Can't connect to local MySQL server through socket '/var/run/mysqld/mysqld.sock' (2 No such file or directory)
[INFO] [2024-11-10 08:21:28,001] [autotune] 2002: Can't connect to local MySQL server through socket '/var/run/mysqld/mysqld.sock' (2 No such file or directory)
[INFO] [2024-11-10 08:21:29,003] [autotune] 2002: Can't connect to local MySQL server through socket '/var/run/mysqld/mysqld.sock' (2 No such file or directory)
[INFO] [2024-11-10 08:21:30,006] [autotune] 2002: Can't connect to local MySQL server through socket '/var/run/mysqld/mysqld.sock' (2 No such file or directory)
[INFO] [2024-11-10 08:21:31,008] [autotune] 2002: Can't connect to local MySQL server through socket '/var/run/mysqld/mysqld.sock' (2 No such file or directory)
[INFO] [2024-11-10 08:21:32,010] [autotune] 2002: Can't connect to local MySQL server through socket '/var/run/mysqld/mysqld.sock' (2 No such file or directory)
[INFO] [2024-11-10 08:21:33,013] [autotune] 2002: Can't connect to local MySQL server through socket '/var/run/mysqld/mysqld.sock' (2 No such file or directory)
[INFO] [2024-11-10 08:21:34,015] [autotune] 2002: Can't connect to local MySQL server through socket '/var/run/mysqld/mysqld.sock' (2 No such file or directory)
[INFO] [2024-11-10 08:21:35,017] [autotune] 2002: Can't connect to local MySQL server through socket '/var/run/mysqld/mysqld.sock' (2 No such file or directory)
[INFO] [2024-11-10 08:21:36,020] [autotune] 2002: Can't connect to local MySQL server through socket '/var/run/mysqld/mysqld.sock' (2 No such file or directory)
[INFO] [2024-11-10 08:21:37,022] [autotune] 2002: Can't connect to local MySQL server through socket '/var/run/mysqld/mysqld.sock' (2 No such file or directory)
[INFO] [2024-11-10 08:21:38,024] [autotune] 2002: Can't connect to local MySQL server through socket '/var/run/mysqld/mysqld.sock' (2 No such file or directory)
[INFO] [2024-11-10 08:21:39,027] [autotune] 2002: Can't connect to local MySQL server through socket '/var/run/mysqld/mysqld.sock' (2 No such file or directory)
[INFO] [2024-11-10 08:21:40,029] [autotune] 2002: Can't connect to local MySQL server through socket '/var/run/mysqld/mysqld.sock' (2 No such file or directory)
[INFO] [2024-11-10 08:21:41,031] [autotune] 2002: Can't connect to local MySQL server through socket '/var/run/mysqld/mysqld.sock' (2 No such file or directory)
[INFO] [2024-11-10 08:21:42,033] [autotune] 2002: Can't connect to local MySQL server through socket '/var/run/mysqld/mysqld.sock' (2 No such file or directory)
[INFO] [2024-11-10 08:21:43,036] [autotune] 2002: Can't connect to local MySQL server through socket '/var/run/mysqld/mysqld.sock' (2 No such file or directory)
[INFO] [2024-11-10 08:21:44,038] [autotune] 2002: Can't connect to local MySQL server through socket '/var/run/mysqld/mysqld.sock' (2 No such file or directory)
[INFO] [2024-11-10 08:21:45,040] [autotune] 2002: Can't connect to local MySQL server through socket '/var/run/mysqld/mysqld.sock' (2 No such file or directory)
[INFO] [2024-11-10 08:21:46,043] [autotune] 2002: Can't connect to local MySQL server through socket '/var/run/mysqld/mysqld.sock' (2 No such file or directory)
[INFO] [2024-11-10 08:21:47,045] [autotune] 2002: Can't connect to local MySQL server through socket '/var/run/mysqld/mysqld.sock' (2 No such file or directory)
[INFO] [2024-11-10 08:21:48,048] [autotune] 2002: Can't connect to local MySQL server through socket '/var/run/mysqld/mysqld.sock' (2 No such file or directory)
[INFO] [2024-11-10 08:21:49,050] [autotune] 2002: Can't connect to local MySQL server through socket '/var/run/mysqld/mysqld.sock' (2 No such file or directory)
[INFO] [2024-11-10 08:21:50,052] [autotune] 2002: Can't connect to local MySQL server through socket '/var/run/mysqld/mysqld.sock' (2 No such file or directory)
[INFO] [2024-11-10 08:21:51,055] [autotune] 2002: Can't connect to local MySQL server through socket '/var/run/mysqld/mysqld.sock' (2 No such file or directory)
[INFO] [2024-11-10 08:21:52,057] [autotune] 2002: Can't connect to local MySQL server through socket '/var/run/mysqld/mysqld.sock' (2 No such file or directory)
[INFO] [2024-11-10 08:21:53,059] [autotune] 2002: Can't connect to local MySQL server through socket '/var/run/mysqld/mysqld.sock' (2 No such file or directory)
[INFO] [2024-11-10 08:21:54,061] [autotune] 2002: Can't connect to local MySQL server through socket '/var/run/mysqld/mysqld.sock' (2 No such file or directory)
[INFO] [2024-11-10 08:21:55,064] [autotune] 2002: Can't connect to local MySQL server through socket '/var/run/mysqld/mysqld.sock' (2 No such file or directory)
[INFO] [2024-11-10 08:21:56,066] [autotune] 2002: Can't connect to local MySQL server through socket '/var/run/mysqld/mysqld.sock' (2 No such file or directory)
[INFO] [2024-11-10 08:21:57,068] [autotune] 2002: Can't connect to local MySQL server through socket '/var/run/mysqld/mysqld.sock' (2 No such file or directory)
[INFO] [2024-11-10 08:21:58,071] [autotune] 2002: Can't connect to local MySQL server through socket '/var/run/mysqld/mysqld.sock' (2 No such file or directory)
[INFO] [2024-11-10 08:21:59,073] [autotune] 2002: Can't connect to local MySQL server through socket '/var/run/mysqld/mysqld.sock' (2 No such file or directory)
[INFO] [2024-11-10 08:22:00,075] [autotune] 2002: Can't connect to local MySQL server through socket '/var/run/mysqld/mysqld.sock' (2 No such file or directory)
[INFO] [2024-11-10 08:22:01,077] [autotune] 2002: Can't connect to local MySQL server through socket '/var/run/mysqld/mysqld.sock' (2 No such file or directory)
[INFO] [2024-11-10 08:22:02,079] [autotune] 2002: Can't connect to local MySQL server through socket '/var/run/mysqld/mysqld.sock' (2 No such file or directory)
[INFO] [2024-11-10 08:22:03,085] [autotune] Connected to MySQL db
[INFO] [2024-11-10 08:22:03,086] [autotune] finish 114 seconds waiting for connection
[INFO] [2024-11-10 08:22:03,086] [autotune] /usr/sbin/mysqld --defaults-file=scripts/template/experiment_normandy.cnf
[INFO] [2024-11-10 08:22:03,086] [autotune] mysql is up
[INFO] [2024-11-10 08:22:03,086] [autotune] sleeping for 5 seconds after restarting mysql
[INFO] [2024-11-10 08:22:08,446] [autotune] [DBG]. bash /usr/local/lib/python3.8/dist-packages/autotune/cli/run_oltpbench.sh wikipedia /oltpbench/config/sample_wikipedia_config.xml 1731226928
[INFO] [2024-11-10 08:23:13,582] [DBTune-oltpbench_wikipedia_smac_ground_truth] Iteration 23, objective value: [2147483647].
[INFO] [2024-11-10 08:23:29,090] [autotune] [step 24] generate knobs: {'autocommit': 'ON', 'automatic_sp_privileges': 'OFF', 'back_log': 46898, 'binlog_cache_size': 2907823380, 'binlog_direct_non_transactional_updates': 'OFF', 'binlog_error_action': 'IGNORE_ERROR', 'binlog_format': 'MIXED', 'binlog_group_commit_sync_delay': 59303, 'binlog_group_commit_sync_no_delay_count': 11738, 'binlog_order_commits': 'ON', 'binlog_row_image': 'noblob', 'binlog_rows_query_log_events': 'ON', 'binlog_stmt_cache_size': 2927068630, 'bulk_insert_buffer_size': 46403316, 'check_proxy_users': 'OFF', 'completion_type': 'CHAIN', 'concurrent_insert': 'AUTO', 'connect_timeout': 2917665, 'default_week_format': 7, 'delay_key_write': 'ON', 'div_precision_increment': 14, 'end_markers_in_json': 'ON', 'eq_range_index_dive_limit': 3319278832, 'expire_logs_days': 35, 'explicit_defaults_for_timestamp': 'ON', 'flush': 'ON', 'flush_time': 1, 'ft_min_word_len': 7, 'ft_query_expansion_limit': 243, 'general_log': 'OFF', 'group_concat_max_len': 17639142352876926000, 'host_cache_size': 19907, 'innodb_adaptive_flushing': 'ON', 'innodb_adaptive_flushing_lwm': 32, 'innodb_adaptive_hash_index_parts': 7, 'innodb_adaptive_max_sleep_delay': 816412, 'innodb_api_bk_commit_interval': 68493577, 'innodb_api_disable_rowlock': 'OFF', 'innodb_api_enable_binlog': 'OFF', 'innodb_api_enable_mdl': 'ON', 'innodb_autoextend_increment': 78, 'innodb_buffer_pool_size': 29540669192, 'innodb_change_buffer_max_size': 0, 'innodb_change_buffering': 'purges', 'innodb_cmp_per_index_enabled': 'OFF', 'innodb_commit_concurrency': 674, 'innodb_compression_failure_threshold_pct': 74, 'innodb_compression_level': 8, 'innodb_compression_pad_pct_max': 70, 'innodb_concurrency_tickets': 94558697, 'innodb_deadlock_detect': 'ON', 'innodb_default_row_format': 'REDUNDANT', 'innodb_disable_sort_file_cache': 'ON', 'innodb_doublewrite': 'OFF', 'innodb_file_per_table': 'OFF', 'innodb_fill_factor': 10, 'innodb_flush_log_at_timeout': 2440, 'innodb_flush_log_at_trx_commit': '0', 'innodb_flush_neighbors': '1', 'innodb_flush_sync': 'OFF', 'innodb_flushing_avg_loops': 907, 'innodb_ft_cache_size': 36181636, 'innodb_ft_enable_diag_print': 'OFF', 'innodb_ft_enable_stopword': 'ON', 'innodb_ft_max_token_size': 71, 'innodb_ft_min_token_size': 2, 'innodb_ft_num_word_optimize': 9307, 'innodb_ft_result_cache_limit': 3967036569, 'innodb_ft_sort_pll_degree': 10, 'innodb_ft_total_cache_size': 857437456, 'innodb_io_capacity': 1153213, 'innodb_io_capacity_max': 5754, 'innodb_log_buffer_size': 4086910205, 'innodb_log_compressed_pages': 'OFF', 'innodb_log_file_size': 250920037, 'innodb_log_files_in_group': 9, 'innodb_log_write_ahead_size': 7851, 'innodb_lru_scan_depth': 131, 'innodb_max_dirty_pages_pct': 10, 'innodb_max_dirty_pages_pct_lwm': 45, 'innodb_max_purge_lag': 3885634006, 'innodb_max_purge_lag_delay': 9468692, 'innodb_max_undo_log_size': 18151828923248900000, 'innodb_old_blocks_time': 5178207, 'innodb_online_alter_log_max_size': 11329092198353520000, 'innodb_open_files': 604059, 'innodb_optimize_fulltext_only': 'OFF', 'innodb_page_cleaners': 2, 'innodb_print_all_deadlocks': 'ON', 'innodb_purge_batch_size': 2976, 'innodb_purge_rseg_truncate_frequency': 10, 'innodb_purge_threads': 24, 'innodb_random_read_ahead': 'ON', 'innodb_read_ahead_threshold': 21, 'innodb_read_io_threads': 41, 'innodb_replication_delay': 3496, 'innodb_rollback_on_timeout': 'ON', 'innodb_rollback_segments': 93, 'innodb_sort_buffer_size': 24022099, 'innodb_spin_wait_delay': 580, 'innodb_stats_auto_recalc': 'ON', 'innodb_stats_include_delete_marked': 'ON', 'innodb_stats_method': 'nulls_equal', 'innodb_stats_on_metadata': 'OFF', 'innodb_stats_persistent': 'ON', 'innodb_stats_transient_sample_pages': 99, 'innodb_strict_mode': 'ON', 'innodb_sync_array_size': 153, 'innodb_sync_spin_loops': 4732, 'innodb_table_locks': 'OFF', 'innodb_thread_concurrency': 385, 'innodb_thread_sleep_delay': 172646, 'innodb_undo_log_truncate': 'ON', 'innodb_use_native_aio': 'ON', 'innodb_write_io_threads': 16, 'join_buffer_size': 451291122, 'keep_files_on_create': 'ON', 'key_buffer_size': 14432621299, 'key_cache_age_threshold': 4612, 'key_cache_block_size': 14130, 'key_cache_division_limit': 29, 'local_infile': 'ON', 'log_bin_trust_function_creators': 'ON', 'log_bin_use_v1_row_events': 'OFF', 'log_builtin_as_identified_by_password': 'ON', 'log_output': 'NONE', 'log_queries_not_using_indexes': 'OFF', 'log_slave_updates': 'OFF', 'log_slow_admin_statements': 'OFF', 'log_statements_unsafe_for_binlog': 'OFF', 'log_syslog_include_pid': 'ON', 'log_timestamps': 'SYSTEM', 'long_query_time': 10, 'low_priority_updates': 'OFF', 'lower_case_table_names': 2, 'master_verify_checksum': 'OFF', 'max_allowed_packet': 210479386, 'max_binlog_cache_size': 1412400450455494000, 'max_binlog_size': 707666382, 'max_binlog_stmt_cache_size': 9925394833651200000, 'max_connections': 54259, 'max_delayed_threads': 4986, 'max_digest_length': 776468, 'max_error_count': 57660, 'max_heap_table_size': 966201844, 'max_join_size': 17701914817336120000, 'max_length_for_sort_data': 6414627, 'max_points_in_geometry': 328626, 'max_prepared_stmt_count': 746077, 'max_seeks_for_key': 11109412010269984000, 'max_sort_length': 7127192, 'max_user_connections': 1397001683, 'max_write_lock_count': 9839400142854528000, 'multi_range_count': 115329813, 'mysql_native_password_proxy_users': 'ON', 'net_buffer_length': 135696, 'net_read_timeout': 59, 'net_write_timeout': 117, 'ngram_token_size': 5, 'offline_mode': 'OFF', 'old_alter_table': 'OFF', 'old_passwords': '0', 'open_files_limit': 474234, 'optimizer_prune_level': 0, 'optimizer_search_depth': 36, 'preload_buffer_size': 245859540, 'query_alloc_block_size': 100493877, 'query_cache_limit': 91670915, 'query_cache_min_res_unit': 61121, 'query_cache_size': 2081617248, 'query_cache_wlock_invalidate': 'OFF', 'query_prealloc_size': 107923606, 'range_alloc_block_size': 62334, 'read_buffer_size': 299207592, 'read_rnd_buffer_size': 109265961, 'require_secure_transport': 'OFF', 'session_track_gtids': 'ALL_GTIDS', 'session_track_schema': 'ON', 'session_track_state_change': 'OFF', 'session_track_transaction_info': 'OFF', 'show_compatibility_56': 'ON', 'skip_external_locking': 'ON', 'skip_name_resolve': 'OFF', 'skip_networking': 'ON', 'slow_query_log': 'ON', 'sort_buffer_size': 107916298, 'stored_program_cache': 280437, 'sync_binlog': 1856573150, 'sync_frm': 'OFF', 'table_definition_cache': 216688, 'table_open_cache': 177091, 'table_open_cache_instances': 33, 'thread_cache_size': 3088, 'tmp_table_size': 1034060161, 'transaction_alloc_block_size': 77843, 'transaction_prealloc_size': 15664, 'updatable_views_with_limit': 'NO'}

[INFO] [2024-11-10 08:23:33,131] [autotune] Close db successfully
[INFO] [2024-11-10 08:23:33,132] [autotune] mysql is shut down
[INFO] [2024-11-10 08:23:33,134] [autotune] generated config file done
[INFO] [2024-11-10 08:23:33,160] [autotune] wait for connection
[INFO] [2024-11-10 08:24:04,222] [autotune] 2002: Can't connect to local MySQL server through socket '/var/run/mysqld/mysqld.sock' (2 No such file or directory)
[INFO] [2024-11-10 08:24:05,224] [autotune] 2002: Can't connect to local MySQL server through socket '/var/run/mysqld/mysqld.sock' (2 No such file or directory)
[INFO] [2024-11-10 08:24:06,226] [autotune] 2002: Can't connect to local MySQL server through socket '/var/run/mysqld/mysqld.sock' (2 No such file or directory)
[INFO] [2024-11-10 08:24:07,229] [autotune] 2002: Can't connect to local MySQL server through socket '/var/run/mysqld/mysqld.sock' (2 No such file or directory)
[INFO] [2024-11-10 08:24:08,231] [autotune] 2002: Can't connect to local MySQL server through socket '/var/run/mysqld/mysqld.sock' (2 No such file or directory)
[INFO] [2024-11-10 08:24:09,234] [autotune] 2002: Can't connect to local MySQL server through socket '/var/run/mysqld/mysqld.sock' (2 No such file or directory)
[INFO] [2024-11-10 08:24:10,236] [autotune] 2002: Can't connect to local MySQL server through socket '/var/run/mysqld/mysqld.sock' (2 No such file or directory)
[INFO] [2024-11-10 08:24:11,238] [autotune] 2002: Can't connect to local MySQL server through socket '/var/run/mysqld/mysqld.sock' (2 No such file or directory)
[INFO] [2024-11-10 08:24:12,241] [autotune] 2002: Can't connect to local MySQL server through socket '/var/run/mysqld/mysqld.sock' (2 No such file or directory)
[INFO] [2024-11-10 08:24:13,243] [autotune] 2002: Can't connect to local MySQL server through socket '/var/run/mysqld/mysqld.sock' (2 No such file or directory)
[INFO] [2024-11-10 08:24:14,246] [autotune] 2002: Can't connect to local MySQL server through socket '/var/run/mysqld/mysqld.sock' (2 No such file or directory)
[INFO] [2024-11-10 08:24:15,248] [autotune] 2002: Can't connect to local MySQL server through socket '/var/run/mysqld/mysqld.sock' (2 No such file or directory)
[INFO] [2024-11-10 08:24:16,250] [autotune] 2002: Can't connect to local MySQL server through socket '/var/run/mysqld/mysqld.sock' (2 No such file or directory)
[INFO] [2024-11-10 08:24:17,255] [autotune] Connected to MySQL db
[INFO] [2024-11-10 08:24:17,256] [autotune] finish 44 seconds waiting for connection
[INFO] [2024-11-10 08:24:17,256] [autotune] /usr/sbin/mysqld --defaults-file=scripts/template/experiment_normandy.cnf
[INFO] [2024-11-10 08:24:17,256] [autotune] mysql is up
[INFO] [2024-11-10 08:24:17,256] [autotune] sleeping for 5 seconds after restarting mysql
[INFO] [2024-11-10 08:24:22,610] [autotune] [DBG]. bash /usr/local/lib/python3.8/dist-packages/autotune/cli/run_oltpbench.sh wikipedia /oltpbench/config/sample_wikipedia_config.xml 1731227062
[INFO] [2024-11-10 08:25:27,745] [DBTune-oltpbench_wikipedia_smac_ground_truth] Iteration 24, objective value: [2147483647].
[INFO] [2024-11-10 08:25:44,199] [autotune] [step 25] generate knobs: {'autocommit': 'ON', 'automatic_sp_privileges': 'ON', 'back_log': 27164, 'binlog_cache_size': 721852491, 'binlog_direct_non_transactional_updates': 'ON', 'binlog_error_action': 'ABORT_SERVER', 'binlog_format': 'STATEMENT', 'binlog_group_commit_sync_delay': 657860, 'binlog_group_commit_sync_no_delay_count': 65202, 'binlog_order_commits': 'OFF', 'binlog_row_image': 'minimal', 'binlog_rows_query_log_events': 'ON', 'binlog_stmt_cache_size': 3695174332, 'bulk_insert_buffer_size': 83102067, 'check_proxy_users': 'OFF', 'completion_type': 'RELEASE', 'concurrent_insert': 'AUTO', 'connect_timeout': 27926967, 'default_week_format': 4, 'delay_key_write': 'OFF', 'div_precision_increment': 2, 'end_markers_in_json': 'OFF', 'eq_range_index_dive_limit': 4012146134, 'expire_logs_days': 40, 'explicit_defaults_for_timestamp': 'OFF', 'flush': 'OFF', 'flush_time': 7, 'ft_min_word_len': 1, 'ft_query_expansion_limit': 75, 'general_log': 'OFF', 'group_concat_max_len': 11145468303676380000, 'host_cache_size': 14872, 'innodb_adaptive_flushing': 'ON', 'innodb_adaptive_flushing_lwm': 6, 'innodb_adaptive_hash_index_parts': 492, 'innodb_adaptive_max_sleep_delay': 396677, 'innodb_api_bk_commit_interval': 639982980, 'innodb_api_disable_rowlock': 'OFF', 'innodb_api_enable_binlog': 'OFF', 'innodb_api_enable_mdl': 'OFF', 'innodb_autoextend_increment': 941, 'innodb_buffer_pool_size': 21655701273, 'innodb_change_buffer_max_size': 16, 'innodb_change_buffering': 'all', 'innodb_cmp_per_index_enabled': 'OFF', 'innodb_commit_concurrency': 587, 'innodb_compression_failure_threshold_pct': 38, 'innodb_compression_level': 3, 'innodb_compression_pad_pct_max': 40, 'innodb_concurrency_tickets': 3291536857, 'innodb_deadlock_detect': 'ON', 'innodb_default_row_format': 'DYNAMIC', 'innodb_disable_sort_file_cache': 'OFF', 'innodb_doublewrite': 'OFF', 'innodb_file_per_table': 'ON', 'innodb_fill_factor': 73, 'innodb_flush_log_at_timeout': 2450, 'innodb_flush_log_at_trx_commit': '0', 'innodb_flush_neighbors': '0', 'innodb_flush_sync': 'OFF', 'innodb_flushing_avg_loops': 415, 'innodb_ft_cache_size': 33558749, 'innodb_ft_enable_diag_print': 'ON', 'innodb_ft_enable_stopword': 'OFF', 'innodb_ft_max_token_size': 77, 'innodb_ft_min_token_size': 0, 'innodb_ft_num_word_optimize': 6603, 'innodb_ft_result_cache_limit': 3051741165, 'innodb_ft_sort_pll_degree': 6, 'innodb_ft_total_cache_size': 39245203, 'innodb_io_capacity': 381206, 'innodb_io_capacity_max': 24898, 'innodb_log_buffer_size': 3209360167, 'innodb_log_compressed_pages': 'ON', 'innodb_log_file_size': 946377490, 'innodb_log_files_in_group': 9, 'innodb_log_write_ahead_size': 3291, 'innodb_lru_scan_depth': 2332, 'innodb_max_dirty_pages_pct': 46, 'innodb_max_dirty_pages_pct_lwm': 85, 'innodb_max_purge_lag': 3669396357, 'innodb_max_purge_lag_delay': 9432701, 'innodb_max_undo_log_size': 8577170982928595000, 'innodb_old_blocks_time': 3977509365, 'innodb_online_alter_log_max_size': 5529295700991654000, 'innodb_open_files': 638611, 'innodb_optimize_fulltext_only': 'ON', 'innodb_page_cleaners': 3, 'innodb_print_all_deadlocks': 'ON', 'innodb_purge_batch_size': 611, 'innodb_purge_rseg_truncate_frequency': 64, 'innodb_purge_threads': 12, 'innodb_random_read_ahead': 'OFF', 'innodb_read_ahead_threshold': 20, 'innodb_read_io_threads': 52, 'innodb_replication_delay': 9721, 'innodb_rollback_on_timeout': 'OFF', 'innodb_rollback_segments': 59, 'innodb_sort_buffer_size': 7187141, 'innodb_spin_wait_delay': 897, 'innodb_stats_auto_recalc': 'OFF', 'innodb_stats_include_delete_marked': 'ON', 'innodb_stats_method': 'nulls_ignored', 'innodb_stats_on_metadata': 'ON', 'innodb_stats_persistent': 'OFF', 'innodb_stats_transient_sample_pages': 80, 'innodb_strict_mode': 'ON', 'innodb_sync_array_size': 156, 'innodb_sync_spin_loops': 3615, 'innodb_table_locks': 'OFF', 'innodb_thread_concurrency': 957, 'innodb_thread_sleep_delay': 31751, 'innodb_undo_log_truncate': 'ON', 'innodb_use_native_aio': 'ON', 'innodb_write_io_threads': 7, 'join_buffer_size': 296502947, 'keep_files_on_create': 'ON', 'key_buffer_size': 10728788541, 'key_cache_age_threshold': 11174, 'key_cache_block_size': 14803, 'key_cache_division_limit': 93, 'local_infile': 'OFF', 'log_bin_trust_function_creators': 'OFF', 'log_bin_use_v1_row_events': 'OFF', 'log_builtin_as_identified_by_password': 'ON', 'log_output': 'FILE', 'log_queries_not_using_indexes': 'ON', 'log_slave_updates': 'OFF', 'log_slow_admin_statements': 'ON', 'log_statements_unsafe_for_binlog': 'OFF', 'log_syslog_include_pid': 'OFF', 'log_timestamps': 'SYSTEM', 'long_query_time': 13, 'low_priority_updates': 'ON', 'lower_case_table_names': 0, 'master_verify_checksum': 'ON', 'max_allowed_packet': 418051868, 'max_binlog_cache_size': 4124644353791364000, 'max_binlog_size': 784986342, 'max_binlog_stmt_cache_size': 6222067773130143000, 'max_connections': 30086, 'max_delayed_threads': 16114, 'max_digest_length': 495272, 'max_error_count': 18798, 'max_heap_table_size': 38697670, 'max_join_size': 16487667954518356000, 'max_length_for_sort_data': 2955058, 'max_points_in_geometry': 288288, 'max_prepared_stmt_count': 672297, 'max_seeks_for_key': 10830808943230512000, 'max_sort_length': 8142997, 'max_user_connections': 502544857, 'max_write_lock_count': 2158568766732173000, 'multi_range_count': 1606002094, 'mysql_native_password_proxy_users': 'OFF', 'net_buffer_length': 305408, 'net_read_timeout': 6, 'net_write_timeout': 107, 'ngram_token_size': 5, 'offline_mode': 'OFF', 'old_alter_table': 'OFF', 'old_passwords': '2', 'open_files_limit': 397282, 'optimizer_prune_level': 1, 'optimizer_search_depth': 53, 'preload_buffer_size': 966435821, 'query_alloc_block_size': 16651180, 'query_cache_limit': 117665278, 'query_cache_min_res_unit': 45403, 'query_cache_size': 831259122, 'query_cache_wlock_invalidate': 'OFF', 'query_prealloc_size': 125302748, 'range_alloc_block_size': 10072, 'read_buffer_size': 915700460, 'read_rnd_buffer_size': 18636309, 'require_secure_transport': 'OFF', 'session_track_gtids': 'OFF', 'session_track_schema': 'ON', 'session_track_state_change': 'OFF', 'session_track_transaction_info': 'OFF', 'show_compatibility_56': 'ON', 'skip_external_locking': 'OFF', 'skip_name_resolve': 'OFF', 'skip_networking': 'OFF', 'slow_query_log': 'ON', 'sort_buffer_size': 50160177, 'stored_program_cache': 291619, 'sync_binlog': 382176665, 'sync_frm': 'OFF', 'table_definition_cache': 101922, 'table_open_cache': 96480, 'table_open_cache_instances': 25, 'thread_cache_size': 8142, 'tmp_table_size': 650614991, 'transaction_alloc_block_size': 70373, 'transaction_prealloc_size': 8828, 'updatable_views_with_limit': 'NO'}

[INFO] [2024-11-10 08:25:48,242] [autotune] Close db successfully
[INFO] [2024-11-10 08:25:48,243] [autotune] mysql is shut down
[INFO] [2024-11-10 08:25:48,245] [autotune] generated config file done
[INFO] [2024-11-10 08:25:48,274] [autotune] wait for connection
[INFO] [2024-11-10 08:26:19,335] [autotune] 2002: Can't connect to local MySQL server through socket '/var/run/mysqld/mysqld.sock' (2 No such file or directory)
[INFO] [2024-11-10 08:26:20,337] [autotune] 2002: Can't connect to local MySQL server through socket '/var/run/mysqld/mysqld.sock' (2 No such file or directory)
[INFO] [2024-11-10 08:26:21,340] [autotune] 2002: Can't connect to local MySQL server through socket '/var/run/mysqld/mysqld.sock' (2 No such file or directory)
[INFO] [2024-11-10 08:26:22,342] [autotune] 2002: Can't connect to local MySQL server through socket '/var/run/mysqld/mysqld.sock' (2 No such file or directory)
[INFO] [2024-11-10 08:26:23,344] [autotune] 2002: Can't connect to local MySQL server through socket '/var/run/mysqld/mysqld.sock' (2 No such file or directory)
[INFO] [2024-11-10 08:26:24,347] [autotune] 2002: Can't connect to local MySQL server through socket '/var/run/mysqld/mysqld.sock' (2 No such file or directory)
[INFO] [2024-11-10 08:26:25,349] [autotune] 2002: Can't connect to local MySQL server through socket '/var/run/mysqld/mysqld.sock' (2 No such file or directory)
[INFO] [2024-11-10 08:26:26,351] [autotune] 2002: Can't connect to local MySQL server through socket '/var/run/mysqld/mysqld.sock' (2 No such file or directory)
[INFO] [2024-11-10 08:26:27,353] [autotune] 2002: Can't connect to local MySQL server through socket '/var/run/mysqld/mysqld.sock' (2 No such file or directory)
[INFO] [2024-11-10 08:26:28,356] [autotune] 2002: Can't connect to local MySQL server through socket '/var/run/mysqld/mysqld.sock' (2 No such file or directory)
[INFO] [2024-11-10 08:26:29,358] [autotune] 2002: Can't connect to local MySQL server through socket '/var/run/mysqld/mysqld.sock' (2 No such file or directory)
[INFO] [2024-11-10 08:26:30,361] [autotune] 2002: Can't connect to local MySQL server through socket '/var/run/mysqld/mysqld.sock' (2 No such file or directory)
[INFO] [2024-11-10 08:26:31,363] [autotune] 2002: Can't connect to local MySQL server through socket '/var/run/mysqld/mysqld.sock' (2 No such file or directory)
[INFO] [2024-11-10 08:26:32,365] [autotune] 2002: Can't connect to local MySQL server through socket '/var/run/mysqld/mysqld.sock' (2 No such file or directory)
[INFO] [2024-11-10 08:26:33,368] [autotune] 2002: Can't connect to local MySQL server through socket '/var/run/mysqld/mysqld.sock' (2 No such file or directory)
[INFO] [2024-11-10 08:26:34,370] [autotune] 2002: Can't connect to local MySQL server through socket '/var/run/mysqld/mysqld.sock' (2 No such file or directory)
[INFO] [2024-11-10 08:26:35,372] [autotune] 2002: Can't connect to local MySQL server through socket '/var/run/mysqld/mysqld.sock' (2 No such file or directory)
[INFO] [2024-11-10 08:26:36,374] [autotune] 2002: Can't connect to local MySQL server through socket '/var/run/mysqld/mysqld.sock' (2 No such file or directory)
[INFO] [2024-11-10 08:26:37,377] [autotune] 2002: Can't connect to local MySQL server through socket '/var/run/mysqld/mysqld.sock' (2 No such file or directory)
[INFO] [2024-11-10 08:26:38,379] [autotune] 2002: Can't connect to local MySQL server through socket '/var/run/mysqld/mysqld.sock' (2 No such file or directory)
[INFO] [2024-11-10 08:26:39,381] [autotune] 2002: Can't connect to local MySQL server through socket '/var/run/mysqld/mysqld.sock' (2 No such file or directory)
[INFO] [2024-11-10 08:26:40,384] [autotune] 2002: Can't connect to local MySQL server through socket '/var/run/mysqld/mysqld.sock' (2 No such file or directory)
[INFO] [2024-11-10 08:26:41,386] [autotune] 2002: Can't connect to local MySQL server through socket '/var/run/mysqld/mysqld.sock' (2 No such file or directory)
[INFO] [2024-11-10 08:26:42,389] [autotune] 2002: Can't connect to local MySQL server through socket '/var/run/mysqld/mysqld.sock' (2 No such file or directory)
[INFO] [2024-11-10 08:26:43,391] [autotune] 2002: Can't connect to local MySQL server through socket '/var/run/mysqld/mysqld.sock' (2 No such file or directory)
[INFO] [2024-11-10 08:26:44,393] [autotune] 2002: Can't connect to local MySQL server through socket '/var/run/mysqld/mysqld.sock' (2 No such file or directory)
[INFO] [2024-11-10 08:26:45,396] [autotune] 2002: Can't connect to local MySQL server through socket '/var/run/mysqld/mysqld.sock' (2 No such file or directory)
[INFO] [2024-11-10 08:26:46,398] [autotune] 2002: Can't connect to local MySQL server through socket '/var/run/mysqld/mysqld.sock' (2 No such file or directory)
[INFO] [2024-11-10 08:26:47,401] [autotune] 2002: Can't connect to local MySQL server through socket '/var/run/mysqld/mysqld.sock' (2 No such file or directory)
[INFO] [2024-11-10 08:26:48,403] [autotune] 2002: Can't connect to local MySQL server through socket '/var/run/mysqld/mysqld.sock' (2 No such file or directory)
[INFO] [2024-11-10 08:26:49,405] [autotune] 2002: Can't connect to local MySQL server through socket '/var/run/mysqld/mysqld.sock' (2 No such file or directory)
[INFO] [2024-11-10 08:26:50,408] [autotune] 2002: Can't connect to local MySQL server through socket '/var/run/mysqld/mysqld.sock' (2 No such file or directory)
[INFO] [2024-11-10 08:26:51,410] [autotune] 2002: Can't connect to local MySQL server through socket '/var/run/mysqld/mysqld.sock' (2 No such file or directory)
[INFO] [2024-11-10 08:26:52,412] [autotune] 2002: Can't connect to local MySQL server through socket '/var/run/mysqld/mysqld.sock' (2 No such file or directory)
[INFO] [2024-11-10 08:26:53,415] [autotune] 2002: Can't connect to local MySQL server through socket '/var/run/mysqld/mysqld.sock' (2 No such file or directory)
[INFO] [2024-11-10 08:26:54,417] [autotune] 2002: Can't connect to local MySQL server through socket '/var/run/mysqld/mysqld.sock' (2 No such file or directory)
[INFO] [2024-11-10 08:26:55,419] [autotune] 2002: Can't connect to local MySQL server through socket '/var/run/mysqld/mysqld.sock' (2 No such file or directory)
[INFO] [2024-11-10 08:26:56,422] [autotune] 2002: Can't connect to local MySQL server through socket '/var/run/mysqld/mysqld.sock' (2 No such file or directory)
[INFO] [2024-11-10 08:26:57,424] [autotune] 2002: Can't connect to local MySQL server through socket '/var/run/mysqld/mysqld.sock' (2 No such file or directory)
[INFO] [2024-11-10 08:26:58,426] [autotune] 2002: Can't connect to local MySQL server through socket '/var/run/mysqld/mysqld.sock' (2 No such file or directory)
[INFO] [2024-11-10 08:26:59,428] [autotune] 2002: Can't connect to local MySQL server through socket '/var/run/mysqld/mysqld.sock' (2 No such file or directory)
[INFO] [2024-11-10 08:27:00,430] [autotune] 2002: Can't connect to local MySQL server through socket '/var/run/mysqld/mysqld.sock' (2 No such file or directory)
[INFO] [2024-11-10 08:27:01,433] [autotune] 2002: Can't connect to local MySQL server through socket '/var/run/mysqld/mysqld.sock' (2 No such file or directory)
[INFO] [2024-11-10 08:27:02,435] [autotune] 2002: Can't connect to local MySQL server through socket '/var/run/mysqld/mysqld.sock' (2 No such file or directory)
[INFO] [2024-11-10 08:27:03,437] [autotune] 2002: Can't connect to local MySQL server through socket '/var/run/mysqld/mysqld.sock' (2 No such file or directory)
[INFO] [2024-11-10 08:27:04,440] [autotune] 2002: Can't connect to local MySQL server through socket '/var/run/mysqld/mysqld.sock' (2 No such file or directory)
[INFO] [2024-11-10 08:27:05,442] [autotune] 2002: Can't connect to local MySQL server through socket '/var/run/mysqld/mysqld.sock' (2 No such file or directory)
[INFO] [2024-11-10 08:27:06,445] [autotune] 2002: Can't connect to local MySQL server through socket '/var/run/mysqld/mysqld.sock' (2 No such file or directory)
[INFO] [2024-11-10 08:27:07,447] [autotune] 2002: Can't connect to local MySQL server through socket '/var/run/mysqld/mysqld.sock' (2 No such file or directory)
[INFO] [2024-11-10 08:27:08,449] [autotune] 2002: Can't connect to local MySQL server through socket '/var/run/mysqld/mysqld.sock' (2 No such file or directory)
[INFO] [2024-11-10 08:27:09,452] [autotune] 2002: Can't connect to local MySQL server through socket '/var/run/mysqld/mysqld.sock' (2 No such file or directory)
[INFO] [2024-11-10 08:27:10,454] [autotune] 2002: Can't connect to local MySQL server through socket '/var/run/mysqld/mysqld.sock' (2 No such file or directory)
[INFO] [2024-11-10 08:27:11,456] [autotune] 2002: Can't connect to local MySQL server through socket '/var/run/mysqld/mysqld.sock' (2 No such file or directory)
[INFO] [2024-11-10 08:27:12,458] [autotune] 2002: Can't connect to local MySQL server through socket '/var/run/mysqld/mysqld.sock' (2 No such file or directory)
[INFO] [2024-11-10 08:27:13,461] [autotune] 2002: Can't connect to local MySQL server through socket '/var/run/mysqld/mysqld.sock' (2 No such file or directory)
[INFO] [2024-11-10 08:27:14,463] [autotune] 2002: Can't connect to local MySQL server through socket '/var/run/mysqld/mysqld.sock' (2 No such file or directory)
